-0.093457,0.001918,0.689179,-0.011356,0.025356,0.023942,0.999327,-0.028995,-0.054330,0.033584,-1.472202,0.000126,-0.394385,0.279881,1.528102,-0.319497,0.675968,-0.062730,-0.144197,-0.026354,0.049927,0.345267,-0.306825,0.051006,-0.157300,-0.096490,-0.033104,0.343783,-0.303734,0.153734
-0.093728,0.002095,0.689401,-0.012748,0.026038,0.024322,0.999284,-0.029750,-0.057111,0.001543,-1.471496,0.000180,-0.367821,0.257697,1.532321,-0.338876,0.671122,-0.063437,-0.149001,-0.023590,0.049799,0.351277,-0.310024,0.052082,-0.176462,-0.095553,-0.040230,0.381883,-0.290079,0.162824
-0.094341,0.002270,0.689805,-0.014484,0.026677,0.024449,0.999240,-0.030499,-0.059828,-0.033629,-1.471501,0.000259,-0.343022,0.231919,1.536454,-0.355306,0.665084,-0.063399,-0.154281,-0.019816,0.049588,0.357439,-0.314149,0.055124,-0.197546,-0.095072,-0.048223,0.424358,-0.278491,0.165500
-0.095176,0.002471,0.690139,-0.016206,0.027304,0.024260,0.999201,-0.031227,-0.062396,-0.070329,-1.472088,0.000510,-0.321043,0.203938,1.540020,-0.368658,0.659125,-0.062752,-0.160263,-0.016140,0.048589,0.364703,-0.317705,0.057282,-0.220250,-0.095216,-0.056073,0.470561,-0.270360,0.161703
-0.096052,0.002428,0.690763,-0.019343,0.028338,0.024676,0.999107,-0.032618,-0.067318,-0.135987,-1.477828,0.004058,-0.276826,0.154948,1.548421,-0.397820,0.649760,-0.062592,-0.170076,-0.009407,0.047043,0.377370,-0.324811,0.060851,-0.260801,-0.094676,-0.070849,0.553786,-0.258568,0.155720
-0.097823,0.002762,0.691441,-0.022888,0.028943,0.024281,0.999024,-0.033987,-0.071830,-0.209074,-1.480313,0.004444,-0.241574,0.098589,1.554194,-0.419637,0.640778,-0.060277,-0.180502,-0.001960,0.044140,0.391151,-0.332089,0.063510,-0.305670,-0.093890,-0.085936,0.645267,-0.245772,0.144457
-0.099955,0.003037,0.692004,-0.026736,0.029371,0.023287,0.998940,-0.035263,-0.075687,-0.284404,-1.485043,0.004967,-0.218261,0.037854,1.558038,-0.431713,0.633038,-0.055690,-0.190942,0.006143,0.040384,0.405165,-0.338178,0.065245,-0.353126,-0.092613,-0.100533,0.740125,-0.234814,0.128893
-0.102307,0.003355,0.692427,-0.030524,0.029645,0.021603,0.998861,-0.036416,-0.078685,-0.359056,-1.492187,0.005614,-0.209311,-0.025316,1.559793,-0.433224,0.628294,-0.048766,-0.200920,0.014144,0.036080,0.418676,-0.343286,0.065822,-0.401375,-0.090869,-0.113230,0.832324,-0.231051,0.108686
-0.104621,0.003696,0.692662,-0.034034,0.029952,0.019983,0.998772,-0.037431,-0.080717,-0.430896,-1.502448,0.006366,-0.216557,-0.088007,1.559347,-0.424784,0.628542,-0.042219,-0.210440,0.021098,0.030518,0.431407,-0.347269,0.064376,-0.448694,-0.087867,-0.122828,0.916583,-0.236593,0.085544
-0.106663,0.004101,0.692649,-0.037040,0.030363,0.018050,0.998689,-0.038305,-0.081735,-0.497062,-1.514706,0.007398,-0.240569,-0.148217,1.556098,-0.406050,0.635559,-0.035153,-0.219438,0.026776,0.024657,0.443586,-0.350730,0.060439,-0.494198,-0.083574,-0.129528,0.989011,-0.244997,0.066975
-0.108396,0.004515,0.692553,-0.039737,0.030853,0.015878,0.998608,-0.039037,-0.081772,-0.556796,-1.528027,0.008539,-0.282420,-0.204652,1.550783,-0.377857,0.650185,-0.026851,-0.227763,0.031865,0.019541,0.455116,-0.354301,0.057867,-0.536677,-0.078048,-0.134268,1.046072,-0.253378,0.056259
-0.110069,0.005447,0.692327,-0.041847,0.031590,0.013634,0.998531,-0.039647,-0.080933,-0.610230,-1.538119,0.006584,-0.345467,-0.257991,1.543037,-0.341724,0.673712,-0.018975,-0.236753,0.035239,0.015384,0.467237,-0.358935,0.054318,-0.576043,-0.072731,-0.137234,1.085938,-0.261651,0.053369
-0.111004,0.005886,0.691798,-0.043440,0.033019,0.011038,0.998449,-0.040135,-0.079336,-0.653472,-1.553389,0.008259,-0.426946,-0.306059,1.535507,-0.299840,0.708898,-0.011760,-0.246875,0.037994,0.012538,0.481268,-0.364334,0.050874,-0.611257,-0.067110,-0.139727,1.106673,-0.269077,0.055850
-0.111450,0.006452,0.691334,-0.044423,0.034967,0.008208,0.998367,-0.040505,-0.077138,-0.688360,-1.570133,0.010227,-0.527063,-0.348154,1.527136,-0.255727,0.758329,-0.006296,-0.258459,0.039483,0.010711,0.497525,-0.373514,0.045079,-0.642370,-0.062050,-0.141596,1.109539,-0.274506,0.060868
-0.111372,0.006918,0.690382,-0.044748,0.037382,0.005342,0.998284,-0.040760,-0.074509,-0.714579,-1.586430,0.012456,-0.645076,-0.383528,1.518887,-0.212192,0.824338,-0.002201,-0.271927,0.039775,0.009986,0.517958,-0.385038,0.040313,-0.669260,-0.057723,-0.143349,1.096286,-0.276574,0.068251
-0.110659,0.007340,0.688961,-0.044414,0.040258,0.002352,0.998199,-0.040899,-0.071598,-0.733202,-1.601170,0.014969,-0.779692,-0.411843,1.510881,-0.172143,0.908074,0.001482,-0.287705,0.038860,0.010581,0.542764,-0.399840,0.037682,-0.692319,-0.054903,-0.145178,1.068764,-0.275823,0.076264
-0.109318,0.007549,0.686777,-0.043506,0.043573,-0.000663,0.998102,-0.040920,-0.068572,-0.746525,-1.613887,0.017558,-0.927605,-0.433847,1.504774,-0.137495,1.010045,0.004531,-0.305980,0.036462,0.011332,0.572922,-0.416105,0.035467,-0.711980,-0.052834,-0.145649,1.029849,-0.272716,0.083721
-0.107248,0.007471,0.684028,-0.041978,0.047446,-0.003545,0.997985,-0.040824,-0.065574,-0.756128,-1.624961,0.020275,-1.083756,-0.451200,1.500595,-0.108694,1.128996,0.006085,-0.326880,0.032335,0.011232,0.607881,-0.434917,0.031631,-0.728882,-0.050727,-0.143764,0.981811,-0.269465,0.091889
-0.104492,0.007162,0.680335,-0.039924,0.052062,-0.006360,0.997825,-0.040603,-0.062751,-0.764677,-1.634207,0.023087,-1.240760,-0.464596,1.497680,-0.085986,1.261472,0.007845,-0.350557,0.026822,0.010152,0.647735,-0.453957,0.028366,-0.744629,-0.049052,-0.138557,0.930041,-0.267765,0.100458
-0.101107,0.006653,0.676035,-0.037425,0.057210,-0.009202,0.997618,-0.040252,-0.060225,-0.774040,-1.640370,0.025546,-1.393191,-0.476561,1.496171,-0.068702,1.402109,0.010246,-0.376777,0.019584,0.007784,0.691252,-0.474907,0.025796,-0.760178,-0.047873,-0.129915,0.879610,-0.267613,0.109378
-0.097225,0.005763,0.670724,-0.034447,0.062810,-0.011791,0.997361,-0.039774,-0.058077,-0.784890,-1.642418,0.027392,-1.536720,-0.489115,1.496584,-0.055024,1.544557,0.013166,-0.405200,0.010649,0.003971,0.738619,-0.495549,0.026339,-0.776013,-0.047186,-0.118285,0.833972,-0.267837,0.118909
-0.092888,0.004631,0.665045,-0.031385,0.068731,-0.014093,0.997042,-0.039176,-0.056369,-0.798171,-1.642191,0.028588,-1.666804,-0.503552,1.498488,-0.043779,1.682554,0.016140,-0.434937,0.000709,-0.001192,0.787713,-0.518215,0.027209,-0.792195,-0.046522,-0.104540,0.795785,-0.268447,0.127927
-0.088239,0.003245,0.662935,-0.028534,0.074686,-0.016192,0.996667,-0.038472,-0.055126,-0.813673,-1.640429,0.029192,-1.779917,-0.520624,1.501892,-0.033548,1.810619,0.019028,-0.464843,-0.009000,-0.007193,0.838080,-0.542428,0.028249,-0.809030,-0.045777,-0.090487,0.769385,-0.266139,0.135284
-0.083425,0.001678,0.664858,-0.025849,0.080713,-0.017940,0.996241,-0.037676,-0.054339,-0.830013,-1.637993,0.029151,-1.874427,-0.540465,1.505512,-0.024521,1.923963,0.020779,-0.494539,-0.017841,-0.012926,0.888578,-0.567492,0.029777,-0.828648,-0.044803,-0.078142,0.757448,-0.261966,0.137385
-0.078543,0.000040,0.664914,-0.023465,0.086592,-0.019664,0.995773,-0.036797,-0.053976,-0.846076,-1.634947,0.028411,-1.950338,-0.562704,1.509644,-0.016719,2.018852,0.022478,-0.522976,-0.025850,-0.018171,0.937579,-0.593577,0.032276,-0.850768,-0.044111,-0.067672,0.760451,-0.258185,0.136212
-0.073657,-0.001723,0.663363,-0.021456,0.092063,-0.021345,0.995293,-0.035855,-0.053974,-0.860585,-1.631625,0.027153,-2.010102,-0.586401,1.514820,-0.009469,2.093776,0.023914,-0.548604,-0.032687,-0.022860,0.983447,-0.620939,0.034526,-0.873734,-0.043585,-0.060165,0.774934,-0.252204,0.133476
-0.068765,-0.003581,0.660443,-0.019752,0.097028,-0.022853,0.994823,-0.034870,-0.054258,-0.872249,-1.628673,0.025814,-2.053404,-0.609707,1.520640,-0.002271,2.148717,0.023968,-0.570371,-0.037870,-0.026647,1.024754,-0.648060,0.036095,-0.896718,-0.042721,-0.055285,0.797935,-0.243648,0.127322
-0.063850,-0.005612,0.656759,-0.018497,0.101306,-0.024136,0.994390,-0.033849,-0.054741,-0.880679,-1.626271,0.024579,-2.080952,-0.630701,1.527077,0.004018,2.184693,0.022862,-0.587337,-0.040512,-0.029260,1.060577,-0.673329,0.037485,-0.917981,-0.040926,-0.053616,0.825696,-0.235699,0.118320
-0.058937,-0.007813,0.652766,-0.017460,0.104974,-0.024979,0.994008,-0.032803,-0.055357,-0.885828,-1.624742,0.023552,-2.094945,-0.647972,1.533934,0.008776,2.203415,0.020930,-0.599272,-0.041476,-0.031095,1.088820,-0.696668,0.038746,-0.936882,-0.038771,-0.054300,0.855437,-0.229349,0.107413
-0.053995,-0.010222,0.649471,-0.016538,0.107969,-0.025185,0.993698,-0.031749,-0.056039,-0.886882,-1.624075,0.022668,-2.096990,-0.660394,1.541023,0.012130,2.206529,0.018926,-0.605347,-0.041295,-0.032549,1.108513,-0.716370,0.039426,-0.951479,-0.036458,-0.055938,0.882142,-0.228325,0.096673
-0.048928,-0.012814,0.647459,-0.015761,0.110095,-0.024891,0.993484,-0.030699,-0.056732,-0.884064,-1.623923,0.022020,-2.088701,-0.667087,1.548315,0.014587,2.195886,0.017454,-0.604771,-0.040262,-0.034455,1.117781,-0.733435,0.039416,-0.958634,-0.034362,-0.057448,0.901622,-0.231723,0.089315
-0.043731,-0.015555,0.646673,-0.015054,0.111473,-0.023878,0.993366,-0.029673,-0.057402,-0.877096,-1.624604,0.021557,-2.071097,-0.667347,1.555066,0.015978,2.173446,0.015314,-0.597257,-0.037859,-0.035973,1.116601,-0.744991,0.038055,-0.957648,-0.032241,-0.059591,0.911519,-0.235157,0.081749
-0.038308,-0.018429,0.647241,-0.014251,0.111838,-0.022269,0.993375,-0.028685,-0.058033,-0.866009,-1.625677,0.021090,-2.044021,-0.661168,1.560846,0.016232,2.140093,0.012546,-0.582670,-0.034326,-0.036941,1.104417,-0.750980,0.036096,-0.947963,-0.029509,-0.061604,0.911402,-0.239373,0.073177
-0.032646,-0.021446,0.649562,-0.013403,0.111453,-0.020121,0.993476,-0.027751,-0.058590,-0.850913,-1.627321,0.020575,-2.006768,-0.649087,1.565021,0.015101,2.096509,0.010231,-0.560972,-0.029334,-0.037004,1.080290,-0.751676,0.034228,-0.929261,-0.026573,-0.064043,0.899783,-0.244805,0.067542
-0.026829,-0.024466,0.653266,-0.012326,0.110597,-0.017552,0.993634,-0.026897,-0.059081,-0.832565,-1.629610,0.019896,-1.959817,-0.633100,1.566998,0.012417,2.043828,0.008430,-0.532998,-0.023937,-0.035737,1.044257,-0.746658,0.031668,-0.902775,-0.024499,-0.066312,0.877352,-0.248540,0.064640
-0.020863,-0.027442,0.658007,-0.010966,0.109161,-0.014769,0.993854,-0.026143,-0.059496,-0.812123,-1.632419,0.019019,-1.902230,-0.614367,1.566625,0.008343,1.981875,0.007066,-0.499226,-0.017484,-0.032301,0.998573,-0.733912,0.027232,-0.868968,-0.023519,-0.069105,0.844560,-0.248518,0.063541
-0.014790,-0.030278,0.663552,-0.009051,0.107190,-0.011834,0.994127,-0.025506,-0.059822,-0.791271,-1.635187,0.017941,-1.832897,-0.594905,1.563585,0.003395,1.910478,0.005082,-0.461122,-0.010584,-0.025974,0.945076,-0.713233,0.020801,-0.828769,-0.023879,-0.072867,0.802384,-0.244364,0.064222
-0.008707,-0.032940,0.669634,-0.006457,0.104919,-0.008352,0.994425,-0.025007,-0.060069,-0.770450,-1.639451,0.016849,-1.746390,-0.576316,1.557481,-0.002994,1.830116,0.001041,-0.420557,-0.004272,-0.017025,0.887673,-0.681932,0.009745,-0.783898,-0.025567,-0.077089,0.752391,-0.236707,0.066831
-0.002864,-0.035530,0.675851,-0.003160,0.102221,-0.004318,0.994747,-0.024662,-0.060231,-0.755431,-1.643982,0.015291,-1.648837,-0.560516,1.549105,-0.011196,1.740870,-0.004855,-0.379665,0.001536,-0.004955,0.830847,-0.641528,-0.005783,-0.735846,-0.028815,-0.081653,0.697305,-0.226087,0.071701
0.002728,-0.038062,0.681882,0.000791,0.099604,0.000307,0.995027,-0.024490,-0.060312,-0.746286,-1.649450,0.013803,-1.541178,-0.548219,1.538934,-0.021031,1.644392,-0.012981,-0.340898,0.006727,0.010575,0.781529,-0.595951,-0.021794,-0.687133,-0.033777,-0.086698,0.639665,-0.213514,0.077704
0.007973,-0.040399,0.687262,0.005386,0.096968,0.005384,0.995258,-0.024494,-0.060352,-0.742452,-1.654967,0.012176,-1.424159,-0.540101,1.527840,-0.032463,1.542843,-0.023624,-0.307394,0.009867,0.028828,0.748386,-0.548082,-0.037685,-0.639974,-0.040081,-0.091100,0.583215,-0.198830,0.084362
0.012803,-0.042499,0.691894,0.010472,0.094263,0.010284,0.995439,-0.024674,-0.060384,-0.744008,-1.659754,0.010631,-1.299706,-0.536244,1.516945,-0.044762,1.438502,-0.034949,-0.281932,0.011985,0.049176,0.737866,-0.500994,-0.050659,-0.595719,-0.047455,-0.094025,0.530029,-0.182952,0.091806
0.017175,-0.044400,0.695838,0.015703,0.091695,0.014841,0.995553,-0.025006,-0.060452,-0.750666,-1.663569,0.009382,-1.171301,-0.536206,1.506869,-0.057590,1.334707,-0.046689,-0.266447,0.013366,0.070133,0.754335,-0.457278,-0.057833,-0.555716,-0.055003,-0.095734,0.481821,-0.168240,0.099998
0.021045,-0.046066,0.699013,0.020740,0.089357,0.018683,0.995608,-0.025457,-0.060608,-0.761446,-1.666816,0.008426,-1.043527,-0.539265,1.498882,-0.070504,1.235008,-0.057992,-0.261915,0.014626,0.090330,0.798912,-0.417815,-0.059820,-0.521122,-0.062155,-0.095801,0.440385,-0.155360,0.107896
0.024379,-0.047628,0.701359,0.025179,0.087154,0.021379,0.995647,-0.025980,-0.060878,-0.775591,-1.667891,0.007563,-0.926144,-0.544595,1.494009,-0.082531,1.142276,-0.067374,-0.268482,0.017221,0.108598,0.870201,-0.383425,-0.055154,-0.492459,-0.068169,-0.094810,0.407223,-0.144518,0.114379
0.027425,-0.048947,0.702997,0.029101,0.085101,0.022884,0.995684,-0.026533,-0.061267,-0.787413,-1.667964,0.007255,-0.817604,-0.550925,1.491848,-0.093152,1.060310,-0.075111,-0.285048,0.020061,0.123769,0.961839,-0.358213,-0.044456,-0.469267,-0.073332,-0.092816,0.382108,-0.136171,0.118271
0.030136,-0.050026,0.704113,0.032351,0.083216,0.023228,0.995735,-0.027074,-0.061778,-0.797839,-1.666667,0.007011,-0.722349,-0.558211,1.492097,-0.102238,0.991351,-0.081380,-0.310526,0.023186,0.135358,1.065100,-0.341240,-0.032502,-0.451169,-0.076999,-0.090258,0.364217,-0.131030,0.119754
0.032547,-0.051000,0.704757,0.034788,0.081421,0.022730,0.995813,-0.027576,-0.062403,-0.807793,-1.664875,0.007115,-0.645108,-0.566109,1.494274,-0.109401,0.937519,-0.086535,-0.342608,0.027531,0.143279,1.170145,-0.329381,-0.021308,-0.437252,-0.079076,-0.087768,0.352959,-0.129095,0.118935
0.034738,-0.051935,0.704960,0.036377,0.079779,0.021919,0.995907,-0.028020,-0.063101,-0.817368,-1.663064,0.007377,-0.588855,-0.574308,1.497466,-0.114360,0.899330,-0.092117,-0.378932,0.032709,0.147830,1.267552,-0.319589,-0.014654,-0.426997,-0.079124,-0.086311,0.347457,-0.129398,0.116596
0.036798,-0.052742,0.704810,0.037418,0.078152,0.021076,0.996016,-0.028405,-0.063793,-0.826120,-1.662806,0.007858,-0.554492,-0.583201,1.500722,-0.116990,0.877321,-0.098964,-0.417178,0.038169,0.150164,1.348858,-0.310082,-0.014351,-0.419271,-0.078040,-0.085745,0.346446,-0.131613,0.112729
0.038643,-0.053500,0.704325,0.037972,0.076668,0.020665,0.996119,-0.028749,-0.064397,-0.834629,-1.663656,0.008277,-0.543064,-0.592770,1.502779,-0.117526,0.872306,-0.106776,-0.455959,0.044093,0.151528,1.408351,-0.300953,-0.019337,-0.413970,-0.076278,-0.086251,0.349421,-0.135458,0.106629
0.040281,-0.054138,0.703598,0.038247,0.075476,0.020662,0.996200,-0.029072,-0.064851,-0.842288,-1.666590,0.008675,-0.556904,-0.603079,1.503015,-0.116371,0.884645,-0.114304,-0.493681,0.049339,0.152742,1.442660,-0.294303,-0.027429,-0.410910,-0.074481,-0.087173,0.355713,-0.140382,0.099291
0.041744,-0.054634,0.702650,0.038003,0.074847,0.020970,0.996250,-0.029390,-0.065145,-0.849178,-1.671258,0.009228,-0.597253,-0.614232,1.501649,-0.112967,0.914903,-0.120791,-0.530128,0.054532,0.153987,1.451968,-0.288175,-0.037887,-0.410838,-0.072165,-0.088517,0.365422,-0.146669,0.091121
0.043108,-0.055033,0.701493,0.037435,0.074731,0.021592,0.996267,-0.029710,-0.065281,-0.854482,-1.677822,0.010021,-0.663709,-0.625546,1.498530,-0.107498,0.963522,-0.125622,-0.564147,0.059151,0.155108,1.438056,-0.282367,-0.049104,-0.413698,-0.069570,-0.090024,0.378542,-0.153469,0.083251
0.044597,-0.055271,0.700034,0.036492,0.075171,0.022206,0.996255,-0.030037,-0.065268,-0.857458,-1.685671,0.011008,-0.753944,-0.635863,1.493673,-0.100444,1.030112,-0.127913,-0.595346,0.062724,0.155632,1.404786,-0.273912,-0.061115,-0.419362,-0.067013,-0.091199,0.395490,-0.160993,0.074942
0.046308,-0.055368,0.698360,0.035262,0.076200,0.022571,0.996213,-0.030374,-0.065155,-0.858207,-1.694266,0.012156,-0.864257,-0.644544,1.487876,-0.092316,1.113236,-0.127477,-0.623434,0.064829,0.154122,1.355385,-0.264198,-0.071756,-0.427985,-0.064502,-0.091918,0.416134,-0.170631,0.065253
0.048217,-0.055417,0.696346,0.033563,0.077971,0.022608,0.996134,-0.030707,-0.065041,-0.857271,-1.702113,0.013238,-0.991142,-0.652461,1.482183,-0.083935,1.210642,-0.123671,-0.648641,0.065341,0.149944,1.295733,-0.252284,-0.082019,-0.440409,-0.061524,-0.092107,0.441706,-0.182442,0.054591
0.050510,-0.055479,0.693928,0.031441,0.080135,0.022041,0.996044,-0.031023,-0.065028,-0.855044,-1.709258,0.014548,-1.128611,-0.659333,1.477001,-0.076021,1.318424,-0.116670,-0.670643,0.064379,0.142375,1.232533,-0.237635,-0.093333,-0.456360,-0.057738,-0.091694,0.472961,-0.196731,0.044076
0.053174,-0.055517,0.691125,0.029043,0.082872,0.021083,0.995914,-0.031307,-0.065195,-0.853291,-1.715110,0.015953,-1.268809,-0.666113,1.472043,-0.068725,1.433129,-0.108152,-0.690775,0.062518,0.131844,1.170661,-0.222505,-0.105211,-0.476123,-0.053701,-0.091224,0.509811,-0.215027,0.033043
0.056167,-0.055628,0.687703,0.026413,0.085636,0.019940,0.995777,-0.031558,-0.065591,-0.853824,-1.720169,0.017475,-1.404446,-0.672794,1.467116,-0.062918,1.549847,-0.098295,-0.708482,0.059675,0.118224,1.116591,-0.206279,-0.116717,-0.498740,-0.049214,-0.090365,0.552751,-0.236167,0.021839
0.059348,-0.055680,0.683615,0.023666,0.088299,0.018520,0.995641,-0.031777,-0.066227,-0.856532,-1.724082,0.018742,-1.529661,-0.680387,1.462321,-0.058251,1.664325,-0.086823,-0.725199,0.055724,0.101120,1.074628,-0.187344,-0.128088,-0.523878,-0.044983,-0.088518,0.601720,-0.260761,0.010539
0.062504,-0.055818,0.679080,0.020780,0.090746,0.017082,0.995511,-0.031966,-0.067100,-0.861842,-1.726908,0.019873,-1.641275,-0.689683,1.457800,-0.054764,1.771927,-0.074419,-0.740996,0.051508,0.081612,1.046350,-0.178259,-0.135563,-0.551195,-0.040688,-0.087092,0.655817,-0.287865,-0.000477
0.065590,-0.055891,0.674145,0.017852,0.092573,0.015510,0.995425,-0.032123,-0.068172,-0.868118,-1.728892,0.020863,-1.737280,-0.700627,1.453242,-0.052323,1.869672,-0.061109,-0.755072,0.046819,0.062223,1.035195,-0.181036,-0.138628,-0.579549,-0.036822,-0.086230,0.714684,-0.317056,-0.009780
0.068523,-0.055836,0.668700,0.015017,0.093764,0.013792,0.995386,-0.032247,-0.069377,-0.874328,-1.730309,0.021701,-1.817040,-0.712075,1.448138,-0.050483,1.955694,-0.046972,-0.768113,0.042123,0.044465,1.039032,-0.196842,-0.137096,-0.608236,-0.034057,-0.085670,0.776814,-0.347364,-0.017645
0.071220,-0.055631,0.662845,0.012473,0.094324,0.012265,0.995388,-0.032341,-0.070650,-0.878498,-1.731606,0.022333,-1.881234,-0.723564,1.442726,-0.049410,2.029167,-0.032619,-0.780090,0.036436,0.028880,1.055006,-0.224890,-0.129765,-0.636213,-0.032660,-0.085270,0.839912,-0.378599,-0.024400
0.073730,-0.055288,0.656764,0.010200,0.094124,0.010923,0.995448,-0.032413,-0.071944,-0.879672,-1.732946,0.022845,-1.930916,-0.734247,1.437367,-0.049248,2.089610,-0.018053,-0.790405,0.029523,0.015222,1.079882,-0.260810,-0.118880,-0.662122,-0.032279,-0.084698,0.901831,-0.408995,-0.029473
0.075998,-0.054753,0.650604,0.008339,0.093461,0.009679,0.995541,-0.032475,-0.073212,-0.875864,-1.734359,0.023073,-1.967526,-0.743974,1.431571,-0.050030,2.137050,-0.004270,-0.798900,0.021591,0.003531,1.109003,-0.301762,-0.107274,-0.685158,-0.032850,-0.083918,0.959487,-0.438524,-0.032850
0.078045,-0.054075,0.644751,0.006861,0.092314,0.008408,0.995671,-0.032532,-0.074438,-0.867221,-1.735288,0.023244,-1.993771,-0.752709,1.425875,-0.051725,2.171657,0.008173,-0.804837,0.013326,-0.005896,1.138390,-0.346402,-0.095131,-0.704123,-0.033856,-0.082908,1.010345,-0.465452,-0.034874
0.079903,-0.053154,0.639542,0.006019,0.090623,0.006818,0.995844,-0.032583,-0.075591,-0.853318,-1.735453,0.023197,-2.011618,-0.760933,1.420318,-0.053364,2.194248,0.019265,-0.807502,0.004497,-0.012792,1.164909,-0.384439,-0.085027,-0.718191,-0.035672,-0.080718,1.052794,-0.489164,-0.036197
0.081486,-0.052041,0.635356,0.005811,0.088653,0.004849,0.996034,-0.032625,-0.076651,-0.835598,-1.734542,0.022942,-2.023177,-0.769627,1.414748,-0.054143,2.206022,0.028872,-0.806887,-0.004200,-0.017426,1.183807,-0.412925,-0.078214,-0.727345,-0.038186,-0.077527,1.085155,-0.508548,-0.037487
0.082788,-0.050751,0.632459,0.006245,0.086241,0.002182,0.996252,-0.032647,-0.077595,-0.814883,-1.731241,0.022379,-2.030215,-0.779298,1.409528,-0.053115,2.207707,0.036986,-0.801442,-0.012624,-0.020315,1.193460,-0.432022,-0.073539,-0.730725,-0.041000,-0.073306,1.106236,-0.522857,-0.038626
0.083820,-0.049271,0.631110,0.007265,0.083421,-0.001520,0.996487,-0.032627,-0.078383,-0.793251,-1.724334,0.021491,-2.034246,-0.790458,1.404609,-0.049162,2.200447,0.043553,-0.790596,-0.020189,-0.021429,1.192621,-0.442969,-0.070541,-0.727658,-0.043858,-0.068118,1.114628,-0.531290,-0.038922
0.084548,-0.047628,0.631413,0.008814,0.080110,-0.006519,0.996726,-0.032528,-0.078976,-0.773438,-1.712219,0.020440,-2.036927,-0.802856,1.400138,-0.041674,2.186102,0.048959,-0.773454,-0.026435,-0.019902,1.180708,-0.446386,-0.068692,-0.717834,-0.046666,-0.062372,1.109940,-0.533327,-0.038487
0.084991,-0.045905,0.633386,0.010880,0.076339,-0.012712,0.996942,-0.032306,-0.079336,-0.758037,-1.693372,0.019259,-2.039095,-0.815711,1.396114,-0.030326,2.166986,0.053508,-0.750701,-0.031201,-0.015351,1.158378,-0.442422,-0.066474,-0.701510,-0.049759,-0.056288,1.092487,-0.528644,-0.037580
0.085192,-0.044168,0.636841,0.013353,0.072137,-0.019796,0.997109,-0.031922,-0.079422,-0.749632,-1.666920,0.018153,-2.040159,-0.827673,1.391889,-0.015764,2.146001,0.056923,-0.723138,-0.034486,-0.007751,1.127208,-0.429988,-0.063769,-0.679189,-0.053159,-0.050242,1.063472,-0.517457,-0.036242
0.085083,-0.042491,0.641571,0.016204,0.067626,-0.027242,0.997207,-0.031348,-0.079209,-0.751711,-1.632407,0.017298,-2.038804,-0.837177,1.386920,0.001009,2.126786,0.058951,-0.692508,-0.036285,0.002530,1.089342,-0.407791,-0.061559,-0.651189,-0.056904,-0.044588,1.023205,-0.500303,-0.033970
0.084686,-0.041021,0.647329,0.019328,0.062877,-0.034322,0.997244,-0.030575,-0.078677,-0.766352,-1.589836,0.016902,-2.032897,-0.841840,1.380861,0.018878,2.112614,0.059158,-0.660983,-0.036762,0.014731,1.047705,-0.375285,-0.060217,-0.618092,-0.061156,-0.039388,0.972497,-0.478335,-0.032193
0.083995,-0.039866,0.654181,0.022646,0.058003,-0.040491,0.997238,-0.029618,-0.077822,-0.795405,-1.540738,0.017044,-2.020696,-0.839387,1.372937,0.036356,2.106192,0.057999,-0.630767,-0.036121,0.028621,1.004911,-0.332774,-0.061624,-0.580507,-0.065756,-0.035358,0.913156,-0.451177,-0.031571
0.083068,-0.039093,0.661551,0.026248,0.053135,-0.045201,0.997218,-0.028503,-0.076663,-0.839950,-1.486717,0.018086,-2.001409,-0.828020,1.362441,0.052681,2.109790,0.055601,-0.603809,-0.034695,0.043628,0.964086,-0.279092,-0.065232,-0.539972,-0.071294,-0.032849,0.847324,-0.420007,-0.031998
0.081964,-0.038691,0.668700,0.029970,0.048334,-0.048101,0.997222,-0.027277,-0.075226,-0.899505,-1.430885,0.020161,-1.972272,-0.805458,1.348995,0.067332,2.124456,0.052571,-0.581876,-0.032998,0.059176,0.928977,-0.214785,-0.071011,-0.497285,-0.077510,-0.031964,0.777347,-0.385209,-0.033428
0.080740,-0.038656,0.675330,0.033826,0.043600,-0.048849,0.997281,-0.026007,-0.073556,-0.973134,-1.377434,0.023636,-1.931185,-0.770425,1.332236,0.079713,2.150715,0.048716,-0.565253,-0.031368,0.075326,0.902046,-0.147997,-0.079430,-0.453758,-0.084706,-0.032983,0.705917,-0.348708,-0.035523
0.079365,-0.038931,0.681175,0.037670,0.039261,-0.047317,0.997397,-0.024757,-0.071716,-1.059656,-1.330750,0.028552,-1.876964,-0.722222,1.312405,0.089083,2.187674,0.044333,-0.555214,-0.029509,0.091906,0.887318,-0.087466,-0.090222,-0.411606,-0.092480,-0.035600,0.636136,-0.312195,-0.037834
0.077882,-0.039421,0.686206,0.041361,0.035444,-0.043575,0.997564,-0.023591,-0.069790,-1.156929,-1.294879,0.034642,-1.809519,-0.660785,1.290067,0.094837,2.232876,0.039836,-0.552956,-0.027762,0.107228,0.889003,-0.037605,-0.101509,-0.372368,-0.100604,-0.038686,0.570570,-0.277702,-0.041322
0.076209,-0.040048,0.690160,0.044737,0.032316,-0.037709,0.997764,-0.022570,-0.067865,-1.263785,-1.273245,0.041428,-1.728790,-0.587412,1.266010,0.096615,2.283181,0.035135,-0.559817,-0.026178,0.119823,0.910419,-0.000567,-0.111996,-0.337930,-0.108245,-0.041948,0.512415,-0.245659,-0.044711
0.074406,-0.040806,0.693158,0.047573,0.029970,-0.029944,0.997969,-0.021752,-0.066032,-1.377478,-1.266359,0.048449,-1.636210,-0.504443,1.242175,0.095000,2.334704,0.029613,-0.576142,-0.024419,0.128092,0.953960,0.023352,-0.120382,-0.309983,-0.114937,-0.044714,0.463672,-0.218050,-0.047495
0.072403,-0.041577,0.695229,0.049660,0.028467,-0.020651,0.998147,-0.021183,-0.064376,-1.495257,-1.272510,0.054397,-1.534037,-0.416404,1.220598,0.090440,2.383555,0.022838,-0.601690,-0.022311,0.131619,1.019207,0.031365,-0.126813,-0.289403,-0.120061,-0.047004,0.425965,-0.195310,-0.050005
0.070196,-0.042207,0.696699,0.050928,0.027814,-0.010357,0.998261,-0.020874,-0.062973,-1.614996,-1.292079,0.060111,-1.428895,-0.330896,1.202282,0.083265,2.427242,0.013532,-0.635743,-0.019262,0.130341,1.105440,0.024446,-0.131754,-0.277274,-0.123514,-0.048641,0.400370,-0.178745,-0.051740
0.067751,-0.042674,0.697528,0.051608,0.027701,0.000159,0.998283,-0.020819,-0.061857,-1.727984,-1.314498,0.063565,-1.325160,-0.256109,1.186496,0.073028,2.465471,0.001441,-0.676922,-0.015000,0.124827,1.209990,0.009179,-0.135898,-0.273149,-0.125598,-0.049171,0.386939,-0.167547,-0.052530
0.065129,-0.042873,0.697762,0.051728,0.027694,0.010231,0.998225,-0.020995,-0.061028,-1.829956,-1.336886,0.065513,-1.231416,-0.199946,1.170811,0.059783,2.497699,-0.012873,-0.721943,-0.009421,0.115691,1.326171,-0.009048,-0.140634,-0.274946,-0.126585,-0.048501,0.383460,-0.161655,-0.053118
0.062304,-0.042715,0.697520,0.051489,0.027538,0.019471,0.998104,-0.021374,-0.060440,-1.915093,-1.355099,0.066038,-1.156595,-0.169372,1.151736,0.043790,2.522345,-0.028804,-0.767307,-0.002859,0.104334,1.446481,-0.028856,-0.146731,-0.281301,-0.126762,-0.047183,0.388034,-0.159236,-0.052711
0.059167,-0.042316,0.696917,0.051068,0.027002,0.027542,0.997950,-0.021922,-0.060018,-1.977444,-1.365997,0.066092,-1.111602,-0.169721,1.126685,0.025257,2.539284,-0.045534,-0.808973,0.004051,0.092011,1.563646,-0.049064,-0.153803,-0.290195,-0.126534,-0.045462,0.397847,-0.159032,-0.051117
0.055826,-0.041733,0.696130,0.050589,0.025685,0.034552,0.997791,-0.022597,-0.059656,-2.011182,-1.367443,0.066867,-1.105697,-0.203789,1.092862,0.005502,2.548501,-0.062066,-0.843100,0.010427,0.080504,1.671004,-0.069005,-0.161122,-0.299250,-0.126736,-0.043573,0.410517,-0.159540,-0.049628
0.052412,-0.040836,0.695248,0.050127,0.023438,0.040773,0.997635,-0.023404,-0.059240,-2.010162,-1.355912,0.067406,-1.143823,-0.270729,1.048222,-0.013877,2.549308,-0.077430,-0.866772,0.016349,0.070978,1.763024,-0.088101,-0.171201,-0.306297,-0.127521,-0.041218,0.422838,-0.160268,-0.048586
0.049079,-0.040058,0.694390,0.049870,0.019984,0.046466,0.997474,-0.024347,-0.058638,-1.969324,-1.323177,0.065062,-1.223764,-0.366405,0.993463,-0.029695,2.540430,-0.089969,-0.877678,0.020333,0.062681,1.835679,-0.104797,-0.181222,-0.308829,-0.128988,-0.038421,0.432133,-0.160503,-0.047964
0.045998,-0.039380,0.693602,0.049448,0.015623,0.052040,0.997298,-0.025414,-0.057746,-1.892006,-1.276534,0.061472,-1.347257,-0.484444,0.932106,-0.035603,2.519575,-0.098111,-0.875332,0.022271,0.054806,1.885691,-0.118374,-0.188938,-0.305999,-0.130491,-0.035877,0.436747,-0.159827,-0.047619
0.043168,-0.038830,0.692971,0.048932,0.010650,0.058074,0.997055,-0.026619,-0.056490,-1.780597,-1.218345,0.055478,-1.504547,-0.618151,0.868885,-0.026892,2.486094,-0.101920,-0.860020,0.021883,0.047208,1.912155,-0.126547,-0.193807,-0.298259,-0.132106,-0.034323,0.436949,-0.157145,-0.046566
0.040516,-0.038553,0.692378,0.048084,0.005186,0.064735,0.996730,-0.027983,-0.054846,-1.640163,-1.155435,0.047485,-1.681734,-0.761085,0.809989,-0.000720,2.440463,-0.102369,-0.832678,0.019830,0.039528,1.915021,-0.128109,-0.195683,-0.286597,-0.133453,-0.034200,0.433484,-0.152880,-0.044604
0.037890,-0.038329,0.691781,0.046972,-0.000566,0.071778,0.996314,-0.029508,-0.052820,-1.475412,-1.094117,0.037344,-1.864706,-0.910284,0.762622,0.045017,2.382426,-0.100549,-0.794962,0.017225,0.032576,1.895195,-0.123591,-0.195249,-0.272234,-0.134845,-0.035622,0.427423,-0.148001,-0.042434
0.035096,-0.038224,0.691081,0.045463,-0.006084,0.079105,0.995810,-0.031230,-0.050487,-1.292699,-1.040745,0.024867,-2.038971,-1.065153,0.733123,0.110491,2.311437,-0.097536,-0.749453,0.015447,0.025989,1.854801,-0.114880,-0.193769,-0.257260,-0.135427,-0.038146,0.419734,-0.143158,-0.039444
0.032075,-0.038487,0.690231,0.043497,-0.011304,0.086141,0.995269,-0.033130,-0.047916,-1.098934,-1.003619,0.012185,-2.193190,-1.223805,0.725403,0.194392,2.226057,-0.094143,-0.697916,0.014780,0.019688,1.797392,-0.101778,-0.189037,-0.243228,-0.134806,-0.042213,0.412575,-0.138425,-0.035778
0.028759,-0.038819,0.689192,0.040926,-0.016083,0.092734,0.994720,-0.035192,-0.045186,-0.899777,-0.991565,0.000898,-2.321693,-1.383777,0.738959,0.292113,2.125838,-0.090671,-0.642161,0.016306,0.013931,1.725245,-0.088138,-0.182980,-0.231776,-0.132660,-0.047081,0.407691,-0.133970,-0.031846
0.025086,-0.039116,0.687964,0.037638,-0.020218,0.098616,0.994208,-0.037395,-0.042358,-0.701377,-1.006632,-0.008939,-2.418955,-1.542712,0.769398,0.395684,2.011252,-0.087343,-0.583749,0.020284,0.008592,1.642064,-0.074920,-0.176689,-0.224093,-0.128618,-0.052044,0.406124,-0.129674,-0.027482
0.021042,-0.039339,0.686516,0.033501,-0.023667,0.103616,0.993771,-0.039744,-0.039497,-0.507428,-1.048309,-0.017051,-2.486841,-1.697126,0.810969,0.499042,1.883463,-0.084895,-0.524536,0.026874,0.003698,1.550867,-0.062912,-0.170392,-0.220934,-0.122771,-0.057010,0.408255,-0.125930,-0.023516
0.016721,-0.039232,0.684954,0.028778,-0.026342,0.107672,0.993421,-0.042217,-0.036655,-0.320059,-1.111320,-0.023540,-2.531650,-1.845840,0.860359,0.599140,1.745893,-0.084234,-0.465192,0.035253,-0.000303,1.454388,-0.052812,-0.166065,-0.222310,-0.115841,-0.061496,0.414017,-0.122990,-0.020726
0.012466,-0.038778,0.683287,0.023466,-0.028332,0.110976,0.993142,-0.044786,-0.033866,-0.141853,-1.189610,-0.028714,-2.558759,-1.985243,0.911363,0.694353,1.601251,-0.084496,-0.406615,0.044266,-0.004795,1.354373,-0.049855,-0.163676,-0.227476,-0.107591,-0.064898,0.422884,-0.120132,-0.018090
0.008387,-0.037719,0.681477,0.017802,-0.029902,0.113387,0.992941,-0.047381,-0.031123,0.023840,-1.276528,-0.032832,-2.574309,-2.111210,0.958040,0.784705,1.453717,-0.085701,-0.348182,0.052667,-0.009729,1.254276,-0.060886,-0.161704,-0.235586,-0.098841,-0.067286,0.434239,-0.117598,-0.015232
0.004405,-0.036103,0.679615,0.011660,-0.030651,0.115207,0.992800,-0.049988,-0.028458,0.173190,-1.362512,-0.036131,-2.581576,-2.223346,0.996848,0.870275,1.310423,-0.086685,-0.291109,0.060444,-0.014500,1.155529,-0.088510,-0.158790,-0.246566,-0.089739,-0.069008,0.447014,-0.114789,-0.011741
0.000069,-0.033485,0.677762,0.005482,-0.030509,0.116282,0.992732,-0.052617,-0.025911,0.303792,-1.444100,-0.039330,-2.584931,-2.321241,1.025554,0.953560,1.175903,-0.087383,-0.237298,0.066761,-0.016661,1.060542,-0.129637,-0.154755,-0.260691,-0.081989,-0.071217,0.460363,-0.111003,-0.007353
-0.004608,-0.030103,0.675845,-0.000267,-0.029506,0.116713,0.992727,-0.055287,-0.023523,0.410858,-1.515361,-0.041996,-2.589043,-2.406210,1.046896,1.037126,1.053329,-0.088400,-0.188816,0.071115,-0.014435,0.971179,-0.180691,-0.147932,-0.277618,-0.076527,-0.074850,0.473011,-0.106992,-0.001216
-0.009606,-0.026217,0.673982,-0.005429,-0.027735,0.116108,0.992835,-0.057960,-0.021325,0.491123,-1.568591,-0.043988,-2.595208,-2.479354,1.063595,1.122337,0.944144,-0.089300,-0.146296,0.073070,-0.006955,0.888853,-0.238953,-0.137357,-0.296919,-0.073702,-0.080436,0.484873,-0.101586,0.006497
-0.014966,-0.022254,0.672244,-0.010194,-0.025183,0.114478,0.993054,-0.060615,-0.019333,0.540449,-1.598137,-0.045264,-2.603455,-2.540355,1.075092,1.207233,0.849378,-0.088695,-0.111024,0.073724,0.005040,0.814354,-0.301625,-0.122539,-0.318985,-0.072780,-0.087691,0.496492,-0.092984,0.016027
-0.020763,-0.018345,0.670867,-0.014392,-0.022256,0.111560,0.993404,-0.063237,-0.017572,0.556275,-1.600811,-0.046018,-2.612191,-2.587988,1.081557,1.288318,0.771869,-0.086614,-0.082995,0.073215,0.021381,0.749835,-0.361259,-0.105142,-0.343994,-0.073825,-0.096134,0.509403,-0.078335,0.027832
-0.027233,-0.014718,0.670257,-0.018016,-0.018698,0.107270,0.993891,-0.065816,-0.016057,0.537029,-1.574814,-0.046620,-2.618707,-2.621753,1.082098,1.360160,0.715642,-0.081006,-0.063723,0.072334,0.040802,0.693718,-0.408859,-0.087129,-0.372115,-0.076423,-0.104736,0.524113,-0.056214,0.043037
-0.034554,-0.011309,0.670307,-0.020756,-0.015209,0.101183,0.994535,-0.068283,-0.014758,0.481461,-1.523183,-0.046935,-2.622328,-2.638257,1.074866,1.418024,0.684666,-0.071630,-0.053139,0.070475,0.060855,0.647553,-0.440784,-0.070197,-0.402381,-0.080617,-0.111529,0.543087,-0.029739,0.062443
-0.042388,-0.008734,0.670669,-0.023088,-0.012120,0.093707,0.995258,-0.070560,-0.013619,0.387770,-1.445399,-0.046114,-2.619013,-2.636199,1.058174,1.456410,0.684464,-0.059009,-0.050013,0.069037,0.079094,0.611285,-0.457749,-0.054802,-0.433515,-0.085428,-0.116469,0.569880,-0.004112,0.083354
-0.050767,-0.007005,0.671278,-0.025290,-0.009767,0.085193,0.995996,-0.072595,-0.012568,0.262073,-1.345770,-0.044272,-2.602831,-2.612229,1.028048,1.470884,0.720776,-0.043431,-0.052560,0.068598,0.093447,0.584149,-0.462723,-0.042094,-0.464276,-0.090494,-0.120681,0.608374,0.018869,0.102233
-0.059518,-0.005996,0.671702,-0.027422,-0.008352,0.076211,0.996680,-0.074382,-0.011527,0.110485,-1.232279,-0.040908,-2.571614,-2.563231,0.980473,1.457584,0.800331,-0.025002,-0.059166,0.069410,0.102007,0.564687,-0.459271,-0.033012,-0.493519,-0.095882,-0.123198,0.659966,0.036111,0.117063
-0.068169,-0.005726,0.671697,-0.029386,-0.007981,0.067035,0.997286,-0.075858,-0.010415,-0.060726,-1.115288,-0.035298,-2.529626,-2.484056,0.913581,1.415628,0.928424,-0.005564,-0.067803,0.070619,0.104394,0.551284,-0.451641,-0.026512,-0.519404,-0.100655,-0.124124,0.724939,0.044803,0.126398
-0.075968,-0.005835,0.670702,-0.031491,-0.008198,0.058036,0.997784,-0.077021,-0.009194,-0.246419,-1.005128,-0.027280,-2.478146,-2.376348,0.825494,1.348014,1.104863,0.015369,-0.076659,0.072779,0.102255,0.543559,-0.437342,-0.022770,-0.540187,-0.104161,-0.123557,0.801241,0.041626,0.128085
-0.082526,-0.006227,0.670302,-0.033683,-0.009138,0.049276,0.998175,-0.077876,-0.007862,-0.441668,-0.912161,-0.016279,-2.416887,-2.242270,0.719097,1.262293,1.320601,0.035895,-0.085015,0.075579,0.096110,0.538815,-0.418923,-0.022109,-0.554618,-0.105647,-0.122400,0.886646,0.026790,0.122231
-0.087958,-0.006791,0.672716,-0.035755,-0.010385,0.041122,0.998460,-0.078440,-0.006451,-0.639909,-0.846415,-0.001649,-2.345672,-2.085756,0.603272,1.166972,1.559791,0.054827,-0.091637,0.078209,0.088075,0.534988,-0.399652,-0.023233,-0.562449,-0.105429,-0.121983,0.975917,0.004061,0.110124
-0.092764,-0.007264,0.675005,-0.037530,-0.011727,0.033453,0.998667,-0.078735,-0.005012,-0.834014,-0.815790,0.016967,-2.264368,-1.910192,0.489937,1.071148,1.804989,0.070703,-0.096679,0.079769,0.078870,0.530382,-0.380899,-0.025655,-0.563767,-0.103245,-0.121502,1.062598,-0.020669,0.094879
-0.097465,-0.007161,0.676979,-0.038717,-0.012880,0.026102,0.998826,-0.078805,-0.003598,-1.023173,-0.826706,0.039061,-2.170420,-1.720174,0.391935,0.982645,2.037725,0.083984,-0.100440,0.079647,0.070175,0.524799,-0.364022,-0.028298,-0.559111,-0.099685,-0.118882,1.140543,-0.044087,0.078609
-0.102472,-0.006142,0.678666,-0.039107,-0.014074,0.018929,0.998957,-0.078639,-0.002249,-1.207010,-0.880611,0.062427,-2.058771,-1.521535,0.321017,0.908653,2.239246,0.094973,-0.103133,0.077004,0.063719,0.518931,-0.348172,-0.030844,-0.548575,-0.095740,-0.114873,1.204975,-0.064670,0.063778
-0.108300,-0.003827,0.680256,-0.038653,-0.015050,0.012032,0.999067,-0.078287,-0.001006,-1.383203,-0.970520,0.082964,-1.920565,-1.321535,0.285141,0.852945,2.393459,0.104011,-0.105778,0.071833,0.060684,0.513484,-0.331721,-0.033465,-0.532689,-0.093302,-0.110335,1.251859,-0.081094,0.052368
-0.115456,-0.000692,0.681251,-0.037026,-0.015653,0.005342,0.999177,-0.077766,0.000128,-1.548725,-1.081569,0.098405,-1.757322,-1.121535,0.291266,0.813589,2.492896,0.109844,-0.109908,0.063620,0.060241,0.507475,-0.318464,-0.035259,-0.512545,-0.093165,-0.105886,1.278610,-0.092743,0.046101
-0.123658,0.002995,0.681739,-0.034324,-0.015914,-0.001150,0.999283,-0.077076,0.001173,-1.701506,-1.199896,0.108123,-1.575768,-0.921535,0.341149,0.782902,2.538760,0.113169,-0.115265,0.052849,0.062998,0.503158,-0.307370,-0.034066,-0.488391,-0.095481,-0.101262,1.283224,-0.101199,0.043747
-0.132097,0.006859,0.681909,-0.030730,-0.015848,-0.007518,0.999374,-0.076218,0.002151,-1.841430,-1.313443,0.111991,-1.383165,-0.721535,0.428576,0.751274,2.542828,0.114774,-0.122050,0.040478,0.068381,0.500030,-0.296821,-0.031112,-0.460031,-0.099211,-0.096166,1.266107,-0.106443,0.043769
-0.139622,0.010678,0.681745,-0.026196,-0.015477,-0.013719,0.999443,-0.075201,0.003071,-1.970074,-1.412836,0.110290,-1.187472,-0.521535,0.542753,0.708460,2.521336,0.115731,-0.129290,0.027018,0.076712,0.498617,-0.287232,-0.026896,-0.426891,-0.103966,-0.090871,1.227363,-0.109923,0.045915
-0.145407,0.014213,0.681390,-0.021110,-0.014818,-0.019910,0.999469,-0.073995,0.003900,-2.087972,-1.490856,0.103659,-0.995512,-0.322404,0.669102,0.646842,2.491745,0.115192,-0.136073,0.013077,0.087226,0.498133,-0.278584,-0.022726,-0.388419,-0.108983,-0.085966,1.167710,-0.113429,0.050017
-0.149440,0.017184,0.680942,-0.015922,-0.013602,-0.026216,0.999437,-0.072612,0.004612,-2.193571,-1.543518,0.093586,-0.817883,-0.140994,0.791925,0.563438,2.468513,0.112513,-0.142597,-0.000153,0.099693,0.498287,-0.271359,-0.018692,-0.345207,-0.113631,-0.082566,1.089512,-0.126816,0.054100
-0.151898,0.019492,0.680366,-0.010650,-0.012192,-0.032762,0.999332,-0.071077,0.005193,-2.285190,-1.572189,0.083266,-0.665376,0.009341,0.898096,0.460265,2.459775,0.109126,-0.148615,-0.012159,0.113551,0.499263,-0.265656,-0.014833,-0.298133,-0.117213,-0.081528,0.999512,-0.151224,0.058002
-0.153097,0.021260,0.679684,-0.005760,-0.010849,-0.039610,0.999140,-0.069395,0.005632,-2.362106,-1.583945,0.075263,-0.543021,0.121419,0.978311,0.341770,2.467208,0.105182,-0.154328,-0.022072,0.129315,0.501371,-0.261995,-0.011597,-0.249555,-0.119890,-0.083587,0.904337,-0.183550,0.059148
-0.153725,0.022790,0.678944,-0.001234,-0.009545,-0.046512,0.998871,-0.067587,0.005929,-2.423617,-1.583993,0.070015,-0.451684,0.190288,1.026669,0.214559,2.489481,0.099831,-0.160437,-0.029876,0.146736,0.504971,-0.260077,-0.009838,-0.202414,-0.121844,-0.089347,0.809802,-0.219770,0.058309
-0.154508,0.024391,0.678310,0.002853,-0.008259,-0.053165,0.998548,-0.065677,0.006094,-2.468766,-1.575284,0.067038,-0.391932,0.212280,1.040491,0.086662,2.520977,0.093054,-0.168864,-0.035620,0.164360,0.512428,-0.257838,-0.009325,-0.159637,-0.124198,-0.096942,0.720924,-0.257380,0.055320
-0.156181,0.026112,0.678001,0.006386,-0.006823,-0.059147,0.998206,-0.063685,0.006142,-2.496081,-1.559643,0.065553,-0.364923,0.184909,1.019937,-0.032902,2.552757,0.085770,-0.182661,-0.039049,0.179443,0.526358,-0.252695,-0.010346,-0.124449,-0.126772,-0.104079,0.642976,-0.294491,0.049973
-0.159209,0.027711,0.678237,0.009344,-0.005228,-0.064100,0.997886,-0.061643,0.006096,-2.502295,-1.536267,0.065119,-0.376320,0.107577,0.969590,-0.135489,2.575223,0.079515,-0.204230,-0.040091,0.189628,0.549124,-0.241291,-0.013012,-0.099279,-0.129172,-0.109251,0.579897,-0.329835,0.042162
-0.163384,0.028967,0.679040,0.012011,-0.003344,-0.067493,0.997642,-0.059573,0.005966,-2.485916,-1.503877,0.065744,-0.430344,-0.002730,0.898800,-0.215460,2.581585,0.074192,-0.235159,-0.038976,0.192843,0.581626,-0.221447,-0.017843,-0.084827,-0.130173,-0.110638,0.533514,-0.352281,0.033823
-0.168393,0.029566,0.680447,0.014315,-0.001209,-0.068952,0.997517,-0.057505,0.005740,-2.445144,-1.460311,0.067190,-0.529336,-0.131697,0.817562,-0.270463,2.570766,0.067326,-0.275486,-0.035648,0.189081,0.624434,-0.190855,-0.024412,-0.080636,-0.130279,-0.108143,0.500639,-0.360703,0.025099
-0.173988,0.029346,0.681828,0.016465,0.000824,-0.068336,0.997526,-0.055479,0.005428,-2.375932,-1.402092,0.068424,-0.675427,-0.270867,0.733851,-0.298400,2.545091,0.058627,-0.322729,-0.030287,0.178337,0.675100,-0.153579,-0.031540,-0.083884,-0.129167,-0.101635,0.477930,-0.359070,0.017231
-0.179500,0.028262,0.682681,0.018508,0.002884,-0.065530,0.997675,-0.053520,0.005031,-2.277723,-1.325779,0.067951,-0.868145,-0.414639,0.654151,-0.299119,2.509774,0.047704,-0.374305,-0.023574,0.162719,0.733006,-0.113536,-0.039662,-0.092031,-0.127634,-0.091719,0.462962,-0.351840,0.009881
-0.184377,0.026488,0.682463,0.020308,0.004801,-0.060355,0.997959,-0.051669,0.004543,-2.153076,-1.232265,0.064485,-1.098226,-0.558560,0.582619,-0.274846,2.468761,0.034820,-0.427470,-0.015662,0.143899,0.795819,-0.075822,-0.047175,-0.102186,-0.125380,-0.080434,0.453222,-0.341688,0.002706
-0.188624,0.024527,0.680857,0.021977,0.006355,-0.053650,0.998298,-0.049971,0.003979,-2.004810,-1.128297,0.057703,-1.350938,-0.698865,0.523165,-0.228537,2.424110,0.019470,-0.478123,-0.008114,0.124304,0.859887,-0.045257,-0.051971,-0.111802,-0.123452,-0.069583,0.445506,-0.331161,-0.004156
-0.192615,0.022664,0.681520,0.023636,0.007445,-0.045636,0.998651,-0.048485,0.003364,-1.836193,-1.025558,0.048230,-1.609824,-0.834359,0.480471,-0.163386,2.377512,0.002105,-0.523436,-0.001897,0.106563,0.922340,-0.024986,-0.053301,-0.119671,-0.122548,-0.060555,0.437921,-0.320610,-0.010241
-0.196759,0.021115,0.682951,0.025045,0.008161,-0.037133,0.998963,-0.047231,0.002742,-1.650647,-0.935446,0.036899,-1.859420,-0.967392,0.459787,-0.082323,2.329367,-0.015447,-0.561484,0.002508,0.091870,0.980849,-0.016301,-0.050339,-0.125618,-0.122489,-0.053773,0.429259,-0.310273,-0.015505
-0.201301,0.019985,0.684244,0.026262,0.008670,-0.028836,0.999201,-0.046191,0.002167,-1.453977,-0.868084,0.024281,-2.084950,-1.104177,0.467462,0.014173,2.276138,-0.031433,-0.591039,0.005203,0.081685,1.033059,-0.020385,-0.044628,-0.130041,-0.122906,-0.049098,0.419455,-0.300070,-0.019764
-0.206400,0.019076,0.685389,0.027221,0.009158,-0.021238,0.999362,-0.045343,0.001652,-1.253977,-0.831717,0.011040,-2.271856,-1.249646,0.508339,0.124820,2.210622,-0.044906,-0.613042,0.006107,0.075606,1.079288,-0.031966,-0.038515,-0.133653,-0.123012,-0.046314,0.408218,-0.289866,-0.022020
-0.212151,0.018070,0.686361,0.027705,0.009409,-0.014658,0.999464,-0.044681,0.001219,-1.053977,-0.831662,-0.001751,-2.411255,-1.404447,0.578805,0.244803,2.124285,-0.054016,-0.627925,0.006172,0.071850,1.117745,-0.046390,-0.032537,-0.136341,-0.122031,-0.044948,0.396415,-0.279220,-0.022908
-0.218182,0.016898,0.687382,0.027721,0.009409,-0.009545,0.999526,-0.044181,0.000884,-0.853977,-0.867955,-0.012986,-2.507097,-1.568034,0.668922,0.370401,2.012576,-0.059726,-0.635120,0.005405,0.069684,1.145809,-0.060197,-0.029028,-0.138189,-0.119985,-0.045184,0.384289,-0.269137,-0.023090
-0.224031,0.015452,0.688413,0.027201,0.009201,-0.005609,0.999572,-0.043805,0.000649,-0.654300,-0.934709,-0.022090,-2.569376,-1.735190,0.771482,0.498118,1.879315,-0.061756,-0.634299,0.004984,0.069377,1.161046,-0.071598,-0.029393,-0.139040,-0.116703,-0.047624,0.372518,-0.259596,-0.023226
-0.229124,0.013738,0.689068,0.025942,0.008825,-0.002887,0.999620,-0.043500,0.000509,-0.460961,-1.021505,-0.029432,-2.608837,-1.900753,0.878695,0.624909,1.729733,-0.060675,-0.624762,0.005482,0.070150,1.160874,-0.081201,-0.033170,-0.138582,-0.111522,-0.052094,0.361631,-0.250742,-0.022904
-0.233101,0.011889,0.689446,0.024160,0.008039,-0.000972,0.999675,-0.043236,0.000452,-0.279363,-1.117326,-0.035655,-2.634014,-2.059222,0.982759,0.747801,1.569707,-0.057833,-0.605676,0.006919,0.072226,1.144041,-0.090308,-0.039394,-0.136219,-0.105346,-0.058329,0.351530,-0.243699,-0.022624
-0.235717,0.010027,0.689514,0.021644,0.006823,0.000315,0.999742,-0.043012,0.000463,-0.112979,-1.212528,-0.041060,-2.651837,-2.202354,1.073781,0.862267,1.406887,-0.053525,-0.577351,0.008902,0.074410,1.110804,-0.097674,-0.047941,-0.131493,-0.097549,-0.065199,0.341956,-0.238582,-0.022928
-0.236890,0.008549,0.689186,0.018343,0.005292,0.001440,0.999817,-0.042831,0.000541,0.034488,-1.300392,-0.045609,-2.669026,-2.323925,1.142567,0.964746,1.251271,-0.048058,-0.539954,0.011647,0.076579,1.060846,-0.102270,-0.059551,-0.124475,-0.088636,-0.072323,0.333455,-0.235040,-0.024193
-0.237061,0.007791,0.688719,0.014667,0.003576,0.002866,0.999882,-0.042696,0.000689,0.159594,-1.377664,-0.049115,-2.689427,-2.422655,1.188792,1.056512,1.112982,-0.042564,-0.495289,0.014310,0.078105,0.994470,-0.109446,-0.070731,-0.115671,-0.079661,-0.079806,0.324967,-0.233311,-0.025525
-0.236852,0.007596,0.687989,0.010443,0.001722,0.004724,0.999933,-0.042612,0.000909,0.259183,-1.442188,-0.051466,-2.713108,-2.498184,1.218709,1.139492,0.998004,-0.035498,-0.444690,0.017169,0.078272,0.916456,-0.123846,-0.077390,-0.106063,-0.069847,-0.087131,0.317176,-0.232476,-0.026191
-0.236624,0.007752,0.687170,0.006096,-0.000014,0.007272,0.999955,-0.042594,0.001201,0.331172,-1.491714,-0.052914,-2.737948,-2.556461,1.237430,1.215536,0.905435,-0.028489,-0.391811,0.019757,0.078217,0.832264,-0.145323,-0.077924,-0.096778,-0.060294,-0.095236,0.310236,-0.232899,-0.025704
-0.236561,0.008130,0.686429,0.001957,-0.001535,0.010533,0.999941,-0.042655,0.001559,0.380133,-1.525038,-0.053789,-2.761123,-2.601745,1.248262,1.285378,0.832746,-0.023097,-0.340241,0.021183,0.078203,0.748123,-0.168789,-0.074222,-0.088498,-0.051634,-0.103255,0.304175,-0.234521,-0.025006
-0.236648,0.008654,0.685848,-0.001626,-0.002670,0.014566,0.999889,-0.042819,0.001961,0.410041,-1.542526,-0.054195,-2.780320,-2.637040,1.253302,1.349049,0.776896,-0.020351,-0.293083,0.020944,0.077394,0.668519,-0.191666,-0.067316,-0.081589,-0.044502,-0.109834,0.298821,-0.236609,-0.024372
-0.236934,0.009209,0.685496,-0.004545,-0.003378,0.019510,0.999794,-0.043114,0.002379,0.423344,-1.545830,-0.054269,-2.793912,-2.665174,1.254074,1.406525,0.735158,-0.020575,-0.252539,0.019491,0.075488,0.597014,-0.213959,-0.057225,-0.076143,-0.039031,-0.114783,0.293838,-0.238889,-0.023559
-0.237487,0.009806,0.685478,-0.006652,-0.003614,0.025166,0.999655,-0.043564,0.002783,0.423077,-1.537527,-0.054086,-2.800906,-2.688177,1.252059,1.457999,0.704590,-0.022437,-0.219903,0.016810,0.072959,0.536470,-0.237524,-0.043353,-0.072111,-0.035503,-0.118327,0.288651,-0.241360,-0.022783
-0.238212,0.010436,0.685565,-0.008382,-0.003588,0.030730,0.999486,-0.044182,0.003149,0.412938,-1.521142,-0.053768,-2.801905,-2.706585,1.247899,1.504105,0.682222,-0.024413,-0.194896,0.013739,0.071149,0.489491,-0.256786,-0.028860,-0.069191,-0.032956,-0.121294,0.283956,-0.243573,-0.022151
-0.239160,0.011253,0.686002,-0.009375,-0.003254,0.035629,0.999316,-0.044964,0.003461,0.396788,-1.500406,-0.053409,-2.797816,-2.721417,1.243557,1.545634,0.665595,-0.026980,-0.177826,0.010306,0.071588,0.454149,-0.267727,-0.017171,-0.067268,-0.032520,-0.124717,0.278970,-0.246185,-0.021662
-0.240303,0.012281,0.686627,-0.009934,-0.002725,0.039161,0.999180,-0.045883,0.003711,0.378082,-1.478598,-0.053175,-2.790900,-2.732988,1.239645,1.583200,0.652636,-0.028614,-0.167333,0.006614,0.072742,0.428889,-0.269932,-0.009960,-0.066211,-0.033224,-0.127332,0.273769,-0.248408,-0.021245
-0.241480,0.013459,0.687269,-0.010275,-0.002130,0.041012,0.999104,-0.046901,0.003891,0.359445,-1.459587,-0.053110,-2.783617,-2.741565,1.236475,1.617424,0.641761,-0.028917,-0.161317,0.003539,0.074290,0.411405,-0.266862,-0.006906,-0.065594,-0.034520,-0.129744,0.268570,-0.250113,-0.019875
-0.242683,0.014762,0.687739,-0.010730,-0.001552,0.040986,0.999101,-0.047963,0.004007,0.343275,-1.443753,-0.053222,-2.778122,-2.746836,1.233257,1.648793,0.631916,-0.026610,-0.157918,0.001763,0.076447,0.399562,-0.261162,-0.007100,-0.065533,-0.035499,-0.132321,0.263900,-0.250721,-0.017115
-0.243838,0.016318,0.688096,-0.011267,-0.001079,0.038773,0.999184,-0.049009,0.004067,0.331119,-1.431428,-0.053519,-2.775743,-2.748566,1.230052,1.677403,0.622995,-0.022036,-0.156010,0.000698,0.079395,0.391958,-0.255135,-0.008847,-0.066027,-0.036504,-0.134804,0.259874,-0.250672,-0.012947
-0.244863,0.018079,0.688268,-0.012009,-0.000758,0.034773,0.999323,-0.049980,0.004088,0.323738,-1.422418,-0.053980,-2.776829,-2.746753,1.225945,1.703124,0.614869,-0.016080,-0.154596,0.000261,0.082736,0.387018,-0.250162,-0.009979,-0.066893,-0.037286,-0.136745,0.256668,-0.249847,-0.007736
-0.245747,0.020126,0.688339,-0.012520,-0.000521,0.029553,0.999485,-0.050829,0.004083,0.320565,-1.416059,-0.054535,-2.780493,-2.741865,1.220850,1.725657,0.608238,-0.010589,-0.153945,-0.000918,0.085605,0.384687,-0.246407,-0.009594,-0.068233,-0.038623,-0.136999,0.254224,-0.248137,-0.001462
-0.246503,0.022320,0.688197,-0.013131,-0.000472,0.023744,0.999632,-0.051523,0.004074,0.320294,-1.411331,-0.055133,-2.785536,-2.733654,1.213225,1.744815,0.603875,-0.006753,-0.153822,-0.002461,0.087857,0.384635,-0.243940,-0.007582,-0.069868,-0.040006,-0.135491,0.252838,-0.245738,0.006286
-0.247173,0.024589,0.687867,-0.013810,-0.000647,0.017959,0.999743,-0.052062,0.004081,0.321425,-1.406800,-0.055657,-2.790419,-2.721580,1.201665,1.760313,0.603046,-0.005136,-0.153740,-0.004091,0.090246,0.386264,-0.241956,-0.004497,-0.071624,-0.041534,-0.133120,0.252793,-0.243069,0.015143
-0.247911,0.026955,0.687394,-0.014485,-0.001061,0.012516,0.999816,-0.052464,0.004133,0.322209,-1.399796,-0.056024,-2.793640,-2.704870,1.185482,1.771980,0.606955,-0.005121,-0.153870,-0.005620,0.093204,0.388542,-0.241315,0.000220,-0.073709,-0.043556,-0.130404,0.254371,-0.240573,0.024468
-0.248702,0.029395,0.686819,-0.015054,-0.001739,0.007492,0.999857,-0.052750,0.004264,0.320948,-1.390414,-0.056283,-2.793615,-2.683133,1.164433,1.779009,0.617431,-0.006995,-0.153844,-0.007374,0.097477,0.391747,-0.241957,0.005712,-0.076100,-0.046406,-0.128351,0.258100,-0.239111,0.034291
-0.249593,0.031839,0.685969,-0.015611,-0.002674,0.003038,0.999870,-0.052944,0.004509,0.316293,-1.377738,-0.056348,-2.788566,-2.655235,1.137453,1.780849,0.636129,-0.009389,-0.153651,-0.008681,0.103230,0.395643,-0.242588,0.011503,-0.079546,-0.049736,-0.128120,0.265745,-0.238360,0.044373
-0.250717,0.034401,0.684924,-0.015958,-0.003626,-0.001159,0.999865,-0.053059,0.004894,0.306856,-1.361321,-0.056159,-2.776800,-2.621153,1.105916,1.775768,0.666740,-0.013280,-0.154135,-0.010027,0.110842,0.401055,-0.243177,0.017076,-0.085520,-0.054394,-0.130381,0.278542,-0.239055,0.054869
-0.252017,0.036749,0.682911,-0.016829,-0.004624,-0.005282,0.999834,-0.053110,0.005435,0.292552,-1.339786,-0.055662,-2.757864,-2.578465,1.067628,1.763713,0.711513,-0.017917,-0.155354,-0.009191,0.120395,0.407968,-0.245450,0.023315,-0.095363,-0.058738,-0.136641,0.300998,-0.239276,0.065351
-0.253432,0.038924,0.681784,-0.018072,-0.005647,-0.009351,0.999777,-0.053108,0.006138,0.273111,-1.312237,-0.054593,-2.730707,-2.526245,1.022303,1.744612,0.770790,-0.022333,-0.157725,-0.006779,0.131845,0.417375,-0.249002,0.029693,-0.109506,-0.064149,-0.146505,0.335016,-0.239621,0.073495
-0.254923,0.040829,0.681172,-0.019562,-0.006607,-0.013317,0.999698,-0.053054,0.007001,0.248071,-1.278170,-0.052746,-2.694669,-2.462826,0.970240,1.718538,0.845750,-0.026645,-0.161998,-0.002876,0.143889,0.429998,-0.254214,0.035926,-0.129048,-0.070859,-0.159356,0.383530,-0.239326,0.078326
-0.256434,0.042407,0.680484,-0.021181,-0.007461,-0.016915,0.999605,-0.052952,0.008000,0.215905,-1.235381,-0.049547,-2.649918,-2.386629,0.911079,1.685456,0.937137,-0.030763,-0.168445,0.002391,0.155704,0.447065,-0.260332,0.041729,-0.154314,-0.079678,-0.174553,0.447353,-0.238593,0.079087
-0.257750,0.043395,0.680028,-0.023413,-0.008020,-0.020207,0.999489,-0.052808,0.009093,0.177554,-1.184863,-0.044728,-2.598396,-2.295987,0.845437,1.645573,1.045304,-0.033769,-0.177579,0.009876,0.165928,0.468257,-0.265733,0.046231,-0.184999,-0.089428,-0.190799,0.527376,-0.238103,0.075282
-0.258670,0.043757,0.679639,-0.026072,-0.008224,-0.023240,0.999356,-0.052621,0.010217,0.134435,-1.128534,-0.038125,-2.544626,-2.189707,0.774550,1.599865,1.169627,-0.035185,-0.189129,0.019245,0.174106,0.492295,-0.272363,0.048039,-0.221051,-0.100726,-0.206447,0.622191,-0.238825,0.066832
-0.258871,0.043576,0.679471,-0.029183,-0.008217,-0.026066,0.999200,-0.052398,0.011312,0.089082,-1.067615,-0.030019,-2.495653,-2.066071,0.699460,1.550156,1.307325,-0.034467,-0.201677,0.030137,0.179387,0.518802,-0.278609,0.046761,-0.260592,-0.112518,-0.220171,0.729666,-0.241090,0.055071
-0.258152,0.043056,0.679446,-0.032181,-0.007792,-0.028840,0.999035,-0.052142,0.012306,0.041974,-1.003016,-0.020865,-2.458162,-1.926812,0.621736,1.495944,1.453084,-0.031267,-0.215182,0.040945,0.180906,0.545610,-0.283762,0.042198,-0.302489,-0.126363,-0.228879,0.843668,-0.246682,0.040793
-0.256393,0.042085,0.679502,-0.035178,-0.006808,-0.031590,0.998858,-0.051859,0.013117,-0.005904,-0.936044,-0.011317,-2.436426,-1.773601,0.543364,1.436055,1.604638,-0.025612,-0.228842,0.051719,0.178789,0.570904,-0.288816,0.035413,-0.345762,-0.140639,-0.232349,0.959813,-0.254325,0.027142
-0.253654,0.040661,0.679697,-0.038245,-0.005263,-0.034481,0.998659,-0.051551,0.013669,-0.053508,-0.867074,-0.002307,-2.433733,-1.608292,0.466094,1.369923,1.759334,-0.017790,-0.241603,0.062525,0.174022,0.593000,-0.293622,0.027193,-0.388493,-0.154739,-0.230827,1.071597,-0.264291,0.016449
-0.249979,0.038770,0.680146,-0.041545,-0.002981,-0.037591,0.998425,-0.051216,0.013891,-0.099536,-0.797096,0.005031,-2.451181,-1.434106,0.390000,1.296545,1.914606,-0.008260,-0.253263,0.073353,0.167200,0.610299,-0.297877,0.017641,-0.429654,-0.167688,-0.224398,1.174258,-0.276103,0.009947
-0.245668,0.036567,0.680642,-0.044634,-0.000342,-0.040714,0.998173,-0.050856,0.013734,-0.143480,-0.723869,0.010096,-2.485832,-1.254984,0.314798,1.214835,2.066554,0.001365,-0.262915,0.083729,0.159513,0.622586,-0.302458,0.007736,-0.467942,-0.180382,-0.214206,1.263194,-0.288751,0.007800
-0.241063,0.034093,0.681319,-0.047561,0.002709,-0.043722,0.997907,-0.050471,0.013157,-0.185016,-0.644321,0.012427,-2.532256,-1.076567,0.240051,1.122731,2.210434,0.010322,-0.270554,0.093425,0.151659,0.629890,-0.306112,-0.001125,-0.501770,-0.192388,-0.201580,1.334818,-0.301116,0.009824
-0.236673,0.031113,0.682021,-0.050280,0.006213,-0.046369,0.997639,-0.050063,0.012131,-0.223911,-0.556128,0.012116,-2.581366,-0.905264,0.164232,1.018690,2.340217,0.018247,-0.277074,0.102748,0.144103,0.631384,-0.309822,-0.008360,-0.531111,-0.204099,-0.187727,1.387155,-0.310510,0.015308
-0.233015,0.027887,0.682744,-0.052801,0.009870,-0.048512,0.997377,-0.049627,0.010646,-0.258000,-0.458648,0.009404,-2.624254,-0.747459,0.090695,0.902583,2.453619,0.024544,-0.281828,0.111405,0.137731,0.627777,-0.313398,-0.013887,-0.554803,-0.214990,-0.174223,1.418460,-0.316720,0.023891
-0.230481,0.024610,0.683568,-0.054857,0.013407,-0.050125,0.997145,-0.049163,0.008729,-0.285985,-0.352491,0.004670,-2.654346,-0.609848,0.022728,0.776511,2.548595,0.028474,-0.284828,0.119035,0.132269,0.619859,-0.314967,-0.017761,-0.572107,-0.225258,-0.161112,1.427922,-0.320361,0.033882
-0.229125,0.021418,0.684500,-0.056528,0.016610,-0.051136,0.996952,-0.048671,0.006434,-0.307529,-0.241094,-0.001440,-2.666884,-0.500558,-0.037459,0.642191,2.620185,0.030677,-0.285911,0.125351,0.127564,0.607347,-0.314537,-0.020472,-0.582329,-0.234315,-0.148407,1.415778,-0.321700,0.044841
-0.228977,0.018393,0.685438,-0.057604,0.019271,-0.051712,0.996813,-0.048154,0.003845,-0.323402,-0.129496,-0.008452,-2.658874,-0.424217,-0.085967,0.500364,2.663586,0.031470,-0.284458,0.130128,0.123505,0.590440,-0.312431,-0.022568,-0.584807,-0.242000,-0.135693,1.382836,-0.320417,0.055699
-0.229855,0.015438,0.686410,-0.057945,0.021473,-0.051811,0.996743,-0.047616,0.001049,-0.334757,-0.021673,-0.015780,-2.628672,-0.381736,-0.122310,0.353839,2.677720,0.031367,-0.280785,0.132883,0.119992,0.569281,-0.308245,-0.024011,-0.579592,-0.247808,-0.122929,1.330209,-0.315171,0.066931
-0.231617,0.012695,0.687241,-0.057573,0.023097,-0.051524,0.996743,-0.047071,-0.001847,-0.343924,0.079191,-0.023072,-2.576874,-0.369068,-0.146273,0.206960,2.662670,0.031400,-0.274735,0.133746,0.116841,0.544104,-0.303226,-0.023628,-0.566611,-0.251505,-0.109632,1.260295,-0.300909,0.080127
-0.233873,0.010223,0.688134,-0.056459,0.024098,-0.050955,0.996813,-0.046529,-0.004737,-0.351959,0.169911,-0.029959,-2.506131,-0.379088,-0.158572,0.064979,2.621862,0.032542,-0.266277,0.132370,0.113643,0.516615,-0.295227,-0.022026,-0.545742,-0.253007,-0.094347,1.174273,-0.276086,0.097193
-0.236301,0.007865,0.689732,-0.054549,0.024573,-0.050004,0.996955,-0.046006,-0.007538,-0.360870,0.248030,-0.035971,-2.418823,-0.403930,-0.162917,-0.067313,2.558200,0.034519,-0.255765,0.128762,0.109817,0.487118,-0.285292,-0.021194,-0.517351,-0.252953,-0.075773,1.074129,-0.246251,0.118181
-0.238543,0.005597,0.691502,-0.051884,0.024773,-0.048817,0.997152,-0.045519,-0.010194,-0.370741,0.313317,-0.040701,-2.318350,-0.436133,-0.164143,-0.187342,2.473767,0.038100,-0.244152,0.123162,0.105159,0.456881,-0.274444,-0.021650,-0.482957,-0.252192,-0.053845,0.965115,-0.213338,0.141691
-0.240508,0.003308,0.692819,-0.048455,0.024893,-0.047326,0.997393,-0.045076,-0.012695,-0.380714,0.367413,-0.043717,-2.206988,-0.467969,-0.167083,-0.292453,2.372511,0.043728,-0.232606,0.115597,0.098699,0.427738,-0.262295,-0.023801,-0.444768,-0.251836,-0.028744,0.853698,-0.172340,0.167898
-0.242153,0.000950,0.693673,-0.044386,0.024946,-0.045470,0.997667,-0.044688,-0.015041,-0.388096,0.412799,-0.044764,-2.087226,-0.494147,-0.175042,-0.378586,2.259084,0.051521,-0.222180,0.106515,0.089952,0.400903,-0.249645,-0.026882,-0.404513,-0.252239,-0.001365,0.744047,-0.123064,0.195756
-0.243563,-0.001387,0.694065,-0.039989,0.025122,-0.043552,0.997934,-0.044364,-0.017252,-0.391533,0.450819,-0.043961,-1.962979,-0.512554,-0.188194,-0.443483,2.136410,0.062477,-0.213652,0.096575,0.078437,0.377347,-0.236941,-0.030408,-0.364033,-0.253561,0.027820,0.640957,-0.069121,0.224460
-0.244780,-0.003788,0.694062,-0.035414,0.025515,-0.041617,0.998180,-0.044100,-0.019386,-0.388891,0.481545,-0.041304,-1.836356,-0.524779,-0.205865,-0.487512,2.006426,0.075670,-0.207818,0.086298,0.064470,0.358134,-0.224305,-0.035785,-0.325309,-0.256609,0.055431,0.547644,-0.026857,0.250221
-0.245851,-0.006343,0.693970,-0.030636,0.026103,-0.039713,0.998400,-0.043898,-0.021488,-0.380156,0.503860,-0.037219,-1.708879,-0.532870,-0.228503,-0.510597,1.872265,0.088927,-0.204322,0.076067,0.048952,0.342587,-0.214248,-0.042300,-0.290079,-0.261515,0.078830,0.468696,-0.001407,0.270706
-0.246780,-0.009121,0.693587,-0.025715,0.026807,-0.038036,0.998586,-0.043753,-0.023580,-0.365818,0.516888,-0.032144,-1.581924,-0.539287,-0.255441,-0.513491,1.735081,0.100491,-0.202353,0.066474,0.034054,0.330616,-0.205214,-0.048837,-0.259989,-0.267542,0.096276,0.406597,0.011290,0.283782
-0.247716,-0.012271,0.693075,-0.020846,0.027629,-0.036642,0.998729,-0.043653,-0.025682,-0.347624,0.520913,-0.026430,-1.457071,-0.544357,-0.285041,-0.496723,1.596083,0.108714,-0.201350,0.058393,0.020984,0.320997,-0.197072,-0.056100,-0.236067,-0.273489,0.107966,0.360171,0.015495,0.291161
-0.248650,-0.015870,0.692546,-0.016142,0.028484,-0.035573,0.998831,-0.043583,-0.027786,-0.326256,0.515976,-0.020608,-1.335528,-0.548251,-0.315639,-0.461846,1.456909,0.113369,-0.200381,0.052420,0.011137,0.312362,-0.190331,-0.063517,-0.217965,-0.278726,0.114277,0.326620,0.007382,0.292428
-0.249588,-0.019857,0.692032,-0.011668,0.029491,-0.034962,0.998885,-0.043525,-0.029891,-0.302114,0.502860,-0.014859,-1.217468,-0.548994,-0.345092,-0.410584,1.319969,0.114088,-0.199082,0.048343,0.004065,0.303885,-0.184407,-0.071296,-0.205744,-0.282849,0.116695,0.304539,-0.012183,0.289172
-0.250583,-0.024288,0.691610,-0.007426,0.030527,-0.034693,0.998904,-0.043454,-0.031987,-0.274847,0.481581,-0.009549,-1.102462,-0.545536,-0.371417,-0.345734,1.186748,0.110917,-0.197222,0.046384,0.000756,0.295264,-0.179994,-0.079783,-0.198872,-0.285791,0.114928,0.291590,-0.040293,0.282349
-0.251602,-0.029167,0.691153,-0.003442,0.031572,-0.034712,0.998893,-0.043352,-0.034042,-0.244189,0.453012,-0.005014,-0.990992,-0.536326,-0.393035,-0.269954,1.058611,0.103256,-0.194607,0.046397,0.001126,0.286816,-0.176152,-0.088644,-0.196641,-0.286557,0.112041,0.285246,-0.065871,0.274560
-0.252666,-0.034444,0.690642,0.000082,0.032536,-0.034929,0.998860,-0.043203,-0.036029,-0.209106,0.418713,-0.001167,-0.883449,-0.521573,-0.406264,-0.187753,0.935477,0.092813,-0.191754,0.048770,0.004733,0.278889,-0.172155,-0.097957,-0.197794,-0.284828,0.109509,0.282480,-0.086105,0.267360
-0.253836,-0.040030,0.690074,0.003036,0.033570,-0.035073,0.998816,-0.042999,-0.037934,-0.168070,0.380467,0.001919,-0.781109,-0.499915,-0.408666,-0.103634,0.817893,0.082146,-0.189868,0.053227,0.009565,0.272484,-0.168230,-0.107524,-0.201364,-0.281017,0.107672,0.282456,-0.100919,0.260877
-0.255054,-0.045887,0.689420,0.005359,0.034488,-0.034852,0.998783,-0.042745,-0.039724,-0.120099,0.338349,0.004088,-0.685446,-0.470493,-0.398365,-0.021609,0.704746,0.073052,-0.189162,0.059494,0.013826,0.268107,-0.164312,-0.117278,-0.205524,-0.275378,0.106251,0.284423,-0.112508,0.254657
-0.256264,-0.051877,0.688688,0.007197,0.035394,-0.033997,0.998769,-0.042462,-0.041387,-0.066505,0.292675,0.005475,-0.599528,-0.432371,-0.373628,0.053744,0.594136,0.065692,-0.190320,0.066902,0.016764,0.266051,-0.160554,-0.126983,-0.209906,-0.268415,0.104720,0.288021,-0.121916,0.247676
-0.257351,-0.058054,0.687810,0.008501,0.036059,-0.032422,0.998787,-0.042167,-0.042906,-0.009267,0.243044,0.006093,-0.527157,-0.385809,-0.333954,0.117550,0.483846,0.060122,-0.192936,0.075604,0.018867,0.266792,-0.157045,-0.136285,-0.213385,-0.260149,0.102162,0.292755,-0.130631,0.240181
-0.258145,-0.064386,0.686727,0.009327,0.036474,-0.030027,0.998840,-0.041882,-0.044264,0.048727,0.189531,0.006141,-0.472128,-0.329972,-0.279239,0.165798,0.374122,0.055698,-0.196901,0.085338,0.019476,0.270329,-0.153280,-0.145177,-0.215770,-0.250668,0.099205,0.298161,-0.139532,0.231698
-0.258514,-0.070905,0.685425,0.009818,0.036718,-0.026825,0.998917,-0.041634,-0.045456,0.106041,0.131691,0.005889,-0.436879,-0.263690,-0.210172,0.196222,0.268724,0.052939,-0.201934,0.095761,0.017946,0.276032,-0.148932,-0.154346,-0.216889,-0.240226,0.096205,0.304439,-0.148527,0.222347
-0.258313,-0.077626,0.684183,0.009933,0.036596,-0.022896,0.999018,-0.041441,-0.046463,0.161910,0.070145,0.005352,-0.423700,-0.187192,-0.128552,0.208012,0.172567,0.051946,-0.207236,0.106913,0.014390,0.283130,-0.144915,-0.164009,-0.216569,-0.229040,0.093083,0.311941,-0.158652,0.209983
-0.257392,-0.084606,0.683451,0.009667,0.035920,-0.018249,0.999141,-0.041316,-0.047257,0.215410,0.005796,0.004681,-0.434031,-0.103554,-0.036713,0.201873,0.092920,0.052138,-0.212302,0.118988,0.009534,0.292084,-0.141435,-0.174773,-0.214368,-0.216768,0.089355,0.320381,-0.169484,0.195950
-0.255851,-0.091788,0.682744,0.009329,0.035004,-0.012977,0.999259,-0.041263,-0.047849,0.264828,-0.060897,0.004005,-0.467536,-0.016481,0.061791,0.179124,0.037927,0.051963,-0.217445,0.131267,0.004011,0.302397,-0.137654,-0.186058,-0.211586,-0.204074,0.085256,0.329880,-0.180655,0.181246
-0.253765,-0.099227,0.682050,0.008750,0.033809,-0.007198,0.999364,-0.041274,-0.048238,0.309592,-0.128890,0.003319,-0.521959,0.072021,0.164176,0.142769,0.015314,0.050361,-0.222849,0.144360,-0.001893,0.314687,-0.134009,-0.197321,-0.208689,-0.190476,0.081335,0.340414,-0.192482,0.166515
-0.251229,-0.106914,0.681791,0.007996,0.032287,-0.000695,0.999446,-0.041346,-0.048426,0.350146,-0.196835,0.002654,-0.593973,0.159618,0.267984,0.096179,0.030285,0.046412,-0.228757,0.158177,-0.008065,0.329773,-0.130767,-0.208607,-0.205947,-0.176153,0.077589,0.352636,-0.204330,0.151620
-0.248467,-0.114754,0.681697,0.007254,0.030807,0.006483,0.999478,-0.041483,-0.048432,0.386412,-0.263259,0.002128,-0.679794,0.243220,0.371161,0.042635,0.084479,0.039445,-0.236570,0.172259,-0.014056,0.348324,-0.128443,-0.220569,-0.204560,-0.161577,0.074393,0.366552,-0.216591,0.136795
-0.245608,-0.122765,0.681466,0.006612,0.029246,0.014604,0.999444,-0.041692,-0.048276,0.416793,-0.327201,0.001796,-0.775026,0.319659,0.472167,-0.014294,0.175875,0.029604,-0.246928,0.186316,-0.019522,0.372218,-0.124247,-0.233070,-0.204499,-0.147074,0.071215,0.382749,-0.229073,0.121905
-0.242933,-0.130898,0.681043,0.006232,0.027841,0.023790,0.999310,-0.041988,-0.048000,0.438356,-0.388195,0.001827,-0.874583,0.386206,0.570010,-0.070814,0.297691,0.017623,-0.261961,0.200078,-0.024566,0.401794,-0.115372,-0.245371,-0.206389,-0.133122,0.067724,0.401374,-0.242605,0.107538
-0.240643,-0.139035,0.680526,0.006198,0.026883,0.033893,0.999045,-0.042382,-0.047671,0.449521,-0.447231,0.002266,-0.973080,0.441397,0.664269,-0.122492,0.439291,0.004141,-0.282482,0.212630,-0.029582,0.436697,-0.102757,-0.255810,-0.211083,-0.120181,0.064078,0.422423,-0.256394,0.093801
-0.238743,-0.147115,0.679820,0.006391,0.026031,0.044667,0.998642,-0.042883,-0.047334,0.450375,-0.505009,0.003136,-1.066078,0.483829,0.754834,-0.165035,0.588751,-0.008796,-0.308239,0.223871,-0.034187,0.477369,-0.087343,-0.263362,-0.217507,-0.108244,0.059769,0.445423,-0.270946,0.080113
-0.237307,-0.154959,0.679071,0.007018,0.025205,0.055698,0.998105,-0.043495,-0.047006,0.441436,-0.562586,0.004538,-1.150801,0.511186,0.840384,-0.194735,0.734737,-0.020109,-0.337927,0.233159,-0.037106,0.522910,-0.071647,-0.267796,-0.224967,-0.097964,0.054440,0.469689,-0.285244,0.066306
-0.236511,-0.162419,0.678269,0.008095,0.024725,0.066437,0.997451,-0.044204,-0.046734,0.422926,-0.621295,0.006311,-1.225942,0.520706,0.919636,-0.208431,0.868860,-0.027594,-0.371480,0.240140,-0.036468,0.571856,-0.060831,-0.267836,-0.234112,-0.089852,0.047573,0.494629,-0.299622,0.052816
-0.236298,-0.169401,0.677476,0.009641,0.024168,0.076797,0.996707,-0.044986,-0.046538,0.395706,-0.682000,0.008386,-1.291290,0.512195,0.991315,-0.204025,0.985552,-0.031143,-0.406812,0.244663,-0.032010,0.624495,-0.052963,-0.263258,-0.243550,-0.084021,0.038771,0.519476,-0.312746,0.040493
-0.236766,-0.175801,0.676720,0.011555,0.023775,0.086511,0.995900,-0.045809,-0.046423,0.361145,-0.745623,0.010764,-1.348274,0.485534,1.055016,-0.181259,1.082227,-0.030837,-0.443290,0.246920,-0.023829,0.678399,-0.052091,-0.251554,-0.253059,-0.080958,0.028021,0.542762,-0.325022,0.029157
-0.237856,-0.181621,0.676191,0.013578,0.023420,0.095455,0.995066,-0.046648,-0.046397,0.321063,-0.810891,0.013247,-1.399805,0.442285,1.111053,-0.141743,1.158676,-0.027524,-0.478878,0.246800,-0.012684,0.733255,-0.059226,-0.233622,-0.262052,-0.079869,0.015759,0.563246,-0.334816,0.016741
-0.239508,-0.186888,0.675880,0.015782,0.023023,0.103630,0.994224,-0.047475,-0.046432,0.276657,-0.877280,0.015756,-1.448456,0.385438,1.159435,-0.088909,1.218209,-0.022288,-0.511387,0.244120,0.001375,0.787076,-0.072714,-0.213796,-0.269608,-0.080668,0.002688,0.579895,-0.342382,0.004830
-0.241621,-0.191703,0.675851,0.018188,0.022696,0.111485,0.993340,-0.048276,-0.046495,0.227939,-0.943447,0.018377,-1.496406,0.319063,1.201354,-0.027648,1.266660,-0.017014,-0.540039,0.239277,0.017432,0.838316,-0.091032,-0.195436,-0.275538,-0.083124,-0.010753,0.591769,-0.346879,-0.004814
-0.244037,-0.196222,0.676084,0.020590,0.022270,0.119359,0.992388,-0.049041,-0.046567,0.174847,-1.007411,0.021020,-1.544389,0.246643,1.238081,0.037294,1.310113,-0.012547,-0.564335,0.232746,0.033995,0.886101,-0.111299,-0.178834,-0.279126,-0.086524,-0.024415,0.598490,-0.348937,-0.013588
-0.246597,-0.200580,0.676620,0.022918,0.021805,0.127637,0.991316,-0.049789,-0.046614,0.117375,-1.067119,0.023823,-1.592792,0.171287,1.270405,0.102187,1.353314,-0.010311,-0.583712,0.224637,0.049850,0.928960,-0.128230,-0.166364,-0.279786,-0.090070,-0.037890,0.598838,-0.348459,-0.021138
-0.249150,-0.204856,0.677367,0.025132,0.021109,0.136452,0.990103,-0.050544,-0.046605,0.055964,-1.122327,0.026718,-1.640962,0.094886,1.299409,0.164103,1.399702,-0.009843,-0.596984,0.215116,0.064205,0.964069,-0.142440,-0.157262,-0.276660,-0.093635,-0.051205,0.592727,-0.346502,-0.027353
-0.251576,-0.209109,0.678361,0.026993,0.020191,0.145779,0.988743,-0.051331,-0.046519,-0.009132,-1.171804,0.029586,-1.688445,0.018289,1.325758,0.220871,1.450728,-0.010799,-0.604189,0.204645,0.077058,0.990483,-0.152121,-0.153552,-0.270055,-0.096193,-0.064302,0.580798,-0.341915,-0.032777
-0.253779,-0.213311,0.679944,0.028750,0.019254,0.155696,0.987199,-0.052178,-0.046345,-0.078238,-1.216415,0.032380,-1.733960,-0.058124,1.348764,0.271518,1.506563,-0.013598,-0.605502,0.193388,0.089389,1.007191,-0.157614,-0.155479,-0.260334,-0.098446,-0.077397,0.563470,-0.335393,-0.036138
-0.255708,-0.217376,0.681627,0.030234,0.018003,0.165748,0.985540,-0.053100,-0.046069,-0.150385,-1.255728,0.034962,-1.776655,-0.134804,1.369239,0.314692,1.566007,-0.016863,-0.600588,0.182310,0.101265,1.013800,-0.159447,-0.161216,-0.247198,-0.099811,-0.090632,0.541692,-0.325869,-0.038353
-0.257435,-0.221301,0.683416,0.031395,0.016766,0.175691,0.983802,-0.054115,-0.045710,-0.225526,-1.290401,0.037156,-1.815568,-0.212318,1.386800,0.349991,1.626752,-0.019299,-0.590332,0.171276,0.113071,1.009407,-0.159322,-0.167483,-0.232203,-0.100068,-0.104053,0.516260,-0.315093,-0.040174
-0.258968,-0.224977,0.685097,0.032263,0.015644,0.185259,0.982035,-0.055231,-0.045283,-0.302418,-1.321238,0.038879,-1.850425,-0.290634,1.401992,0.378050,1.686113,-0.020105,-0.575010,0.160223,0.124889,0.994192,-0.157311,-0.174007,-0.215859,-0.099678,-0.117706,0.488704,-0.303486,-0.040176
-0.259496,-0.228769,0.686498,0.032879,0.014435,0.194245,0.980296,-0.056440,-0.044805,-0.379626,-1.348279,0.039720,-1.881883,-0.374006,1.421776,0.408151,1.752377,-0.018996,-0.554605,0.149852,0.136005,0.969252,-0.152694,-0.178874,-0.198370,-0.098111,-0.131938,0.460781,-0.291521,-0.039560
-0.258831,-0.232423,0.687591,0.033074,0.013367,0.202375,0.978658,-0.057733,-0.044333,-0.455130,-1.367281,0.039595,-1.913656,-0.463035,1.443924,0.449271,1.826277,-0.016207,-0.529919,0.140952,0.146721,0.935171,-0.147491,-0.182780,-0.180191,-0.094589,-0.146979,0.433299,-0.280395,-0.039640
-0.257643,-0.235694,0.688452,0.032888,0.012327,0.209515,0.977175,-0.059093,-0.043899,-0.526594,-1.381647,0.038867,-1.944309,-0.550761,1.463480,0.491871,1.895277,-0.011603,-0.500982,0.133085,0.157406,0.892096,-0.143188,-0.186654,-0.162272,-0.089872,-0.162464,0.407113,-0.270769,-0.040025
-0.256120,-0.238516,0.688982,0.032199,0.011328,0.215462,0.975915,-0.060488,-0.043522,-0.592447,-1.392656,0.037681,-1.972405,-0.634943,1.481127,0.532822,1.957303,-0.004806,-0.468591,0.126348,0.167668,0.841402,-0.139922,-0.191230,-0.145480,-0.083810,-0.177891,0.383499,-0.262875,-0.039855
-0.254365,-0.241032,0.689360,0.031074,0.010601,0.220477,0.974840,-0.061897,-0.043241,-0.652301,-1.400372,0.036275,-1.997350,-0.712989,1.496753,0.571741,2.012052,0.003061,-0.434689,0.120747,0.177256,0.784962,-0.137279,-0.195383,-0.131034,-0.076986,-0.193373,0.363155,-0.257955,-0.039523
-0.252325,-0.243223,0.689444,0.029515,0.009894,0.224565,0.973962,-0.063295,-0.043064,-0.704003,-1.404242,0.034838,-2.019145,-0.782480,1.510332,0.609104,2.060337,0.010833,-0.399511,0.116726,0.185784,0.725724,-0.134321,-0.199889,-0.118358,-0.069534,-0.208681,0.346743,-0.255204,-0.039911
-0.250080,-0.245168,0.689286,0.027629,0.009299,0.227851,0.973260,-0.064671,-0.043010,-0.746420,-1.403980,0.033593,-2.037956,-0.841346,1.521674,0.645328,2.103395,0.017775,-0.364354,0.114085,0.192660,0.665351,-0.134435,-0.202133,-0.107923,-0.061474,-0.223174,0.333988,-0.254032,-0.041096
-0.248419,-0.246424,0.689084,0.025666,0.008922,0.230533,0.972685,-0.066023,-0.043083,-0.779097,-1.400749,0.032971,-2.052902,-0.883701,1.524465,0.672184,2.132046,0.023302,-0.330850,0.111514,0.198437,0.606595,-0.138711,-0.202521,-0.099942,-0.054178,-0.235920,0.324457,-0.254232,-0.042766
-0.247646,-0.247201,0.688930,0.023874,0.008905,0.232882,0.972171,-0.067350,-0.043266,-0.802780,-1.399041,0.033057,-2.061236,-0.908764,1.520909,0.682520,2.144646,0.026781,-0.301209,0.107948,0.202337,0.552151,-0.143889,-0.200774,-0.095337,-0.048629,-0.245368,0.318043,-0.254431,-0.044326
-0.247097,-0.247709,0.688731,0.022420,0.009095,0.234960,0.971704,-0.068658,-0.043556,-0.818934,-1.396490,0.033468,-2.064832,-0.923102,1.515692,0.687426,2.153261,0.026932,-0.275902,0.103865,0.203674,0.504511,-0.147683,-0.196505,-0.092933,-0.044453,-0.250798,0.314237,-0.254351,-0.045471
-0.246599,-0.248009,0.688609,0.021392,0.009408,0.236980,0.971233,-0.069963,-0.043958,-0.828104,-1.392810,0.034146,-2.065358,-0.928672,1.508932,0.690961,2.160267,0.023752,-0.255056,0.099430,0.202730,0.464463,-0.150016,-0.189338,-0.091725,-0.041467,-0.252343,0.311563,-0.254214,-0.046105
-0.246086,-0.248150,0.688541,0.020685,0.009809,0.239141,0.970715,-0.071282,-0.044472,-0.832122,-1.388800,0.035015,-2.063810,-0.927562,1.501078,0.694780,2.167041,0.018395,-0.238673,0.095147,0.200696,0.432348,-0.151561,-0.180055,-0.090913,-0.039443,-0.251411,0.309239,-0.253775,-0.046324
-0.245595,-0.248083,0.688570,0.020329,0.010302,0.241155,0.970219,-0.072627,-0.045102,-0.832689,-1.384786,0.035848,-2.061262,-0.922699,1.493096,0.699387,2.173832,0.012050,-0.226648,0.090986,0.198761,0.408191,-0.153069,-0.169510,-0.090172,-0.038388,-0.249080,0.306686,-0.253010,-0.046118
-0.245123,-0.247839,0.688671,0.020212,0.010899,0.242835,0.969796,-0.073996,-0.045840,-0.831716,-1.381031,0.036475,-2.058418,-0.917051,1.485787,0.704514,2.180435,0.005447,-0.218890,0.087355,0.197646,0.391664,-0.152954,-0.161238,-0.089385,-0.038052,-0.245864,0.303676,-0.251797,-0.045447
-0.244716,-0.247447,0.688804,0.020166,0.011555,0.243795,0.969548,-0.075370,-0.046683,-0.830402,-1.377156,0.036833,-2.056288,-0.912891,1.479701,0.709668,2.186190,0.000289,-0.214479,0.084820,0.197445,0.381357,-0.150951,-0.155460,-0.088716,-0.038106,-0.242842,0.300469,-0.250166,-0.044536
-0.244360,-0.246988,0.688909,0.020009,0.012195,0.243858,0.969528,-0.076729,-0.047621,-0.829477,-1.372622,0.036931,-2.055299,-0.911101,1.475278,0.714495,2.190545,-0.002533,-0.212474,0.083832,0.198505,0.375851,-0.148287,-0.151777,-0.088121,-0.038093,-0.241060,0.297349,-0.248393,-0.043598
-0.244060,-0.246491,0.689010,0.019822,0.012847,0.243061,0.969723,-0.078044,-0.048630,-0.829126,-1.366815,0.036798,-2.055569,-0.911831,1.472686,0.719086,2.193171,-0.001608,-0.212103,0.083821,0.200651,0.373618,-0.146561,-0.149625,-0.087771,-0.038123,-0.241079,0.294761,-0.247012,-0.042744
-0.243819,-0.245948,0.689052,0.019668,0.013352,0.241199,0.970184,-0.079287,-0.049683,-0.828863,-1.359026,0.036393,-2.057350,-0.914585,1.471937,0.723523,2.193947,0.002579,-0.212393,0.084352,0.203533,0.373875,-0.146540,-0.148293,-0.087699,-0.038333,-0.242628,0.293516,-0.246280,-0.042163
-0.243593,-0.245359,0.689009,0.019602,0.013730,0.238561,0.970833,-0.080436,-0.050743,-0.828080,-1.348907,0.035846,-2.060682,-0.918463,1.472126,0.727955,2.193269,0.008622,-0.213169,0.084912,0.206176,0.376141,-0.148278,-0.147049,-0.088189,-0.038769,-0.244416,0.294008,-0.246102,-0.041676
-0.243354,-0.244809,0.688901,0.019549,0.014026,0.235681,0.971533,-0.081482,-0.051775,-0.826312,-1.337083,0.035344,-2.065099,-0.921949,1.472150,0.732573,2.192062,0.014435,-0.214457,0.085378,0.207506,0.380470,-0.149895,-0.145646,-0.089377,-0.039300,-0.245225,0.296142,-0.246591,-0.041463
-0.243058,-0.244300,0.688716,0.019570,0.013998,0.232853,0.972214,-0.082429,-0.052739,-0.822907,-1.324244,0.034996,-2.069956,-0.923303,1.470938,0.737702,2.191110,0.018993,-0.215665,0.085937,0.208189,0.386345,-0.150492,-0.144255,-0.090740,-0.039825,-0.245305,0.299916,-0.248057,-0.041746
-0.242647,-0.243864,0.688413,0.019615,0.013482,0.230433,0.972797,-0.083293,-0.053581,-0.817692,-1.311331,0.034900,-2.074340,-0.920628,1.467690,0.743398,2.191045,0.021432,-0.216442,0.086737,0.207655,0.393383,-0.150380,-0.143179,-0.091584,-0.040083,-0.243995,0.304928,-0.250512,-0.042366
-0.242109,-0.243523,0.687957,0.019713,0.012498,0.228574,0.973247,-0.084095,-0.054234,-0.810395,-1.298671,0.035136,-2.077722,-0.912707,1.461930,0.749776,2.192058,0.021864,-0.216846,0.087883,0.206178,0.401644,-0.150556,-0.142602,-0.091737,-0.040018,-0.241510,0.311071,-0.253774,-0.043242
-0.241426,-0.243240,0.687366,0.019800,0.010963,0.227183,0.973589,-0.084859,-0.054643,-0.800426,-1.286618,0.035770,-2.080280,-0.898717,1.453330,0.757331,2.193903,0.020341,-0.216956,0.089571,0.204056,0.411844,-0.151844,-0.142575,-0.091124,-0.039514,-0.237973,0.318222,-0.258030,-0.044356
-0.240639,-0.243063,0.686628,0.019838,0.009092,0.226327,0.973807,-0.085605,-0.054756,-0.787713,-1.275074,0.036979,-2.082628,-0.878551,1.441401,0.766653,2.196161,0.017306,-0.217775,0.091938,0.201462,0.424852,-0.153739,-0.143228,-0.090185,-0.038576,-0.233692,0.326518,-0.263079,-0.045703
-0.239748,-0.242939,0.685806,0.019867,0.006942,0.225639,0.973984,-0.086353,-0.054539,-0.771461,-1.264038,0.038799,-2.085678,-0.852394,1.426639,0.778711,2.198102,0.012974,-0.219716,0.095023,0.198425,0.441713,-0.155359,-0.144590,-0.089213,-0.037309,-0.228685,0.336012,-0.269227,-0.047314
-0.238754,-0.242844,0.684830,0.019975,0.004476,0.224838,0.974181,-0.087107,-0.053973,-0.750583,-1.252979,0.041249,-2.090995,-0.820669,1.409303,0.794229,2.197766,0.008346,-0.223473,0.098933,0.195467,0.462824,-0.158120,-0.147286,-0.088386,-0.035981,-0.223038,0.347421,-0.276445,-0.048948
-0.237613,-0.242749,0.683718,0.020176,0.002035,0.223877,0.974406,-0.087862,-0.053072,-0.725018,-1.241848,0.044465,-2.099877,-0.784379,1.390479,0.813700,2.194230,0.004024,-0.230342,0.103396,0.191767,0.490315,-0.159617,-0.151117,-0.088501,-0.034830,-0.216413,0.360924,-0.284300,-0.050652
-0.236302,-0.242699,0.682529,0.020519,-0.000045,0.222881,0.974630,-0.088617,-0.051895,-0.695050,-1.232096,0.048433,-2.112850,-0.745465,1.371380,0.838029,2.186178,-0.000863,-0.242363,0.108809,0.187500,0.525675,-0.159025,-0.155794,-0.090365,-0.034137,-0.209229,0.376684,-0.293105,-0.052032
-0.234852,-0.242654,0.681273,0.020874,-0.001755,0.222060,0.974808,-0.089373,-0.050531,-0.662013,-1.226299,0.053107,-2.129259,-0.706097,1.353111,0.867296,2.172693,-0.007415,-0.260453,0.115428,0.182331,0.570140,-0.152091,-0.163666,-0.094401,-0.033944,-0.201329,0.394908,-0.302738,-0.053395
-0.233346,-0.242580,0.680067,0.021389,-0.002584,0.221057,0.975023,-0.090128,-0.049100,-0.629683,-1.224560,0.058322,-2.148277,-0.669927,1.338000,0.901013,2.153621,-0.015134,-0.285582,0.123269,0.176548,0.623332,-0.137043,-0.175467,-0.101350,-0.034529,-0.192948,0.415160,-0.313289,-0.054518
-0.231940,-0.242409,0.679012,0.022149,-0.001840,0.219323,0.975399,-0.090868,-0.047739,-0.600495,-1.228229,0.063726,-2.168407,-0.641373,1.328788,0.938145,2.128378,-0.022148,-0.318469,0.131948,0.169751,0.683745,-0.115126,-0.189663,-0.112353,-0.036294,-0.184107,0.437290,-0.324602,-0.055331
-0.230442,-0.242327,0.677766,0.022847,-0.001692,0.218632,0.975538,-0.091605,-0.046542,-0.577596,-1.239988,0.069629,-2.184639,-0.620897,1.325254,0.976262,2.095796,-0.032706,-0.355927,0.142081,0.160835,0.751621,-0.092580,-0.205297,-0.123963,-0.038376,-0.175372,0.461418,-0.336388,-0.056005
-0.229213,-0.241988,0.676707,0.023951,-0.000939,0.217429,0.975782,-0.092338,-0.045566,-0.563179,-1.261361,0.075582,-2.192221,-0.610833,1.329457,1.013547,2.055954,-0.043289,-0.398142,0.152479,0.150692,0.825398,-0.072042,-0.219511,-0.137209,-0.041767,-0.165884,0.485871,-0.348527,-0.056839
-0.228372,-0.241427,0.675729,0.025223,0.000276,0.215884,0.976093,-0.093060,-0.044873,-0.559047,-1.293144,0.081367,-2.186300,-0.612300,1.341307,1.048131,2.008252,-0.053954,-0.444058,0.162918,0.138948,0.903079,-0.055486,-0.230743,-0.151968,-0.046037,-0.156008,0.510366,-0.360284,-0.056784
-0.228116,-0.240530,0.674925,0.026550,0.001825,0.213777,0.976520,-0.093767,-0.044488,-0.566388,-1.334750,0.086701,-2.162460,-0.625093,1.359501,1.077227,1.953089,-0.064201,-0.491693,0.173281,0.125762,0.981633,-0.043980,-0.238979,-0.167672,-0.051044,-0.145595,0.533729,-0.370830,-0.056623
-0.228548,-0.239135,0.674377,0.028070,0.003695,0.210687,0.977143,-0.094444,-0.044417,-0.585443,-1.384166,0.091152,-2.117357,-0.648062,1.382458,1.098223,1.890936,-0.072934,-0.539062,0.183202,0.111750,1.057820,-0.041529,-0.242013,-0.183759,-0.057028,-0.134748,0.555066,-0.379670,-0.056461
-0.229743,-0.237193,0.674090,0.029791,0.005493,0.206964,0.977879,-0.095077,-0.044627,-0.614415,-1.440503,0.094145,-2.048080,-0.678216,1.407244,1.109195,1.821968,-0.080583,-0.584198,0.191848,0.097074,1.129147,-0.048574,-0.239636,-0.199067,-0.063940,-0.123159,0.573435,-0.386156,-0.055880
-0.231515,-0.234686,0.673962,0.031454,0.006382,0.203120,0.978628,-0.095664,-0.045058,-0.651797,-1.501295,0.095131,-1.953818,-0.711146,1.430527,1.108831,1.747593,-0.088624,-0.624275,0.199593,0.082304,1.193839,-0.063155,-0.234059,-0.211596,-0.071114,-0.111009,0.587774,-0.389539,-0.054513
-0.235068,-0.230808,0.674333,0.033286,0.008196,0.197827,0.979637,-0.096182,-0.045672,-0.695509,-1.563270,0.093448,-1.836172,-0.742948,1.445426,1.088516,1.650543,-0.093176,-0.660599,0.205031,0.069019,1.247505,-0.078328,-0.226707,-0.224193,-0.080119,-0.097700,0.596830,-0.388078,-0.051531
-0.239407,-0.226545,0.674929,0.034838,0.009969,0.192412,0.980645,-0.096622,-0.046427,-0.746741,-1.621537,0.088672,-1.696589,-0.775965,1.463024,1.047982,1.533530,-0.097112,-0.690562,0.209659,0.056517,1.287339,-0.089944,-0.219712,-0.235068,-0.089338,-0.084470,0.600408,-0.381593,-0.046549
-0.244076,-0.222122,0.675906,0.036215,0.011478,0.186717,0.981679,-0.096989,-0.047283,-0.804790,-1.669556,0.081120,-1.542559,-0.811296,1.481313,0.991103,1.404218,-0.099904,-0.712552,0.213964,0.044914,1.311126,-0.097134,-0.214377,-0.242867,-0.098145,-0.071475,0.597799,-0.371301,-0.040646
-0.248804,-0.217635,0.677444,0.037539,0.012571,0.180661,0.982749,-0.097274,-0.048187,-0.867081,-1.702822,0.071702,-1.381968,-0.848219,1.498822,0.922215,1.267682,-0.101092,-0.725506,0.217182,0.034072,1.318011,-0.099541,-0.210212,-0.247027,-0.106526,-0.058665,0.589392,-0.358186,-0.033793
-0.253351,-0.213195,0.679193,0.038658,0.013384,0.174337,0.983836,-0.097472,-0.049100,-0.931077,-1.719562,0.061300,-1.222649,-0.887045,1.514469,0.845071,1.126806,-0.100980,-0.728806,0.219558,0.024698,1.307136,-0.097652,-0.207417,-0.247626,-0.114207,-0.046715,0.575803,-0.342450,-0.026059
-0.257479,-0.208903,0.680973,0.039383,0.013812,0.167915,0.984918,-0.097582,-0.049993,-0.994657,-1.719461,0.050978,-1.070975,-0.927990,1.526966,0.761972,0.984530,-0.099780,-0.722971,0.222024,0.016372,1.279128,-0.092421,-0.203309,-0.244732,-0.120675,-0.035878,0.557641,-0.325304,-0.017844
-0.261133,-0.204714,0.682710,0.039762,0.013862,0.161374,0.985995,-0.097597,-0.050836,-1.056484,-1.703838,0.041583,-0.931363,-0.971011,1.536096,0.676209,0.842564,-0.097753,-0.708432,0.224267,0.009421,1.235375,-0.083492,-0.198808,-0.238687,-0.126139,-0.025927,0.536168,-0.307686,-0.009643
-0.263389,-0.201263,0.684325,0.039816,0.014290,0.154428,0.987098,-0.097520,-0.051626,-1.115981,-1.672827,0.033496,-0.808526,-1.020144,1.547147,0.599983,0.722165,-0.094262,-0.686857,0.226806,0.003220,1.177671,-0.071113,-0.194988,-0.230860,-0.129697,-0.016829,0.512452,-0.291537,-0.002184
-0.264801,-0.197854,0.685662,0.039457,0.014355,0.147556,0.988162,-0.097341,-0.052385,-1.169264,-1.630355,0.027651,-0.706736,-1.069857,1.546342,0.536129,0.623698,-0.090403,-0.659317,0.228757,-0.003888,1.109626,-0.056702,-0.190932,-0.221526,-0.131897,-0.008295,0.488981,-0.277052,0.004204
-0.265700,-0.194161,0.686729,0.038662,0.014345,0.140516,0.989219,-0.097060,-0.053108,-1.213668,-1.581616,0.023700,-0.623537,-1.116595,1.534902,0.483335,0.542608,-0.086166,-0.627067,0.229955,-0.011344,1.033659,-0.042673,-0.185875,-0.211864,-0.133382,0.000118,0.466758,-0.264332,0.009902
-0.266134,-0.190146,0.687492,0.037301,0.014213,0.133467,0.990249,-0.096671,-0.053783,-1.250385,-1.530409,0.021016,-0.557641,-1.159542,1.514061,0.439956,0.476302,-0.082047,-0.591094,0.231018,-0.018981,0.952254,-0.029416,-0.181976,-0.202184,-0.133887,0.008417,0.446648,-0.253017,0.015869
-0.266219,-0.185827,0.687900,0.035488,0.013973,0.126500,0.991233,-0.096174,-0.054405,-1.280291,-1.477467,0.019108,-0.508005,-1.197520,1.485210,0.405214,0.424037,-0.078223,-0.553550,0.231933,-0.027095,0.869967,-0.014089,-0.179566,-0.193113,-0.133753,0.017099,0.428873,-0.243660,0.022638
-0.266032,-0.181176,0.688066,0.033301,0.013836,0.119695,0.992156,-0.095575,-0.054975,-1.303130,-1.424191,0.017658,-0.473529,-1.230227,1.451258,0.377724,0.385803,-0.074840,-0.515941,0.232369,-0.035312,0.789942,0.005763,-0.181437,-0.185250,-0.133367,0.026138,0.413954,-0.235942,0.029665
-0.265617,-0.176139,0.688006,0.030873,0.013785,0.113026,0.993017,-0.094882,-0.055499,-1.318734,-1.369087,0.016892,-0.451826,-1.255949,1.411971,0.356313,0.359688,-0.072160,-0.479333,0.232548,-0.043382,0.714256,0.027318,-0.186450,-0.178911,-0.133172,0.034900,0.402215,-0.229783,0.037140
-0.264892,-0.170676,0.687680,0.028287,0.013349,0.106598,0.993810,-0.094100,-0.055984,-1.327135,-1.313508,0.016439,-0.441648,-1.274601,1.369201,0.339307,0.344169,-0.069623,-0.443744,0.232225,-0.050400,0.646240,0.043442,-0.193026,-0.173021,-0.133491,0.043332,0.393410,-0.225224,0.045116
-0.263892,-0.164801,0.687137,0.025484,0.012930,0.100195,0.994557,-0.093239,-0.056402,-1.329305,-1.257633,0.015987,-0.441726,-1.286551,1.323869,0.325081,0.338113,-0.066125,-0.409590,0.232129,-0.054398,0.586828,0.051440,-0.202149,-0.167389,-0.134216,0.050704,0.386497,-0.222429,0.053487
-0.262701,-0.158516,0.686418,0.022577,0.012681,0.094197,0.995217,-0.092311,-0.056746,-1.327830,-1.202183,0.015633,-0.452744,-1.292423,1.276384,0.311180,0.340953,-0.061862,-0.378184,0.231658,-0.055457,0.537369,0.053877,-0.215034,-0.162188,-0.135743,0.056549,0.380615,-0.221266,0.061523
-0.261346,-0.151809,0.685590,0.019717,0.012643,0.088682,0.995785,-0.091339,-0.057039,-1.321590,-1.146865,0.015284,-0.472951,-1.292278,1.226626,0.296651,0.351793,-0.056188,-0.350865,0.230468,-0.053691,0.497717,0.050548,-0.228650,-0.157451,-0.138611,0.060364,0.375908,-0.221347,0.069155
-0.259789,-0.144649,0.684676,0.017060,0.012630,0.083741,0.996261,-0.090350,-0.057279,-1.310062,-1.092198,0.014904,-0.499710,-1.286259,1.174889,0.280170,0.369898,-0.049207,-0.327245,0.227733,-0.049782,0.467371,0.041200,-0.241084,-0.152518,-0.143005,0.062117,0.372003,-0.222317,0.076640
-0.258025,-0.137080,0.683629,0.014463,0.012477,0.079367,0.996662,-0.089363,-0.057454,-1.293731,-1.038011,0.014408,-0.531399,-1.273897,1.120423,0.261278,0.393183,-0.040308,-0.306801,0.223761,-0.043602,0.444728,0.023582,-0.250755,-0.146664,-0.148711,0.061309,0.368554,-0.223895,0.084593
-0.256000,-0.129213,0.682529,0.012008,0.012356,0.075804,0.996974,-0.088398,-0.057546,-1.273800,-0.985785,0.013529,-0.567414,-1.256258,1.064380,0.238541,0.422041,-0.029928,-0.289569,0.218260,-0.036326,0.429012,-0.000961,-0.256091,-0.139713,-0.155515,0.058569,0.364689,-0.225580,0.093016
-0.253746,-0.121022,0.681392,0.009750,0.012303,0.073000,0.997208,-0.087477,-0.057556,-1.250322,-0.934810,0.012433,-0.606680,-1.232281,1.006532,0.211071,0.455958,-0.018907,-0.275956,0.211291,-0.028877,0.418841,-0.026343,-0.257491,-0.132021,-0.163543,0.054322,0.360348,-0.227165,0.101478
-0.251325,-0.112576,0.681323,0.007734,0.012545,0.071045,0.997364,-0.086632,-0.057509,-1.223921,-0.884762,0.011226,-0.648000,-1.201971,0.946979,0.178076,0.494462,-0.007716,-0.266428,0.202577,-0.022148,0.413255,-0.049623,-0.254163,-0.124233,-0.172679,0.049113,0.355747,-0.228032,0.110269
-0.248669,-0.103923,0.681559,0.005911,0.012723,0.069739,0.997467,-0.085882,-0.057423,-1.193767,-0.835062,0.009856,-0.689275,-1.164646,0.885522,0.140103,0.535682,0.003003,-0.259805,0.192621,-0.016598,0.411004,-0.071398,-0.245776,-0.116200,-0.183014,0.043678,0.351949,-0.227940,0.118428
-0.245831,-0.095168,0.681898,0.004168,0.013005,0.068946,0.997527,-0.085240,-0.057306,-1.160856,-0.785176,0.008356,-0.729764,-1.120092,0.823497,0.096693,0.578091,0.012492,-0.255206,0.181911,-0.012278,0.411700,-0.091086,-0.233945,-0.108854,-0.193649,0.038396,0.349271,-0.226120,0.124057
-0.242824,-0.086368,0.682245,0.002438,0.013325,0.068382,0.997567,-0.084703,-0.057169,-1.125336,-0.734618,0.006853,-0.768644,-1.068628,0.761959,0.048034,0.619987,0.021132,-0.251846,0.170919,-0.009108,0.414012,-0.109492,-0.220329,-0.102256,-0.204035,0.033830,0.347614,-0.222715,0.128605
-0.239686,-0.077547,0.682524,0.000875,0.013606,0.067713,0.997612,-0.084282,-0.057012,-1.087043,-0.682332,0.005261,-0.804955,-1.011111,0.702204,-0.004469,0.659306,0.028205,-0.248643,0.159573,-0.007128,0.417427,-0.127187,-0.206366,-0.096806,-0.214479,0.030444,0.347381,-0.217130,0.132715
-0.236599,-0.068811,0.682790,-0.000692,0.013982,0.066819,0.997667,-0.083966,-0.056833,-1.045779,-0.627965,0.003562,-0.837999,-0.950831,0.646133,-0.061114,0.693935,0.034550,-0.245860,0.148321,-0.005733,0.421095,-0.144040,-0.192804,-0.093307,-0.224767,0.027997,0.349027,-0.209769,0.136136
-0.233589,-0.060191,0.683032,-0.002314,0.014310,0.065423,0.997752,-0.083740,-0.056617,-1.001489,-0.571189,0.001793,-0.866859,-0.888759,0.594099,-0.120591,0.721781,0.040394,-0.242772,0.137387,-0.004883,0.424561,-0.159817,-0.179025,-0.092031,-0.234724,0.026266,0.353534,-0.200413,0.138323
-0.230725,-0.051684,0.683235,-0.003947,0.014418,0.063395,0.997877,-0.083578,-0.056338,-0.954452,-0.512280,0.000005,-0.890547,-0.826178,0.546551,-0.181156,0.741429,0.045845,-0.238893,0.126780,-0.004170,0.427601,-0.174740,-0.165447,-0.092987,-0.244288,0.025180,0.361328,-0.189016,0.138911
-0.228100,-0.043390,0.683414,-0.005611,0.014507,0.060852,0.998026,-0.083450,-0.055967,-0.905564,-0.452134,-0.001764,-0.908410,-0.765467,0.504629,-0.241490,0.752793,0.050884,-0.234782,0.116683,-0.003022,0.430252,-0.188744,-0.152296,-0.096779,-0.252972,0.024104,0.372688,-0.175061,0.138759
-0.225872,-0.035304,0.683604,-0.007190,0.014608,0.057850,0.998192,-0.083339,-0.055476,-0.855686,-0.392362,-0.003555,-0.919623,-0.709373,0.468201,-0.300385,0.756200,0.054627,-0.230687,0.106761,-0.001014,0.432965,-0.201421,-0.138937,-0.103784,-0.261457,0.022618,0.387979,-0.158970,0.138962
-0.224083,-0.027484,0.683740,-0.008855,0.014755,0.054623,0.998359,-0.083235,-0.054866,-0.807131,-0.333886,-0.005287,-0.924598,-0.658338,0.436518,-0.356711,0.751514,0.056802,-0.227333,0.097722,0.002399,0.436092,-0.213614,-0.126539,-0.114779,-0.269439,0.020053,0.408702,-0.139784,0.136834
-0.222775,-0.019986,0.683739,-0.010655,0.015034,0.051588,0.998498,-0.083119,-0.054131,-0.761469,-0.278760,-0.006874,-0.923802,-0.612444,0.408431,-0.410518,0.739416,0.056964,-0.225539,0.089761,0.007325,0.440756,-0.226168,-0.114224,-0.130005,-0.276533,0.015831,0.435513,-0.117775,0.130726
-0.221903,-0.012829,0.683590,-0.012597,0.015222,0.048728,0.998617,-0.082995,-0.053272,-0.720060,-0.228179,-0.008289,-0.917983,-0.570366,0.382559,-0.460589,0.720832,0.055178,-0.225534,0.083021,0.013602,0.448229,-0.239117,-0.102227,-0.148839,-0.282644,0.009600,0.468628,-0.096474,0.120545
-0.221474,-0.006093,0.683300,-0.014673,0.015501,0.046208,0.998704,-0.082866,-0.052283,-0.683933,-0.182784,-0.009504,-0.907926,-0.532701,0.359207,-0.506987,0.697110,0.052014,-0.227839,0.077560,0.021041,0.458883,-0.252414,-0.090689,-0.170992,-0.287514,0.000692,0.508376,-0.081454,0.108429
-0.221440,0.000224,0.682859,-0.016870,0.015886,0.043845,0.998770,-0.082733,-0.051180,-0.653032,-0.142257,-0.010515,-0.894635,-0.499665,0.337987,-0.550066,0.668718,0.048022,-0.232672,0.073253,0.029059,0.472810,-0.266065,-0.079743,-0.196536,-0.291012,-0.010177,0.555616,-0.073807,0.095080
-0.221766,0.006137,0.682254,-0.019013,0.016340,0.041605,0.998820,-0.082601,-0.049984,-0.627196,-0.106547,-0.011354,-0.878617,-0.470980,0.317625,-0.590031,0.636368,0.043551,-0.239823,0.069524,0.036782,0.489772,-0.279641,-0.069088,-0.225223,-0.293363,-0.021439,0.610360,-0.074265,0.081513
-0.222265,0.011646,0.681467,-0.021182,0.016737,0.039502,0.998855,-0.082468,-0.048728,-0.606132,-0.074793,-0.011934,-0.860633,-0.444944,0.297692,-0.626565,0.600300,0.039995,-0.248802,0.066447,0.043680,0.509230,-0.293606,-0.059512,-0.255837,-0.293986,-0.032294,0.671946,-0.083158,0.067970
-0.222926,0.016771,0.680440,-0.023248,0.017062,0.037455,0.998882,-0.082332,-0.047418,-0.588657,-0.046934,-0.012382,-0.840910,-0.421220,0.277946,-0.659123,0.561418,0.037536,-0.258929,0.063527,0.049226,0.530276,-0.308057,-0.049548,-0.287375,-0.292907,-0.042146,0.738430,-0.100921,0.054888
-0.223680,0.021530,0.679304,-0.025090,0.017332,0.035272,0.998912,-0.082186,-0.046071,-0.573941,-0.022354,-0.012675,-0.819278,-0.399905,0.258442,-0.687110,0.520332,0.036388,-0.269587,0.060417,0.052928,0.551825,-0.320973,-0.038904,-0.318956,-0.290172,-0.050502,0.807857,-0.127997,0.043959
-0.224468,0.025939,0.678117,-0.026711,0.017555,0.032929,0.998946,-0.082017,-0.044700,-0.561223,-0.000736,-0.012842,-0.795608,-0.381082,0.239506,-0.710054,0.477870,0.036509,-0.279976,0.056920,0.054967,0.571851,-0.333482,-0.024175,-0.349810,-0.285427,-0.057565,0.878410,-0.160421,0.035801
-0.225243,0.030040,0.676949,-0.028107,0.017579,0.030441,0.998987,-0.081817,-0.043308,-0.550168,0.017818,-0.012917,-0.770272,-0.365100,0.221219,-0.728291,0.434311,0.037057,-0.289004,0.052876,0.055862,0.589551,-0.344896,-0.008218,-0.379025,-0.278800,-0.062674,0.947341,-0.192513,0.029447
-0.226015,0.033823,0.675744,-0.029269,0.017534,0.028013,0.999025,-0.081586,-0.041887,-0.540868,0.033234,-0.012909,-0.743798,-0.352035,0.203669,-0.741569,0.390579,0.037711,-0.296324,0.048567,0.056291,0.604352,-0.353567,0.007971,-0.405636,-0.270458,-0.066733,1.011372,-0.223099,0.024215
-0.226759,0.037334,0.674725,-0.030155,0.017350,0.025539,0.999068,-0.081322,-0.040432,-0.533072,0.045733,-0.012783,-0.716510,-0.341842,0.187458,-0.750177,0.347428,0.038069,-0.301381,0.044155,0.057102,0.615076,-0.359576,0.023312,-0.428790,-0.260779,-0.071011,1.068246,-0.251170,0.019044
-0.227491,0.040555,0.674137,-0.030839,0.017063,0.023069,0.999112,-0.081019,-0.038931,-0.526610,0.055317,-0.012621,-0.689023,-0.334360,0.173117,-0.754629,0.305620,0.037775,-0.303952,0.039965,0.058695,0.621284,-0.363133,0.038242,-0.448034,-0.249804,-0.076221,1.115977,-0.275667,0.013189
-0.228194,0.043505,0.674245,-0.031338,0.016749,0.020612,0.999156,-0.080677,-0.037370,-0.521341,0.062348,-0.012446,-0.661626,-0.329852,0.160900,-0.755809,0.265688,0.037045,-0.304140,0.035981,0.061383,0.623010,-0.364485,0.052274,-0.462821,-0.238018,-0.083199,1.153296,-0.297363,0.008029
-0.228861,0.046197,0.674648,-0.031685,0.016374,0.018164,0.999199,-0.080293,-0.035751,-0.517391,0.067151,-0.012273,-0.634730,-0.328508,0.150896,-0.754246,0.228384,0.035946,-0.302001,0.032433,0.065423,0.620364,-0.363951,0.064418,-0.472890,-0.225547,-0.092160,1.179452,-0.315690,0.003221
-0.229541,0.048654,0.675133,-0.031830,0.016064,0.015890,0.999238,-0.079868,-0.034084,-0.514663,0.069882,-0.012097,-0.608469,-0.329729,0.142514,-0.750432,0.194012,0.034345,-0.298043,0.028950,0.070265,0.613843,-0.362025,0.070889,-0.478613,-0.212387,-0.101865,1.194641,-0.329493,0.001562
-0.230195,0.050914,0.675672,-0.031726,0.015848,0.013747,0.999276,-0.079409,-0.032388,-0.512746,0.071121,-0.011914,-0.582791,-0.332629,0.135019,-0.744713,0.162930,0.032557,-0.292320,0.025600,0.075859,0.603761,-0.357669,0.074505,-0.480066,-0.198929,-0.111799,1.198595,-0.338995,0.002129
-0.230808,0.052987,0.676539,-0.031419,0.015577,0.011775,0.999316,-0.078912,-0.030682,-0.511039,0.071208,-0.011747,-0.557553,-0.336272,0.128121,-0.737597,0.134887,0.030683,-0.284821,0.022307,0.082042,0.589909,-0.352791,0.077119,-0.477232,-0.185341,-0.121736,1.191725,-0.344237,0.004745
-0.231360,0.054905,0.677783,-0.030932,0.015357,0.010042,0.999353,-0.078391,-0.028975,-0.509255,0.070456,-0.011640,-0.532975,-0.339942,0.121284,-0.729131,0.109130,0.028825,-0.276072,0.018827,0.088429,0.573115,-0.348978,0.079310,-0.470489,-0.171761,-0.130986,1.174259,-0.346902,0.009977
-0.231820,0.056706,0.678990,-0.030157,0.015076,0.008531,0.999395,-0.077852,-0.027271,-0.507321,0.069234,-0.011527,-0.508543,-0.343912,0.113809,-0.719689,0.085790,0.026808,-0.265896,0.014821,0.095010,0.554377,-0.343887,0.080911,-0.459369,-0.158870,-0.139436,1.146565,-0.348670,0.018549
-0.232193,0.058402,0.680209,-0.029193,0.014748,0.007250,0.999439,-0.077307,-0.025571,-0.505185,0.067766,-0.011416,-0.484357,-0.348388,0.105677,-0.709854,0.064956,0.024589,-0.254552,0.010323,0.101423,0.533562,-0.337804,0.080960,-0.444448,-0.146567,-0.146205,1.109771,-0.348604,0.029384
-0.232502,0.060003,0.681344,-0.027946,0.014383,0.006374,0.999486,-0.076765,-0.023872,-0.502854,0.065905,-0.011282,-0.460663,-0.352914,0.096228,-0.699594,0.046183,0.021344,-0.242210,0.004937,0.107735,0.511280,-0.330935,0.079494,-0.426092,-0.135258,-0.151602,1.064078,-0.348136,0.041937
-0.232683,0.061545,0.682168,-0.026420,0.013865,0.005747,0.999538,-0.076235,-0.022159,-0.500192,0.063648,-0.011147,-0.438119,-0.357428,0.085381,-0.689009,0.029047,0.017026,-0.228790,-0.000804,0.114667,0.488197,-0.321719,0.076636,-0.404226,-0.125728,-0.156268,1.010424,-0.348240,0.052595
-0.232822,0.062995,0.683146,-0.024637,0.013310,0.005432,0.999593,-0.075724,-0.020429,-0.497441,0.060952,-0.011007,-0.416863,-0.362129,0.073180,-0.678289,0.013558,0.011882,-0.215178,-0.006939,0.122033,0.464605,-0.312995,0.073780,-0.379557,-0.117740,-0.160383,0.949168,-0.349575,0.060460
-0.232883,0.064325,0.684088,-0.022687,0.012718,0.005261,0.999648,-0.075232,-0.018679,-0.495023,0.058622,-0.010893,-0.396810,-0.367207,0.060115,-0.667637,0.000315,0.006399,-0.201005,-0.013372,0.130781,0.440710,-0.304863,0.070755,-0.352252,-0.110592,-0.165412,0.881157,-0.353456,0.067845
-0.232894,0.065647,0.684639,-0.020251,0.012150,0.005270,0.999707,-0.074751,-0.016917,-0.492673,0.055713,-0.010728,-0.377460,-0.372533,0.045462,-0.657210,-0.009934,-0.000118,-0.186949,-0.020881,0.140093,0.417779,-0.296070,0.068184,-0.322608,-0.105238,-0.169723,0.807369,-0.357645,0.074569
-0.232896,0.066933,0.685066,-0.017485,0.011646,0.005328,0.999765,-0.074282,-0.015162,-0.490005,0.052413,-0.010576,-0.358453,-0.377124,0.029995,-0.646414,-0.017738,-0.006921,-0.173631,-0.029101,0.149829,0.395806,-0.288003,0.065057,-0.292205,-0.100931,-0.172968,0.729442,-0.361000,0.082180
-0.232886,0.068090,0.685317,-0.014626,0.011291,0.005306,0.999815,-0.073818,-0.013445,-0.486817,0.049077,-0.010452,-0.338852,-0.380871,0.014408,-0.635477,-0.023548,-0.013236,-0.161530,-0.037458,0.159117,0.375634,-0.280845,0.062979,-0.262117,-0.097416,-0.174708,0.650706,-0.360463,0.090456
-0.232998,0.069069,0.685559,-0.012138,0.011298,0.005057,0.999850,-0.073354,-0.011808,-0.483164,0.046805,-0.010363,-0.317600,-0.383751,0.000851,-0.624939,-0.028015,-0.017649,-0.151662,-0.044578,0.167928,0.357905,-0.275163,0.062056,-0.234344,-0.094177,-0.175385,0.576635,-0.350105,0.092527
-0.233273,0.069859,0.685730,-0.009965,0.011526,0.004384,0.999874,-0.072874,-0.010292,-0.478711,0.045267,-0.010214,-0.292806,-0.385173,-0.010140,-0.614984,-0.031545,-0.018967,-0.143862,-0.050909,0.174550,0.342836,-0.270441,0.062370,-0.209490,-0.090508,-0.174659,0.508475,-0.337771,0.091000
-0.233687,0.070488,0.685952,-0.008190,0.011941,0.003020,0.999891,-0.072359,-0.008917,-0.472409,0.044418,-0.009946,-0.261332,-0.383489,-0.017532,-0.605015,-0.034460,-0.016900,-0.137806,-0.056495,0.177871,0.329632,-0.266091,0.062528,-0.188553,-0.086530,-0.172210,0.449484,-0.322027,0.088248
-0.234292,0.071019,0.686217,-0.006700,0.012605,0.000923,0.999898,-0.071791,-0.007710,-0.462635,0.043126,-0.009478,-0.219971,-0.378020,-0.021743,-0.594757,-0.038097,-0.013078,-0.133995,-0.061510,0.177207,0.318697,-0.261769,0.062031,-0.172320,-0.083096,-0.166517,0.400692,-0.300792,0.083322
-0.235093,0.071328,0.686760,-0.005869,0.013434,-0.001915,0.999891,-0.071143,-0.006692,-0.448656,0.041267,-0.008860,-0.166345,-0.368061,-0.021284,-0.583606,-0.044398,-0.007622,-0.131670,-0.064775,0.175139,0.309068,-0.258775,0.060885,-0.160572,-0.079104,-0.160524,0.362097,-0.276932,0.077798
-0.236026,0.071499,0.687417,-0.005639,0.014447,-0.005200,0.999866,-0.070403,-0.005874,-0.429965,0.037235,-0.008084,-0.099576,-0.353660,-0.016067,-0.571441,-0.055393,-0.000966,-0.130769,-0.066359,0.172141,0.301212,-0.256616,0.059973,-0.152806,-0.075283,-0.154776,0.334107,-0.251976,0.070868
-0.237093,0.071569,0.688034,-0.005686,0.015520,-0.008385,0.999828,-0.069567,-0.005260,-0.406610,0.028768,-0.007169,-0.021391,-0.334180,-0.006598,-0.557117,-0.073907,0.005051,-0.131010,-0.066738,0.169710,0.295295,-0.254821,0.059091,-0.148254,-0.071969,-0.150895,0.314530,-0.229857,0.062447
-0.238136,0.071562,0.688572,-0.005774,0.016449,-0.011061,0.999787,-0.068650,-0.004828,-0.378457,0.013216,-0.006244,0.064667,-0.309269,0.006319,-0.539931,-0.102340,0.010298,-0.131710,-0.066824,0.167016,0.290573,-0.252977,0.058243,-0.145102,-0.069028,-0.147661,0.299186,-0.216089,0.059201
-0.239101,0.071462,0.689132,-0.005962,0.017341,-0.012793,0.999750,-0.067684,-0.004558,-0.346157,-0.010651,-0.005398,0.154226,-0.278433,0.023716,-0.519924,-0.142144,0.012962,-0.132874,-0.066396,0.165324,0.286887,-0.252189,0.057623,-0.142938,-0.066819,-0.145553,0.286781,-0.203765,0.058515
-0.239924,0.071251,0.689568,-0.006264,0.018156,-0.013427,0.999725,-0.066702,-0.004431,-0.310477,-0.043802,-0.004705,0.242132,-0.242451,0.046758,-0.498355,-0.193232,0.012712,-0.134441,-0.065188,0.165821,0.285010,-0.252027,0.057197,-0.140462,-0.064905,-0.145194,0.275647,-0.193292,0.059318
-0.240473,0.070972,0.689948,-0.006616,0.018818,-0.012944,0.999717,-0.065742,-0.004421,-0.272124,-0.087231,-0.004200,0.323476,-0.201101,0.077576,-0.476501,-0.252867,0.010701,-0.136295,-0.063477,0.167425,0.284783,-0.253056,0.056836,-0.137348,-0.063346,-0.145877,0.265377,-0.185835,0.060668
-0.240638,0.070615,0.690064,-0.007141,0.019232,-0.011562,0.999723,-0.064839,-0.004487,-0.231386,-0.140811,-0.003912,0.393905,-0.154958,0.117373,-0.456402,-0.316379,0.008664,-0.137891,-0.061356,0.168348,0.286204,-0.253196,0.056283,-0.133444,-0.061582,-0.146603,0.256037,-0.180693,0.061630
-0.240359,0.070218,0.690116,-0.007686,0.019396,-0.009672,0.999736,-0.064014,-0.004593,-0.188611,-0.203976,-0.003866,0.450365,-0.105312,0.166548,-0.439784,-0.377871,0.006920,-0.138903,-0.059195,0.167831,0.288008,-0.253399,0.055538,-0.128520,-0.059645,-0.146931,0.247023,-0.177173,0.061607
-0.239572,0.069918,0.690122,-0.008142,0.019346,-0.007994,0.999748,-0.063269,-0.004701,-0.143693,-0.275799,-0.004001,0.492373,-0.053655,0.225020,-0.427970,-0.430439,0.006720,-0.139165,-0.057461,0.165327,0.289834,-0.253911,0.054591,-0.122837,-0.057749,-0.145992,0.238227,-0.174950,0.061067
-0.238261,0.069747,0.690066,-0.008555,0.019117,-0.006775,0.999758,-0.062592,-0.004786,-0.097492,-0.354460,-0.004216,0.520612,-0.000264,0.292209,-0.421879,-0.467817,0.006961,-0.138329,-0.056021,0.162356,0.291506,-0.254913,0.053472,-0.116634,-0.056058,-0.144599,0.230133,-0.173464,0.060438
-0.236419,0.069743,0.689937,-0.008935,0.018758,-0.006370,0.999764,-0.061956,-0.004837,-0.050747,-0.437463,-0.004516,0.535821,0.053613,0.366529,-0.421570,-0.485065,0.008093,-0.136328,-0.054886,0.159051,0.292851,-0.256218,0.052191,-0.110254,-0.054609,-0.142280,0.223292,-0.172088,0.060032
-0.234130,0.069923,0.689858,-0.009180,0.018245,-0.006602,0.999770,-0.061340,-0.004846,-0.004099,-0.523133,-0.004855,0.538501,0.106748,0.445538,-0.426987,-0.479825,0.009519,-0.133144,-0.054222,0.155871,0.293318,-0.258748,0.051289,-0.103937,-0.053735,-0.139487,0.217633,-0.171996,0.060098
-0.231479,0.070236,0.689781,-0.009310,0.017680,-0.007239,0.999774,-0.060732,-0.004812,0.040909,-0.609326,-0.005216,0.528746,0.158220,0.527156,-0.437887,-0.452365,0.010339,-0.128844,-0.054035,0.153894,0.293100,-0.262546,0.051027,-0.097792,-0.053393,-0.137326,0.213170,-0.173594,0.060452
-0.228585,0.070626,0.689684,-0.009339,0.017084,-0.007951,0.999779,-0.060125,-0.004743,0.083002,-0.694213,-0.005677,0.506720,0.207611,0.609920,-0.453597,-0.404369,0.010199,-0.124038,-0.054139,0.152812,0.292713,-0.267051,0.051012,-0.091958,-0.053452,-0.135498,0.210216,-0.176230,0.061120
-0.225623,0.071010,0.689620,-0.009443,0.016433,-0.008477,0.999784,-0.059513,-0.004649,0.121361,-0.776127,-0.006201,0.473067,0.254856,0.693318,-0.473477,-0.337656,0.009530,-0.118980,-0.054226,0.152483,0.292468,-0.272506,0.051001,-0.086647,-0.053553,-0.134086,0.208606,-0.180618,0.061756
-0.222633,0.071270,0.689586,-0.009635,0.015713,-0.008500,0.999794,-0.058908,-0.004530,0.155368,-0.853732,-0.006801,0.428317,0.301035,0.777522,-0.497489,-0.255474,0.007671,-0.113867,-0.054131,0.152675,0.292786,-0.279094,0.050927,-0.081573,-0.053554,-0.133205,0.208632,-0.186254,0.062318
-0.219724,0.071433,0.689516,-0.009793,0.014904,-0.008255,0.999807,-0.058323,-0.004388,0.185531,-0.926395,-0.007478,0.374579,0.345149,0.862482,-0.525234,-0.160447,0.005786,-0.109024,-0.054131,0.152715,0.293938,-0.286310,0.051004,-0.077208,-0.053569,-0.132463,0.210565,-0.193367,0.062842
-0.216950,0.071464,0.689307,-0.009905,0.013929,-0.007360,0.999827,-0.057777,-0.004208,0.212183,-0.994636,-0.008197,0.313886,0.386511,0.948704,-0.556892,-0.056123,0.003565,-0.104816,-0.054196,0.152581,0.296737,-0.293700,0.051509,-0.073575,-0.053748,-0.132191,0.214865,-0.202536,0.063563
-0.214333,0.071368,0.688895,-0.010035,0.012783,-0.005771,0.999851,-0.057285,-0.003965,0.235367,-1.058240,-0.008916,0.248064,0.424612,1.036401,-0.591373,0.053206,0.000601,-0.101199,-0.054244,0.152228,0.301349,-0.300629,0.051998,-0.071004,-0.054126,-0.132638,0.222456,-0.212948,0.064219
-0.211902,0.071182,0.688251,-0.010191,0.011341,-0.003587,0.999877,-0.056864,-0.003618,0.255605,-1.117488,-0.009595,0.179128,0.457939,1.124751,-0.626934,0.162965,-0.002908,-0.098229,-0.054176,0.151552,0.307982,-0.306862,0.052819,-0.070182,-0.054905,-0.133252,0.234972,-0.224506,0.064917
-0.209699,0.070999,0.687472,-0.010363,0.009856,-0.000986,0.999897,-0.056531,-0.003145,0.273049,-1.172659,-0.010108,0.109056,0.484918,1.212130,-0.661895,0.268146,-0.007322,-0.096628,-0.054162,0.150882,0.316858,-0.313476,0.054422,-0.072749,-0.056478,-0.134413,0.254551,-0.236739,0.065844
-0.207682,0.070773,0.686441,-0.010634,0.008266,0.001975,0.999907,-0.056302,-0.002533,0.287090,-1.223468,-0.010333,0.039757,0.504704,1.297207,-0.694960,0.363373,-0.012633,-0.096848,-0.053530,0.150469,0.329197,-0.320896,0.059453,-0.079768,-0.058898,-0.136233,0.283851,-0.248171,0.068516
-0.205919,0.070533,0.685371,-0.011398,0.006800,0.005117,0.999899,-0.056190,-0.001816,0.297829,-1.269492,-0.010313,-0.026814,0.516066,1.377763,-0.724568,0.445240,-0.018090,-0.099735,-0.051969,0.149336,0.345482,-0.330335,0.067173,-0.093281,-0.061528,-0.138212,0.326182,-0.255816,0.073623
-0.204410,0.070317,0.684124,-0.012747,0.005680,0.008276,0.999868,-0.056198,-0.001090,0.305035,-1.310259,-0.010002,-0.090159,0.518745,1.451593,-0.749270,0.511041,-0.022868,-0.106624,-0.048875,0.147497,0.367717,-0.341464,0.075675,-0.115199,-0.064730,-0.140198,0.385686,-0.257586,0.078110
-0.203125,0.070148,0.682691,-0.014681,0.005098,0.010993,0.999819,-0.056317,-0.000512,0.308978,-1.345089,-0.009380,-0.149405,0.513101,1.516359,-0.766978,0.559519,-0.025857,-0.117889,-0.044056,0.145149,0.396115,-0.354531,0.083766,-0.146792,-0.068582,-0.142738,0.464670,-0.256758,0.079522
-0.202158,0.069932,0.681026,-0.017281,0.005523,0.013275,0.999747,-0.056542,-0.000319,0.308776,-1.373519,-0.008554,-0.204527,0.499141,1.570496,-0.776211,0.590765,-0.025331,-0.135303,-0.037426,0.140948,0.431602,-0.368568,0.088329,-0.189860,-0.072782,-0.144952,0.564509,-0.255498,0.078524
-0.201442,0.069638,0.679080,-0.020385,0.007058,0.015122,0.999653,-0.056860,-0.000778,0.303805,-1.395711,-0.007621,-0.255185,0.478041,1.613613,-0.776829,0.606942,-0.020771,-0.159200,-0.029245,0.134144,0.474027,-0.383722,0.089804,-0.244272,-0.078030,-0.146620,0.684941,-0.254118,0.076564
-0.200936,0.069208,0.677172,-0.024022,0.009571,0.016544,0.999529,-0.057252,-0.002132,0.293414,-1.412105,-0.006550,-0.301617,0.451356,1.645514,-0.768641,0.611336,-0.012205,-0.188415,-0.019762,0.124776,0.520885,-0.402352,0.089526,-0.308505,-0.083997,-0.147136,0.822802,-0.255309,0.071915
-0.200555,0.068718,0.675083,-0.027881,0.013071,0.017659,0.999370,-0.057699,-0.004566,0.277583,-1.423579,-0.005448,-0.343335,0.420581,1.665233,-0.751180,0.607294,-0.001535,-0.221721,-0.010652,0.112678,0.570913,-0.423816,0.086322,-0.380871,-0.090669,-0.145531,0.973848,-0.258425,0.064709
-0.200266,0.068159,0.672842,-0.031733,0.017787,0.018934,0.999159,-0.058180,-0.008201,0.255120,-1.430859,-0.004220,-0.380779,0.386670,1.673101,-0.724144,0.597691,0.010539,-0.258293,-0.001928,0.099469,0.621604,-0.445271,0.081513,-0.458964,-0.098310,-0.142343,1.130739,-0.267281,0.055175
-0.200184,0.067456,0.670740,-0.035386,0.023700,0.020922,0.998874,-0.058703,-0.013120,0.224406,-1.435146,-0.002839,-0.413920,0.349904,1.670767,-0.688382,0.585107,0.021659,-0.297227,0.005501,0.085404,0.669903,-0.465709,0.075755,-0.540237,-0.106466,-0.137475,1.284590,-0.283032,0.046956
-0.200261,0.066646,0.668881,-0.038823,0.030289,0.023163,0.998518,-0.059276,-0.019273,0.185364,-1.437869,-0.001486,-0.442150,0.310199,1.660428,-0.645691,0.571245,0.032332,-0.335840,0.011664,0.070838,0.713333,-0.483938,0.069740,-0.621147,-0.114576,-0.130568,1.427971,-0.301016,0.042614
-0.200338,0.065860,0.667595,-0.041861,0.036552,0.025225,0.998136,-0.059903,-0.026439,0.139147,-1.440242,0.000126,-0.464116,0.268076,1.644701,-0.599303,0.558016,0.041763,-0.369801,0.016561,0.057325,0.748361,-0.500481,0.065433,-0.696742,-0.122873,-0.122502,1.553298,-0.318593,0.041564
-0.200485,0.065051,0.666970,-0.044737,0.042140,0.026551,0.997756,-0.060578,-0.034276,0.086590,-1.443038,0.001741,-0.480349,0.222683,1.626588,-0.552586,0.546532,0.050799,-0.397025,0.021257,0.045915,0.773405,-0.513616,0.062069,-0.764311,-0.129864,-0.114782,1.653905,-0.334070,0.042150
-0.200654,0.064254,0.666759,-0.047062,0.046683,0.027564,0.997420,-0.061300,-0.042381,0.028042,-1.447272,0.003308,-0.491867,0.174653,1.608398,-0.508732,0.537214,0.058740,-0.415968,0.025482,0.037187,0.787789,-0.519871,0.058350,-0.820985,-0.136633,-0.108561,1.726049,-0.344647,0.044871
-0.200860,0.063524,0.667461,-0.048856,0.050027,0.027845,0.997163,-0.062072,-0.050356,-0.035664,-1.453926,0.004846,-0.500525,0.123724,1.592363,-0.470470,0.531861,0.066377,-0.425754,0.029901,0.031796,0.789583,-0.520192,0.053497,-0.865168,-0.143256,-0.105157,1.767174,-0.350986,0.047669
-0.200988,0.062844,0.669039,-0.050229,0.051586,0.027228,0.997033,-0.062887,-0.057807,-0.102867,-1.463443,0.006401,-0.507401,0.070437,1.580228,-0.438701,0.531321,0.073628,-0.424838,0.034684,0.029501,0.779311,-0.515959,0.047264,-0.895071,-0.149271,-0.105218,1.777109,-0.352515,0.049462
-0.200902,0.062177,0.671364,-0.051246,0.051290,0.025583,0.997040,-0.063722,-0.064338,-0.171153,-1.475696,0.007908,-0.515208,0.015680,1.571885,-0.412360,0.535575,0.080931,-0.412616,0.040185,0.030210,0.757057,-0.507158,0.040169,-0.909485,-0.154457,-0.109651,1.756360,-0.350194,0.050436
-0.200611,0.061445,0.674348,-0.051929,0.049481,0.023844,0.997139,-0.064557,-0.069663,-0.238729,-1.490434,0.009506,-0.527238,-0.039148,1.566406,-0.389699,0.546883,0.086413,-0.391011,0.046088,0.033250,0.724397,-0.494523,0.032631,-0.909255,-0.158561,-0.118280,1.707056,-0.345172,0.050428
-0.200062,0.060635,0.677503,-0.052420,0.046702,0.022294,0.997283,-0.065378,-0.073611,-0.304074,-1.508127,0.010949,-0.549265,-0.092296,1.562376,-0.368498,0.567500,0.089401,-0.362680,0.052427,0.038520,0.684728,-0.478689,0.026427,-0.895953,-0.160726,-0.130897,1.632179,-0.337794,0.049588
-0.199155,0.059747,0.680786,-0.052503,0.043468,0.021603,0.997440,-0.066187,-0.076160,-0.368011,-1.528624,0.012645,-0.584566,-0.140969,1.557254,-0.345912,0.601181,0.088891,-0.330166,0.057961,0.045360,0.640124,-0.462002,0.021539,-0.871313,-0.160888,-0.145536,1.535540,-0.329094,0.049621
-0.197933,0.058808,0.683797,-0.052264,0.040238,0.021523,0.997590,-0.066986,-0.077401,-0.428829,-1.550930,0.014738,-0.635287,-0.184435,1.550305,-0.321430,0.652881,0.085253,-0.296456,0.062544,0.053375,0.595056,-0.446261,0.017374,-0.838374,-0.158421,-0.160464,1.421302,-0.318685,0.051081
-0.196288,0.057743,0.685939,-0.051609,0.037389,0.022482,0.997714,-0.067782,-0.077513,-0.484470,-1.576133,0.016886,-0.702913,-0.221218,1.540838,-0.295648,0.725641,0.078158,-0.264074,0.065535,0.061506,0.553703,-0.429800,0.011783,-0.800009,-0.153518,-0.173886,1.294312,-0.307425,0.055198
-0.194209,0.056542,0.687105,-0.050272,0.035024,0.024227,0.997827,-0.068592,-0.076706,-0.534885,-1.601814,0.019390,-0.788106,-0.250768,1.528228,-0.270541,0.821679,0.068987,-0.235071,0.066693,0.069582,0.518709,-0.414018,0.005657,-0.758620,-0.147049,-0.184136,1.159054,-0.295948,0.062855
-0.191471,0.055197,0.687303,-0.048108,0.033048,0.026586,0.997941,-0.069439,-0.075201,-0.581159,-1.626661,0.022285,-0.889097,-0.272838,1.513259,-0.248968,0.942610,0.059096,-0.210337,0.065643,0.077008,0.492547,-0.402388,0.000767,-0.715878,-0.140180,-0.189702,1.020692,-0.285709,0.074406
-0.187943,0.053682,0.686514,-0.045238,0.031555,0.029209,0.998050,-0.070340,-0.073190,-0.624378,-1.649115,0.025366,-1.002835,-0.288546,1.496501,-0.232937,1.086246,0.049244,-0.191052,0.062558,0.082670,0.477646,-0.397098,-0.002843,-0.674377,-0.133642,-0.189490,0.885954,-0.275502,0.087587
-0.183659,0.052012,0.684604,-0.041589,0.031029,0.031665,0.998151,-0.071295,-0.070901,-0.666027,-1.667787,0.028450,-1.124457,-0.301089,1.478732,-0.224129,1.248152,0.040747,-0.179520,0.057124,0.085552,0.476419,-0.397911,-0.006077,-0.637578,-0.128011,-0.183100,0.761295,-0.265957,0.101610
-0.178736,0.050165,0.681534,-0.037662,0.031704,0.033491,0.998226,-0.072290,-0.068556,-0.705153,-1.681373,0.031191,-1.250078,-0.314098,1.460935,-0.221797,1.420190,0.034776,-0.177140,0.050633,0.085185,0.490164,-0.404126,-0.009245,-0.608097,-0.123951,-0.171349,0.653173,-0.257312,0.114489
-0.173216,0.048130,0.677586,-0.034121,0.033813,0.033886,0.998271,-0.073301,-0.066353,-0.742173,-1.689011,0.033261,-1.376356,-0.330305,1.443697,-0.223528,1.591850,0.033079,-0.184094,0.044697,0.081350,0.517899,-0.416829,-0.012048,-0.588546,-0.120550,-0.156591,0.568412,-0.246105,0.125969
-0.167326,0.045858,0.681379,-0.031208,0.037172,0.032358,0.998297,-0.074275,-0.064478,-0.778315,-1.688040,0.034898,-1.499829,-0.352255,1.428431,-0.226704,1.753536,0.035525,-0.199277,0.040529,0.075948,0.557361,-0.437398,-0.012765,-0.581418,-0.117658,-0.141392,0.510858,-0.225652,0.134797
-0.161231,0.043536,0.682816,-0.028756,0.041762,0.028914,0.998295,-0.075157,-0.063077,-0.812174,-1.680537,0.035529,-1.616704,-0.381303,1.415874,-0.228734,1.897642,0.039757,-0.220817,0.037415,0.069867,0.605581,-0.464173,-0.012734,-0.587477,-0.115232,-0.126871,0.482140,-0.200959,0.139591
-0.155085,0.041258,0.681708,-0.026818,0.047094,0.023451,0.998255,-0.075883,-0.062238,-0.840887,-1.667650,0.035052,-1.723897,-0.416906,1.407257,-0.226952,2.018551,0.044100,-0.246180,0.034929,0.063324,0.659125,-0.495250,-0.012271,-0.605614,-0.112243,-0.113713,0.480864,-0.174837,0.140128
-0.148994,0.039040,0.678736,-0.025379,0.052942,0.016374,0.998141,-0.076410,-0.061992,-0.863212,-1.651548,0.033823,-1.819218,-0.456020,1.403361,-0.220644,2.113611,0.047891,-0.272478,0.033414,0.058158,0.713113,-0.529183,-0.010896,-0.632572,-0.108090,-0.103361,0.501219,-0.149322,0.136972
-0.143018,0.036629,0.674527,-0.024405,0.058807,0.008937,0.997931,-0.076724,-0.062321,-0.878391,-1.634650,0.032213,-1.899547,-0.493836,1.404014,-0.209843,2.183096,0.050280,-0.296328,0.033891,0.055820,0.762011,-0.564023,-0.008792,-0.664176,-0.103355,-0.097129,0.536834,-0.126874,0.130427
-0.137036,0.033941,0.669473,-0.023803,0.063954,0.002358,0.997666,-0.076854,-0.063133,-0.885721,-1.619966,0.030738,-1.961366,-0.524411,1.408935,-0.197470,2.229476,0.050648,-0.314011,0.036371,0.055920,0.802009,-0.596664,-0.007083,-0.695229,-0.097945,-0.095204,0.579874,-0.107614,0.121517
-0.130947,0.030964,0.664821,-0.023097,0.067596,-0.002308,0.997443,-0.076849,-0.064288,-0.884722,-1.610084,0.029662,-2.001211,-0.543223,1.417395,-0.185943,2.255951,0.048421,-0.322695,0.039952,0.058182,0.829290,-0.625533,-0.006183,-0.720052,-0.093081,-0.096423,0.620921,-0.095374,0.110985
-0.124613,0.027919,0.662034,-0.022045,0.069775,-0.005009,0.997307,-0.076784,-0.065633,-0.874958,-1.606048,0.028883,-2.018369,-0.548179,1.428325,-0.176200,2.264712,0.045092,-0.321486,0.043529,0.061322,0.842077,-0.647531,-0.006778,-0.734057,-0.089183,-0.099037,0.652670,-0.095900,0.100254
-0.118004,0.024732,0.661271,-0.020766,0.070739,-0.005806,0.997262,-0.076727,-0.067047,-0.857786,-1.607974,0.028467,-2.013583,-0.538629,1.441112,-0.169654,2.258379,0.042493,-0.310738,0.047492,0.064808,0.839061,-0.660634,-0.009316,-0.735268,-0.086431,-0.103236,0.670167,-0.102957,0.090401
-0.111114,0.021453,0.662285,-0.019256,0.070742,-0.004820,0.997297,-0.076723,-0.068439,-0.834384,-1.615742,0.028112,-1.987867,-0.515981,1.454528,-0.167516,2.238116,0.041861,-0.291151,0.052196,0.068876,0.820660,-0.662934,-0.015242,-0.723369,-0.085038,-0.108578,0.671759,-0.110976,0.080491
-0.104006,0.018198,0.664989,-0.017186,0.069839,-0.002376,0.997407,-0.076809,-0.069740,-0.805734,-1.628077,0.027505,-1.942310,-0.483662,1.467610,-0.169891,2.204592,0.042969,-0.265002,0.056812,0.072925,0.790993,-0.652040,-0.024407,-0.699510,-0.085430,-0.114025,0.657676,-0.118180,0.072482
-0.096665,0.015151,0.668823,-0.014513,0.067710,0.000833,0.997599,-0.077012,-0.070847,-0.773302,-1.643248,0.026410,-1.877785,-0.445139,1.479421,-0.176349,2.156799,0.045146,-0.233538,0.060204,0.075936,0.753943,-0.629017,-0.036806,-0.664599,-0.087037,-0.117958,0.629332,-0.121630,0.066663
-0.089230,0.012475,0.673389,-0.010942,0.064822,0.004145,0.997828,-0.077330,-0.071710,-0.739550,-1.659082,0.024583,-1.796553,-0.405837,1.489066,-0.185249,2.095030,0.046992,-0.199792,0.061659,0.079118,0.713545,-0.593216,-0.052112,-0.622131,-0.090042,-0.120584,0.589873,-0.120871,0.063084
-0.081889,0.010057,0.678196,-0.006596,0.061530,0.007343,0.998056,-0.077759,-0.072279,-0.707176,-1.673000,0.021944,-1.701397,-0.370046,1.495677,-0.194758,2.018998,0.047634,-0.166589,0.061519,0.083327,0.675470,-0.545680,-0.070551,-0.575441,-0.093845,-0.122044,0.543202,-0.116561,0.061200
-0.074753,0.007764,0.682755,-0.001815,0.057952,0.010522,0.998262,-0.078278,-0.072496,-0.678931,-1.684618,0.018761,-1.593034,-0.340282,1.499624,-0.205471,1.930432,0.046364,-0.136530,0.060902,0.088751,0.646674,-0.486419,-0.091639,-0.527135,-0.097699,-0.122397,0.493335,-0.109510,0.060136
-0.067918,0.005519,0.686675,0.003333,0.054049,0.013589,0.998440,-0.078869,-0.072318,-0.656359,-1.692753,0.015218,-1.471361,-0.318219,1.500806,-0.215746,1.829825,0.041963,-0.112576,0.060186,0.095796,0.635393,-0.421391,-0.110400,-0.480087,-0.101367,-0.121173,0.445127,-0.101330,0.058814
-0.061528,0.003253,0.689778,0.008427,0.050298,0.016539,0.998562,-0.079521,-0.071753,-0.642027,-1.697782,0.011941,-1.337654,-0.304453,1.498895,-0.224767,1.718784,0.034597,-0.098299,0.060339,0.103981,0.648135,-0.360334,-0.122429,-0.437382,-0.104248,-0.118356,0.402121,-0.093292,0.056212
-0.055704,0.000998,0.691969,0.013086,0.046974,0.018919,0.998631,-0.080215,-0.070873,-0.636379,-1.699484,0.009208,-1.195422,-0.299125,1.494926,-0.231908,1.600241,0.025753,-0.095746,0.061702,0.112317,0.688441,-0.307826,-0.125972,-0.401478,-0.106102,-0.113919,0.367618,-0.086524,0.052078
-0.050452,-0.001223,0.693291,0.017059,0.044360,0.020179,0.998666,-0.080916,-0.069797,-0.637829,-1.697200,0.007113,-1.050543,-0.302046,1.490528,-0.236161,1.477565,0.018099,-0.106737,0.064324,0.117620,0.758401,-0.262832,-0.120536,-0.374290,-0.106804,-0.107163,0.343917,-0.081887,0.046198
-0.045762,-0.003331,0.693761,0.020061,0.042386,0.019819,0.998703,-0.081569,-0.068627,-0.643860,-1.691167,0.005625,-0.908785,-0.312344,1.487578,-0.237557,1.353181,0.014064,-0.131026,0.067235,0.117305,0.856202,-0.231192,-0.107207,-0.356279,-0.105732,-0.097415,0.332137,-0.079636,0.038936
-0.041533,-0.005249,0.693519,0.022377,0.041278,0.017761,0.998739,-0.082110,-0.067500,-0.652301,-1.682870,0.004736,-0.775100,-0.328411,1.488005,-0.237021,1.232508,0.013556,-0.167873,0.068602,0.110762,0.977930,-0.212646,-0.088604,-0.347874,-0.103458,-0.085101,0.332674,-0.079675,0.031490
-0.037717,-0.006969,0.692976,0.024275,0.040886,0.014626,0.998762,-0.082494,-0.066545,-0.661434,-1.673485,0.004337,-0.653785,-0.347309,1.491275,-0.234649,1.120414,0.014209,-0.215836,0.066596,0.098286,1.116882,-0.208068,-0.067022,-0.348058,-0.100790,-0.071281,0.344408,-0.083780,0.023326
-0.034271,-0.008575,0.692133,0.025450,0.041122,0.011130,0.998768,-0.082705,-0.065850,-0.670413,-1.664547,0.004365,-0.549526,-0.366562,1.497637,-0.232207,1.021367,0.015128,-0.273297,0.061566,0.079989,1.264251,-0.215261,-0.048449,-0.355478,-0.096965,-0.057220,0.365832,-0.091318,0.014916
-0.031026,-0.010186,0.691831,0.026099,0.041671,0.007892,0.998759,-0.082759,-0.065441,-0.677384,-1.657195,0.004514,-0.466127,-0.384389,1.506850,-0.230778,0.939165,0.015032,-0.338183,0.051054,0.055292,1.414402,-0.215591,-0.033224,-0.367944,-0.092114,-0.043849,0.394914,-0.102105,0.008006
-0.028168,-0.012026,0.691437,0.026418,0.043018,0.005990,0.998707,-0.082699,-0.065316,-0.683915,-1.651895,0.004808,-0.405212,-0.400326,1.517624,-0.230960,0.876149,0.018999,-0.407769,0.028349,0.022461,1.551564,-0.204411,0.023462,-0.384096,-0.089164,-0.037164,0.428611,-0.115855,0.002191
-0.025643,-0.013670,0.690631,0.026539,0.045048,0.005613,0.998616,-0.082567,-0.065447,-0.690933,-1.650756,0.005200,-0.366668,-0.414030,1.527813,-0.232805,0.834010,0.021456,-0.479602,0.000468,-0.005131,1.669314,-0.203501,0.091212,-0.402677,-0.087383,-0.034843,0.464465,-0.132077,-0.001938
-0.023436,-0.015303,0.689519,0.026566,0.047898,0.007215,0.998473,-0.082435,-0.065797,-0.698942,-1.653872,0.005639,-0.350614,-0.424790,1.536169,-0.235333,0.813997,0.020542,-0.551929,-0.028925,-0.026194,1.766832,-0.213646,0.161685,-0.422777,-0.086552,-0.036117,0.499831,-0.149831,-0.005530
-0.021432,-0.016821,0.688196,0.026517,0.051398,0.010272,0.998273,-0.082355,-0.066302,-0.707503,-1.661064,0.006051,-0.357378,-0.432876,1.541715,-0.237074,0.815280,0.016965,-0.623934,-0.057929,-0.041590,1.843109,-0.225469,0.233248,-0.443263,-0.086426,-0.040060,0.533031,-0.168333,-0.009449
-0.019786,-0.018265,0.686848,0.026155,0.055548,0.014004,0.998015,-0.082369,-0.066920,-0.714784,-1.669174,0.006471,-0.386876,-0.440160,1.545378,-0.236349,0.836385,0.013774,-0.694760,-0.084798,-0.052280,1.896131,-0.236481,0.306469,-0.464029,-0.086396,-0.046161,0.563449,-0.185271,-0.012510
-0.018384,-0.019513,0.685683,0.025802,0.060280,0.017744,0.997690,-0.082497,-0.067623,-0.718946,-1.679007,0.006990,-0.441497,-0.446612,1.546824,-0.232074,0.876219,0.012651,-0.762175,-0.109765,-0.059297,1.925142,-0.243911,0.381727,-0.483699,-0.087283,-0.053120,0.588885,-0.200254,-0.015095
-0.017199,-0.020185,0.684729,0.025498,0.065383,0.020779,0.997318,-0.082713,-0.068359,-0.720327,-1.689097,0.007606,-0.520506,-0.452267,1.545502,-0.223599,0.932977,0.011736,-0.824348,-0.118203,-0.056293,1.935577,-0.253225,0.409458,-0.502056,-0.088167,-0.058442,0.608940,-0.212930,-0.017036
-0.015917,-0.020482,0.683957,0.025235,0.070368,0.022771,0.996942,-0.082982,-0.069080,-0.716343,-1.699097,0.008306,-0.622947,-0.456715,1.542611,-0.210683,1.005785,0.006380,-0.880692,-0.114476,-0.049639,1.929584,-0.266036,0.360599,-0.518980,-0.086197,-0.056580,0.624305,-0.222965,-0.019518
-0.014453,-0.020810,0.683421,0.024937,0.075300,0.023983,0.996561,-0.083274,-0.069740,-0.706127,-1.707596,0.009058,-0.745690,-0.459023,1.539120,-0.195035,1.092884,0.002693,-0.929182,-0.106604,-0.047189,1.906071,-0.265883,0.281130,-0.534082,-0.083654,-0.053375,0.635953,-0.230738,-0.021430
-0.012749,-0.021084,0.683156,0.024716,0.079924,0.024273,0.996199,-0.083544,-0.070316,-0.690460,-1.714695,0.009936,-0.883501,-0.459376,1.535721,-0.178377,1.191932,0.001321,-0.968608,-0.097242,-0.046958,1.864087,-0.248561,0.190182,-0.547290,-0.081474,-0.050444,0.645490,-0.236338,-0.023509
-0.010804,-0.021404,0.682947,0.024254,0.084229,0.024086,0.995860,-0.083777,-0.070817,-0.671050,-1.719295,0.010979,-1.029736,-0.457929,1.532407,-0.161776,1.299531,0.002148,-0.998118,-0.086754,-0.047324,1.804200,-0.225001,0.096961,-0.558753,-0.079267,-0.048209,0.653522,-0.241453,-0.025910
-0.008503,-0.021734,0.682740,0.023596,0.088239,0.023705,0.995538,-0.083957,-0.071233,-0.650799,-1.723266,0.012151,-1.178932,-0.454632,1.528157,-0.145905,1.411795,0.004362,-1.017542,-0.075124,-0.047467,1.730285,-0.199991,0.004781,-0.568715,-0.076956,-0.046577,0.661181,-0.246698,-0.028344
-0.005837,-0.022108,0.682332,0.022565,0.091913,0.023328,0.995238,-0.084070,-0.071563,-0.632445,-1.725989,0.013321,-1.323817,-0.451129,1.523501,-0.132167,1.525300,0.007445,-1.027670,-0.062419,-0.047419,1.647957,-0.173245,-0.084822,-0.578119,-0.074152,-0.045440,0.670327,-0.253322,-0.031364
-0.002964,-0.022759,0.681708,0.021170,0.095447,0.023353,0.994935,-0.084129,-0.071855,-0.616377,-1.727621,0.014528,-1.459096,-0.448698,1.519134,-0.121641,1.637482,0.013740,-1.029981,-0.061399,-0.053332,1.554436,-0.149313,-0.126584,-0.587998,-0.071883,-0.046744,0.682436,-0.261862,-0.035961
0.000061,-0.023351,0.680697,0.019413,0.098764,0.023382,0.994647,-0.084142,-0.072156,-0.603958,-1.728364,0.015575,-1.581310,-0.447779,1.514128,-0.114743,1.744549,0.022268,-1.025802,-0.060954,-0.056767,1.461012,-0.127838,-0.140474,-0.598716,-0.070324,-0.050633,0.698811,-0.272247,-0.038440
0.003103,-0.023857,0.679167,0.017398,0.101581,0.023398,0.994400,-0.084115,-0.072518,-0.595637,-1.728535,0.016448,-1.688968,-0.449436,1.508745,-0.110387,1.843871,0.030152,-1.016657,-0.059559,-0.060101,1.374685,-0.105124,-0.142159,-0.610588,-0.068467,-0.054355,0.719848,-0.285273,-0.041384
0.006095,-0.024215,0.676930,0.015193,0.103791,0.023269,0.994211,-0.084062,-0.072954,-0.590418,-1.728043,0.016969,-1.781488,-0.453763,1.502152,-0.108037,1.933620,0.036968,-1.004435,-0.057211,-0.064561,1.298736,-0.085847,-0.138875,-0.623539,-0.065930,-0.057453,0.745801,-0.301986,-0.043986
0.008973,-0.024312,0.674012,0.012855,0.105155,0.022575,0.994116,-0.083981,-0.073453,-0.587285,-1.727311,0.017196,-1.860335,-0.461044,1.494668,-0.106815,2.012205,0.043091,-0.988817,-0.054470,-0.070810,1.236941,-0.080833,-0.132407,-0.637330,-0.062640,-0.059947,0.776980,-0.320905,-0.045396
0.011752,-0.024142,0.670496,0.010459,0.105611,0.021255,0.994125,-0.083863,-0.073984,-0.584476,-1.726518,0.017162,-1.926826,-0.470925,1.486619,-0.106254,2.078686,0.048849,-0.970846,-0.051360,-0.077223,1.191225,-0.090260,-0.125781,-0.651323,-0.059081,-0.061684,0.812209,-0.341464,-0.046095
0.014349,-0.023620,0.666505,0.008328,0.105114,0.019121,0.994241,-0.083696,-0.074529,-0.579560,-1.724910,0.016827,-1.981737,-0.483075,1.477943,-0.104824,2.132353,0.054964,-0.951877,-0.048513,-0.082629,1.160190,-0.112594,-0.118860,-0.664859,-0.056003,-0.062815,0.850053,-0.362990,-0.045235
0.016783,-0.022768,0.662314,0.006604,0.103715,0.016041,0.994456,-0.083465,-0.075049,-0.571209,-1.722073,0.016216,-2.025902,-0.496467,1.468729,-0.101562,2.172392,0.062276,-0.932198,-0.046550,-0.086284,1.141427,-0.145346,-0.110630,-0.676790,-0.053982,-0.063022,0.888276,-0.384320,-0.043103
0.019046,-0.021586,0.658153,0.005347,0.101158,0.012098,0.994782,-0.083155,-0.075491,-0.558514,-1.718101,0.015439,-2.058702,-0.509810,1.459162,-0.096272,2.198287,0.070541,-0.910544,-0.045457,-0.087639,1.130586,-0.187887,-0.100036,-0.685294,-0.053015,-0.062208,0.923720,-0.405171,-0.041827
0.021099,-0.020145,0.654462,0.004675,0.097783,0.007329,0.995170,-0.082753,-0.075792,-0.541727,-1.712618,0.014596,-2.080206,-0.522043,1.449306,-0.088647,2.210761,0.079537,-0.887438,-0.045684,-0.087322,1.124080,-0.236959,-0.085551,-0.689541,-0.052809,-0.060459,0.953849,-0.423296,-0.040088
0.022864,-0.018439,0.651636,0.004616,0.093874,0.001738,0.995572,-0.082249,-0.075906,-0.522668,-1.705200,0.013887,-2.091567,-0.532709,1.438871,-0.078681,2.211182,0.088542,-0.862770,-0.047219,-0.084550,1.117853,-0.288068,-0.071632,-0.688887,-0.053496,-0.057355,0.975344,-0.437394,-0.038299
0.024345,-0.016627,0.649948,0.005300,0.089300,-0.004297,0.995981,-0.081635,-0.075796,-0.502928,-1.694960,0.013267,-2.093681,-0.541078,1.427695,-0.066587,2.201933,0.097009,-0.836584,-0.049263,-0.079297,1.108753,-0.325413,-0.059293,-0.681905,-0.055063,-0.053062,0.985454,-0.447275,-0.037438
0.025432,-0.014737,0.649712,0.006760,0.084273,-0.010875,0.996360,-0.080901,-0.075409,-0.485032,-1.680523,0.012728,-2.088320,-0.547292,1.415561,-0.052401,2.186164,0.105050,-0.807769,-0.051999,-0.072674,1.092091,-0.347483,-0.047724,-0.668041,-0.057417,-0.047880,0.982757,-0.451599,-0.036575
0.026116,-0.012895,0.651082,0.008891,0.079079,-0.017819,0.996669,-0.080035,-0.074716,-0.472311,-1.660039,0.012323,-2.078349,-0.550730,1.401880,-0.036698,2.168132,0.112263,-0.775495,-0.055162,-0.065359,1.065586,-0.356059,-0.037372,-0.647583,-0.060444,-0.041875,0.966275,-0.449257,-0.035536
0.026459,-0.011106,0.653968,0.011648,0.073475,-0.025250,0.996909,-0.079022,-0.073679,-0.466752,-1.632622,0.011929,-2.066012,-0.551066,1.386483,-0.019310,2.151479,0.118592,-0.738662,-0.058041,-0.057367,1.029099,-0.352350,-0.029343,-0.619966,-0.063953,-0.035103,0.935870,-0.440251,-0.034334
0.026488,-0.009462,0.658204,0.014920,0.067663,-0.033077,0.997048,-0.077841,-0.072271,-0.470820,-1.596893,0.011671,-2.053757,-0.548580,1.369624,0.000122,2.139030,0.124224,-0.698219,-0.060368,-0.048451,0.983963,-0.336672,-0.023179,-0.585806,-0.068059,-0.028016,0.892334,-0.424729,-0.033367
0.026196,-0.008000,0.663464,0.018467,0.061798,-0.041271,0.997064,-0.076467,-0.070510,-0.486855,-1.551592,0.011603,-2.043278,-0.543257,1.351110,0.021472,2.133085,0.129474,-0.655568,-0.061856,-0.037954,0.930622,-0.312739,-0.022198,-0.546387,-0.072433,-0.020954,0.836960,-0.403053,-0.033055
0.025686,-0.006908,0.669304,0.022488,0.056010,-0.049408,0.996953,-0.074878,-0.068434,-0.515747,-1.496258,0.011758,-2.034396,-0.534628,1.331288,0.044595,2.135398,0.134751,-0.612178,-0.062743,-0.026108,0.874001,-0.279234,-0.023088,-0.502869,-0.077614,-0.015130,0.772688,-0.375982,-0.031810
0.024928,-0.006091,0.675510,0.026903,0.050704,-0.057291,0.996706,-0.073057,-0.066105,-0.558131,-1.432497,0.012316,-2.026203,-0.521741,1.309542,0.068632,2.147325,0.138901,-0.571940,-0.063394,-0.012579,0.817985,-0.237883,-0.027927,-0.457609,-0.084185,-0.010422,0.702462,-0.344251,-0.029230
0.024046,-0.005619,0.681851,0.031686,0.045669,-0.064409,0.996374,-0.071015,-0.063605,-0.614655,-1.362332,0.013441,-2.015527,-0.502484,1.285636,0.092445,2.168928,0.141149,-0.537349,-0.063364,0.002715,0.768058,-0.185047,-0.038225,-0.412004,-0.092316,-0.007395,0.629429,-0.310830,-0.027667
0.023077,-0.005591,0.687452,0.036506,0.040867,-0.070259,0.996022,-0.068781,-0.061001,-0.685391,-1.290474,0.015624,-1.998624,-0.474899,1.260193,0.115019,2.198848,0.141065,-0.511291,-0.061998,0.017975,0.729279,-0.120249,-0.052693,-0.367615,-0.100730,-0.005995,0.557580,-0.277389,-0.026976
0.021977,-0.006138,0.692153,0.041057,0.036691,-0.074322,0.995713,-0.066399,-0.058396,-0.770999,-1.221380,0.019426,-1.972705,-0.437569,1.233957,0.134567,2.235471,0.139021,-0.496321,-0.059666,0.031760,0.705607,-0.045810,-0.071825,-0.326809,-0.108569,-0.005392,0.490059,-0.245582,-0.026916
0.020688,-0.007348,0.695743,0.045086,0.033383,-0.076104,0.995520,-0.063932,-0.055916,-0.871112,-1.161181,0.025052,-1.934501,-0.389074,1.208419,0.149693,2.276859,0.134105,-0.494426,-0.055212,0.043586,0.700213,0.026396,-0.091526,-0.292132,-0.115068,-0.006004,0.430895,-0.216602,-0.026918
0.019146,-0.009132,0.698310,0.048585,0.030975,-0.075355,0.995491,-0.061454,-0.053689,-0.984472,-1.116966,0.032539,-1.881632,-0.329871,1.185863,0.159652,2.320111,0.125757,-0.507044,-0.048180,0.053888,0.718607,0.088284,-0.107551,-0.265502,-0.120510,-0.007818,0.383265,-0.192408,-0.026479
0.017195,-0.011271,0.699913,0.051043,0.029372,-0.072225,0.995648,-0.059026,-0.051820,-1.109342,-1.094183,0.041514,-1.812346,-0.261415,1.167939,0.164511,2.361601,0.112435,-0.534438,-0.037749,0.062116,0.761768,0.135176,-0.119332,-0.248021,-0.123776,-0.010301,0.349051,-0.173794,-0.026529
0.014829,-0.013585,0.700662,0.052514,0.028797,-0.066795,0.995968,-0.056712,-0.050388,-1.243287,-1.094740,0.051021,-1.726012,-0.187740,1.157176,0.164734,2.398159,0.093907,-0.576118,-0.024372,0.066707,0.829606,0.166566,-0.126148,-0.240776,-0.124516,-0.013112,0.329644,-0.161197,-0.026788
0.012060,-0.015807,0.700515,0.053076,0.029409,-0.059817,0.996363,-0.054554,-0.049490,-1.382360,-1.117388,0.060309,-1.625176,-0.115139,1.155485,0.161184,2.427732,0.069589,-0.631444,-0.008815,0.066204,0.920789,0.179772,-0.127694,-0.244646,-0.122510,-0.015286,0.325533,-0.153475,-0.025558
0.009001,-0.017598,0.699740,0.053110,0.030833,-0.052299,0.996741,-0.052576,-0.049197,-1.522300,-1.156409,0.068178,-1.513701,-0.050998,1.163056,0.154948,2.449137,0.040269,-0.697536,0.008155,0.061696,1.032305,0.173321,-0.126784,-0.258405,-0.118875,-0.016336,0.335000,-0.151137,-0.022944
0.005686,-0.018676,0.698373,0.052871,0.032914,-0.044959,0.997046,-0.050786,-0.049557,-1.658157,-1.205355,0.074183,-1.397542,-0.002479,1.177997,0.147568,2.463279,0.006348,-0.771848,0.026619,0.054501,1.159984,0.148434,-0.122949,-0.280788,-0.114491,-0.016728,0.356578,-0.153319,-0.019481
0.002149,-0.018782,0.696599,0.052717,0.035346,-0.038448,0.997243,-0.049164,-0.050575,-1.784060,-1.256170,0.077916,-1.284959,0.023429,1.196941,0.139887,2.471680,-0.029790,-0.851284,0.044869,0.045121,1.298762,0.115341,-0.120445,-0.309693,-0.110111,-0.015473,0.387115,-0.159159,-0.015606
-0.001519,-0.017993,0.694734,0.052762,0.037865,-0.033057,0.997341,-0.047666,-0.052204,-1.893279,-1.301141,0.079288,-1.185787,0.020987,1.215421,0.132334,2.476435,-0.065526,-0.931411,0.061682,0.033453,1.440314,0.081915,-0.121592,-0.342371,-0.106341,-0.012449,0.423636,-0.166909,-0.012671
-0.005219,-0.016498,0.692988,0.053212,0.039934,-0.028904,0.997366,-0.046245,-0.054357,-1.979045,-1.333771,0.078735,-1.111592,-0.013455,1.229811,0.125330,2.478524,-0.097244,-1.007380,0.074961,0.020238,1.577561,0.050289,-0.126764,-0.375835,-0.103642,-0.007407,0.462536,-0.175683,-0.010364
-0.008993,-0.014643,0.691069,0.053970,0.040833,-0.025906,0.997371,-0.044869,-0.056894,-2.035044,-1.349011,0.077276,-1.073922,-0.080425,1.236484,0.119694,2.477108,-0.123022,-1.073868,0.084788,0.007632,1.703998,0.020633,-0.135016,-0.406266,-0.102361,-0.001406,0.499817,-0.184900,-0.008767
-0.012811,-0.012867,0.689153,0.054878,0.040046,-0.023134,0.997421,-0.043521,-0.059617,-2.055029,-1.343882,0.075281,-1.081733,-0.177302,1.233081,0.117190,2.469686,-0.141791,-1.126190,0.091094,-0.002611,1.814425,-0.007362,-0.144916,-0.429776,-0.102688,0.004994,0.531947,-0.193599,-0.008346
-0.016624,-0.011615,0.687525,0.055682,0.037463,-0.019733,0.997550,-0.042201,-0.062318,-2.033030,-1.317480,0.072742,-1.139438,-0.298792,1.219584,0.120994,2.453793,-0.154158,-1.161113,0.094482,-0.009272,1.904651,-0.032721,-0.154595,-0.443850,-0.104369,0.010603,0.555776,-0.200117,-0.009340
-0.020161,-0.011216,0.686349,0.056280,0.033008,-0.014841,0.997759,-0.040918,-0.064779,-1.968047,-1.270851,0.068542,-1.245946,-0.439344,1.197949,0.133854,2.427245,-0.161496,-1.176694,0.094566,-0.012105,1.971304,-0.054186,-0.163075,-0.446791,-0.107042,0.014315,0.569373,-0.203695,-0.010900
-0.023103,-0.011622,0.685683,0.056589,0.026773,-0.008083,0.998006,-0.039706,-0.066803,-1.864375,-1.209209,0.062538,-1.391404,-0.594134,1.169712,0.157936,2.389025,-0.164317,-1.172072,0.090186,-0.011281,2.012822,-0.069562,-0.169236,-0.437848,-0.111004,0.015875,0.571509,-0.204480,-0.012317
-0.025608,-0.012737,0.685461,0.056501,0.018800,0.000713,0.998225,-0.038629,-0.068195,-1.727621,-1.141293,0.055008,-1.559179,-0.757694,1.137768,0.194127,2.337337,-0.164257,-1.147965,0.081660,-0.007622,2.029618,-0.078165,-0.172887,-0.417202,-0.115589,0.014681,0.562465,-0.201963,-0.012495
-0.027829,-0.014357,0.685784,0.055907,0.009806,0.011527,0.998321,-0.037762,-0.068825,-1.564064,-1.074828,0.045943,-1.735352,-0.924976,1.105567,0.242133,2.271337,-0.162428,-1.107011,0.070611,-0.001960,2.022927,-0.079778,-0.174681,-0.387195,-0.120465,0.010474,0.543499,-0.196483,-0.012124
-0.029627,-0.016286,0.686464,0.054921,0.000257,0.023996,0.998202,-0.037160,-0.068640,-1.380499,-1.017145,0.035464,-1.906093,-1.090597,1.077016,0.301550,2.191038,-0.159186,-1.051720,0.058029,0.004332,1.994887,-0.074829,-0.176239,-0.350355,-0.124968,0.004024,0.517271,-0.188779,-0.010717
-0.031130,-0.018411,0.686954,0.053369,-0.009250,0.037494,0.997828,-0.036871,-0.067663,-1.184796,-0.975943,0.024074,-2.059283,-1.251354,1.054790,0.370663,2.098381,-0.155283,-0.985965,0.045796,0.009168,1.947613,-0.065516,-0.175879,-0.310492,-0.128185,-0.004454,0.487463,-0.179354,-0.007937
-0.032388,-0.020329,0.687022,0.051189,-0.018329,0.051414,0.997196,-0.036916,-0.065963,-0.984877,-0.958165,0.012689,-2.186516,-1.405651,1.039938,0.445589,1.995363,-0.150985,-0.913164,0.035062,0.012359,1.885215,-0.051229,-0.173356,-0.271025,-0.129956,-0.014309,0.458014,-0.169179,-0.004050
-0.033655,-0.021804,0.686681,0.048208,-0.026474,0.064972,0.996370,-0.037301,-0.063652,-0.784877,-0.967245,0.002596,-2.284260,-1.552264,1.031497,0.522075,1.883944,-0.146323,-0.836506,0.027476,0.013572,1.810910,-0.033587,-0.169277,-0.235297,-0.129877,-0.024587,0.431734,-0.159790,0.000030
-0.035130,-0.022772,0.685762,0.044305,-0.033546,0.077666,0.995429,-0.038021,-0.060862,-0.585313,-1.002603,-0.005887,-2.356358,-1.689634,1.028970,0.597423,1.765264,-0.142028,-0.757991,0.024591,0.012727,1.727800,-0.015200,-0.164727,-0.205348,-0.127188,-0.034844,0.411414,-0.151059,0.003548
-0.036702,-0.023093,0.684446,0.039600,-0.039436,0.088993,0.994463,-0.039046,-0.057753,-0.390618,-1.058689,-0.013009,-2.411514,-1.816470,1.031939,0.670744,1.641188,-0.138503,-0.679195,0.026598,0.010858,1.637991,0.002552,-0.160458,-0.182550,-0.122479,-0.044650,0.398364,-0.144259,0.005279
-0.038134,-0.022807,0.682652,0.034382,-0.044687,0.098762,0.993512,-0.040337,-0.054454,-0.204011,-1.129601,-0.018867,-2.454153,-1.932052,1.039875,0.742344,1.514085,-0.136333,-0.600332,0.032879,0.008320,1.543321,0.018159,-0.156289,-0.166209,-0.116289,-0.053624,0.393629,-0.139758,0.006592
-0.039618,-0.021923,0.681152,0.028545,-0.048905,0.107017,0.992643,-0.041854,-0.051081,-0.028281,-1.210380,-0.023712,-2.487696,-2.037771,1.050550,0.812414,1.387735,-0.135818,-0.523294,0.042511,0.005431,1.445085,0.031283,-0.150496,-0.156796,-0.109088,-0.061596,0.396804,-0.137153,0.007094
-0.041228,-0.020286,0.679592,0.022336,-0.051996,0.113924,0.991876,-0.043569,-0.047738,0.132464,-1.295684,-0.027622,-2.515364,-2.133676,1.061244,0.881620,1.265496,-0.137605,-0.448874,0.053363,0.003500,1.343509,0.030839,-0.145604,-0.154149,-0.101635,-0.068041,0.406221,-0.136772,0.006685
-0.043035,-0.018128,0.677941,0.015806,-0.053940,0.119869,0.991197,-0.045479,-0.044520,0.274647,-1.379196,-0.031152,-2.538703,-2.220584,1.069478,0.950917,1.150616,-0.140834,-0.376680,0.063465,0.001988,1.241560,0.009696,-0.142081,-0.157528,-0.093664,-0.072883,0.420472,-0.137551,0.006162
-0.045188,-0.015397,0.676254,0.009506,-0.055053,0.125030,0.990579,-0.047596,-0.041480,0.392078,-1.456162,-0.033885,-2.559381,-2.298786,1.075236,1.021859,1.044583,-0.145494,-0.307703,0.071624,0.002614,1.141043,-0.031463,-0.140573,-0.165352,-0.086646,-0.077626,0.437521,-0.138946,0.005845
-0.047721,-0.012267,0.674411,0.003646,-0.055536,0.129089,0.990070,-0.049902,-0.038628,0.478453,-1.520642,-0.035653,-2.578079,-2.367671,1.079363,1.094525,0.948705,-0.148999,-0.243678,0.077671,0.006025,1.044239,-0.088347,-0.138207,-0.176686,-0.081217,-0.082578,0.456321,-0.140650,0.008344
-0.050590,-0.009042,0.672586,-0.001646,-0.055207,0.132093,0.989697,-0.052388,-0.035973,0.531527,-1.564195,-0.036117,-2.590016,-2.427058,1.081418,1.167676,0.865151,-0.150175,-0.186690,0.081617,0.012491,0.953517,-0.154771,-0.132859,-0.191776,-0.077847,-0.088182,0.477041,-0.141031,0.014743
-0.054257,-0.005855,0.670943,-0.006386,-0.053895,0.133931,0.989503,-0.055024,-0.033519,0.549730,-1.586756,-0.036273,-2.597702,-2.475099,1.079961,1.238896,0.796446,-0.148493,-0.138617,0.083680,0.022339,0.870475,-0.224559,-0.124960,-0.211882,-0.077065,-0.094922,0.499826,-0.138107,0.024373
-0.058640,-0.002827,0.669729,-0.010499,-0.051913,0.134287,0.989526,-0.057742,-0.031272,0.529681,-1.585095,-0.035870,-2.603831,-2.509797,1.073462,1.304233,0.746231,-0.143399,-0.099815,0.084526,0.034593,0.796711,-0.294656,-0.115755,-0.237433,-0.078831,-0.102377,0.525654,-0.128874,0.036034
-0.063769,-0.000015,0.669524,-0.013826,-0.049720,0.132733,0.989807,-0.060467,-0.029227,0.471746,-1.558031,-0.034958,-2.604613,-2.529149,1.060530,1.359399,0.719008,-0.133309,-0.070198,0.083950,0.047435,0.734496,-0.351313,-0.104396,-0.267451,-0.082748,-0.109699,0.555563,-0.108615,0.050776
-0.069813,0.002606,0.670020,-0.016294,-0.047669,0.128776,0.990393,-0.063125,-0.027343,0.375748,-1.506823,-0.032830,-2.597658,-2.529887,1.040334,1.399972,0.718785,-0.118172,-0.050541,0.082511,0.059640,0.682159,-0.388916,-0.091491,-0.301014,-0.088530,-0.115229,0.589331,-0.079579,0.067850
-0.076636,0.004851,0.670536,-0.018429,-0.045765,0.122463,0.991246,-0.065627,-0.025576,0.247358,-1.434980,-0.029814,-2.580013,-2.509338,1.009560,1.420861,0.750421,-0.097429,-0.040074,0.080882,0.069162,0.640354,-0.407711,-0.076095,-0.337811,-0.094628,-0.117937,0.629715,-0.047633,0.086571
-0.084017,0.006719,0.670490,-0.020480,-0.044553,0.114556,0.992206,-0.067890,-0.023855,0.093318,-1.349403,-0.025637,-2.549848,-2.463254,0.963873,1.417479,0.819173,-0.075155,-0.036325,0.079498,0.074808,0.608273,-0.411326,-0.062523,-0.376219,-0.100613,-0.118942,0.678642,-0.017038,0.102798
-0.091622,0.008318,0.669630,-0.022617,-0.044029,0.105416,0.993195,-0.069851,-0.022110,-0.079695,-1.262069,-0.020042,-2.510505,-2.386606,0.900470,1.387130,0.929760,-0.051608,-0.036926,0.079125,0.076437,0.584050,-0.405629,-0.052035,-0.414264,-0.106101,-0.119097,0.736416,0.008280,0.114803
-0.098532,0.009643,0.667787,-0.024962,-0.044272,0.095871,0.994095,-0.071487,-0.020311,-0.266893,-1.179797,-0.011392,-2.458371,-2.280740,0.818176,1.331110,1.082943,-0.027640,-0.039714,0.080214,0.073710,0.566224,-0.396700,-0.044129,-0.448817,-0.110175,-0.117922,0.802619,0.025108,0.120692
-0.104684,0.010736,0.668042,-0.027452,-0.044947,0.086430,0.994865,-0.072827,-0.018440,-0.462103,-1.112629,0.000485,-2.389708,-2.148381,0.719712,1.255158,1.271344,-0.004692,-0.043728,0.081932,0.067631,0.553409,-0.387540,-0.038657,-0.478278,-0.111799,-0.115719,0.875565,0.031568,0.120971
-0.110053,0.011628,0.669426,-0.030196,-0.045865,0.077607,0.995471,-0.073893,-0.016495,-0.661586,-1.069834,0.015995,-2.304480,-1.992862,0.612748,1.165988,1.481635,0.016434,-0.048759,0.084784,0.059904,0.545237,-0.379497,-0.034987,-0.501904,-0.110543,-0.113300,0.952932,0.024586,0.115040
-0.114918,0.012613,0.670719,-0.033047,-0.046855,0.069790,0.995913,-0.074710,-0.014485,-0.859897,-1.060431,0.034649,-2.199551,-1.818420,0.506930,1.070098,1.699200,0.034541,-0.054446,0.087831,0.051757,0.541074,-0.371746,-0.032707,-0.519644,-0.107133,-0.111947,1.033035,0.007098,0.105638
-0.119601,0.014066,0.671753,-0.035484,-0.048103,0.063135,0.996213,-0.075304,-0.012428,-1.053412,-1.088174,0.054422,-2.070552,-1.629086,0.414191,0.974054,1.909421,0.048760,-0.060205,0.089938,0.044386,0.539328,-0.364880,-0.031314,-0.530609,-0.103155,-0.111458,1.111705,-0.013855,0.094325
-0.124474,0.016052,0.672336,-0.037252,-0.049190,0.057543,0.996434,-0.075732,-0.010368,-1.238902,-1.149011,0.072215,-1.915747,-1.431082,0.346583,0.883632,2.098386,0.060269,-0.066289,0.090400,0.039032,0.538443,-0.360732,-0.029008,-0.535188,-0.099566,-0.111066,1.183970,-0.033778,0.083447
-0.129779,0.018479,0.672518,-0.038121,-0.050090,0.052901,0.996614,-0.076028,-0.008339,-1.413305,-1.232580,0.085808,-1.738845,-1.231082,0.313315,0.802353,2.253662,0.068207,-0.072665,0.088375,0.035407,0.538482,-0.358705,-0.026046,-0.533409,-0.096046,-0.108854,1.245119,-0.049940,0.073937
-0.135814,0.021241,0.672555,-0.037849,-0.050532,0.048572,0.996822,-0.076208,-0.006365,-1.573978,-1.325847,0.094411,-1.546489,-1.031082,0.321101,0.729241,2.368425,0.072615,-0.080074,0.083386,0.034360,0.540208,-0.356000,-0.023078,-0.525858,-0.093517,-0.105749,1.290842,-0.061344,0.067474
-0.142259,0.024134,0.672442,-0.036498,-0.050791,0.044299,0.997059,-0.076260,-0.004455,-1.719253,-1.417766,0.098164,-1.345711,-0.831082,0.371416,0.658384,2.444983,0.074873,-0.088268,0.076295,0.036464,0.543381,-0.352085,-0.020145,-0.511790,-0.092835,-0.102445,1.318277,-0.068594,0.064425
-0.148324,0.027176,0.672022,-0.033831,-0.051111,0.039803,0.997326,-0.076164,-0.002591,-1.847118,-1.498760,0.097145,-1.145079,-0.631082,0.456936,0.582208,2.491565,0.074993,-0.095614,0.066739,0.041064,0.547169,-0.347988,-0.017210,-0.489808,-0.094242,-0.099138,1.325772,-0.072722,0.065120
-0.153389,0.030205,0.671263,-0.030113,-0.051388,0.034766,0.997619,-0.075904,-0.000760,-1.957893,-1.560824,0.092061,-0.954796,-0.438516,0.563679,0.495834,2.518243,0.074223,-0.101572,0.055667,0.048266,0.550730,-0.344876,-0.013825,-0.459906,-0.097566,-0.095535,1.312516,-0.074515,0.067289
-0.157367,0.032979,0.670247,-0.025733,-0.051567,0.028830,0.997922,-0.075461,0.001037,-2.052595,-1.599536,0.084795,-0.785155,-0.271105,0.674051,0.398895,2.533741,0.073726,-0.105866,0.043987,0.057668,0.553170,-0.343427,-0.010422,-0.423007,-0.101488,-0.091564,1.279030,-0.074543,0.069635
-0.160442,0.035460,0.669187,-0.020683,-0.051274,0.021984,0.998228,-0.074812,0.002786,-2.131414,-1.616151,0.077755,-0.644031,-0.139558,0.772716,0.293511,2.544428,0.073214,-0.109671,0.031783,0.069196,0.555785,-0.341328,-0.007243,-0.380821,-0.105874,-0.087673,1.226735,-0.074465,0.071949
-0.162854,0.037746,0.668113,-0.015248,-0.050846,0.014254,0.998488,-0.073935,0.004484,-2.193912,-1.616072,0.072356,-0.534748,-0.050369,0.849279,0.183752,2.554189,0.072442,-0.113221,0.019571,0.082733,0.558701,-0.338363,-0.004433,-0.334184,-0.111081,-0.084983,1.156529,-0.087151,0.073818
-0.165078,0.039762,0.667056,-0.009950,-0.050260,0.005943,0.998669,-0.072820,0.006126,-2.240633,-1.604659,0.068835,-0.457341,-0.007895,0.897058,0.075637,2.566909,0.072350,-0.117002,0.008465,0.098132,0.560993,-0.335742,-0.001645,-0.284484,-0.115732,-0.084225,1.074032,-0.114807,0.074806
-0.167205,0.041751,0.665991,-0.004722,-0.049383,-0.002319,0.998766,-0.071483,0.007699,-2.271892,-1.585551,0.066832,-0.412220,-0.013863,0.913013,-0.023510,2.578669,0.071072,-0.121653,-0.001720,0.114279,0.563536,-0.333538,0.000919,-0.234244,-0.120164,-0.085591,0.985837,-0.153212,0.074718
-0.169893,0.043662,0.665205,-0.000365,-0.048203,-0.010052,0.998787,-0.069953,0.009181,-2.287062,-1.561883,0.065860,-0.400215,-0.069049,0.900220,-0.105706,2.580713,0.068836,-0.128249,-0.009277,0.131533,0.567223,-0.330422,0.002612,-0.186991,-0.123778,-0.089481,0.896533,-0.197690,0.072936
-0.173809,0.045058,0.666688,0.003365,-0.046453,-0.016502,0.998779,-0.068269,0.010559,-2.283771,-1.532595,0.065290,-0.423272,-0.166915,0.866543,-0.163292,2.573341,0.064686,-0.139515,-0.013892,0.148674,0.573762,-0.324707,0.002514,-0.145768,-0.126310,-0.095661,0.810425,-0.244357,0.069567
-0.178726,0.045753,0.666673,0.006566,-0.044011,-0.021213,0.998784,-0.066453,0.011810,-2.260176,-1.496096,0.064894,-0.484929,-0.290336,0.823877,-0.193445,2.554447,0.058464,-0.158014,-0.015690,0.163320,0.587195,-0.313423,0.000453,-0.112563,-0.128134,-0.102057,0.731467,-0.290726,0.065226
-0.184467,0.045377,0.665733,0.008959,-0.040992,-0.024013,0.998831,-0.064574,0.012902,-2.213979,-1.450369,0.064664,-0.588242,-0.429558,0.783136,-0.194712,2.523672,0.050833,-0.184951,-0.013670,0.172753,0.608780,-0.294088,-0.003587,-0.088520,-0.127607,-0.106628,0.662405,-0.334735,0.058696
-0.190843,0.043771,0.667472,0.010783,-0.037396,-0.024749,0.998936,-0.062684,0.013788,-2.141915,-1.392101,0.064242,-0.734340,-0.578759,0.753016,-0.166666,2.481468,0.042362,-0.220003,-0.008569,0.176042,0.637826,-0.265316,-0.011487,-0.073954,-0.124269,-0.108619,0.606857,-0.363839,0.051395
-0.197276,0.041049,0.669501,0.012276,-0.033392,-0.023440,0.999092,-0.060826,0.014438,-2.042214,-1.318652,0.062361,-0.920214,-0.734762,0.739164,-0.110553,2.425974,0.031320,-0.261534,-0.001417,0.172778,0.673271,-0.230257,-0.022618,-0.068795,-0.119383,-0.107867,0.563960,-0.375082,0.042847
-0.203764,0.037332,0.671101,0.013503,-0.029417,-0.020286,0.999270,-0.059043,0.014840,-1.916231,-1.231425,0.057691,-1.134523,-0.896599,0.743247,-0.029183,2.359623,0.018010,-0.307419,0.007232,0.164440,0.714385,-0.194040,-0.035935,-0.071009,-0.113107,-0.104447,0.530783,-0.373348,0.033703
-0.210329,0.032800,0.671769,0.014852,-0.025402,-0.015706,0.999444,-0.057370,0.015001,-1.766603,-1.135684,0.049923,-1.362496,-1.063019,0.764846,0.073102,2.286654,0.003034,-0.356514,0.016190,0.152322,0.760611,-0.159974,-0.049983,-0.078482,-0.106660,-0.098390,0.505475,-0.363562,0.023816
-0.216607,0.028079,0.672604,0.016542,-0.021589,-0.010253,0.999577,-0.055822,0.014939,-1.597073,-1.040603,0.039443,-1.590472,-1.231541,0.802696,0.188817,2.202044,-0.013249,-0.406090,0.024513,0.139105,0.810259,-0.131131,-0.063066,-0.088536,-0.101321,-0.091462,0.485394,-0.351341,0.013183
-0.222605,0.023195,0.675859,0.017943,-0.018246,-0.004232,0.999664,-0.054434,0.014697,-1.412158,-0.955689,0.027023,-1.805963,-1.397612,0.852638,0.310541,2.105706,-0.028554,-0.452557,0.031908,0.124935,0.860021,-0.110909,-0.074457,-0.098663,-0.095678,-0.084195,0.468379,-0.339247,0.002545
-0.228081,0.018794,0.678646,0.019405,-0.015443,0.001748,0.999691,-0.053198,0.014323,-1.221397,-0.889176,0.013412,-1.999068,-1.556940,0.909976,0.431506,1.998326,-0.042709,-0.492997,0.037063,0.112119,0.907350,-0.101327,-0.084074,-0.107659,-0.090925,-0.078592,0.453537,-0.328156,-0.006826
-0.232991,0.015107,0.681094,0.020640,-0.013239,0.007491,0.999671,-0.052129,0.013881,-1.032927,-0.848776,-0.000574,-2.161172,-1.705688,0.969634,0.545777,1.881370,-0.056251,-0.525863,0.040241,0.101953,0.951338,-0.102920,-0.090389,-0.114504,-0.087306,-0.075229,0.439250,-0.318671,-0.013964
-0.237419,0.012414,0.683298,0.021669,-0.011713,0.012452,0.999619,-0.051218,0.013435,-0.850316,-0.841155,-0.013577,-2.288904,-1.841313,1.027348,0.649445,1.757074,-0.067602,-0.550739,0.041719,0.094934,0.991697,-0.111054,-0.094263,-0.118458,-0.084495,-0.072941,0.424433,-0.310774,-0.018270
-0.241456,0.010656,0.685289,0.022303,-0.010795,0.016150,0.999563,-0.050448,0.013040,-0.673304,-0.867731,-0.024481,-2.386696,-1.961135,1.080886,0.741240,1.628322,-0.075389,-0.567454,0.041859,0.090580,1.026402,-0.120132,-0.096518,-0.119671,-0.082043,-0.071243,0.408803,-0.304173,-0.020093
-0.244915,0.009789,0.687249,0.022571,-0.010168,0.018746,0.999518,-0.049796,0.012723,-0.502783,-0.924061,-0.033045,-2.462965,-2.065490,1.129207,0.821757,1.499599,-0.080402,-0.576146,0.040751,0.088010,1.052840,-0.127699,-0.098288,-0.118868,-0.080018,-0.070243,0.392313,-0.299736,-0.020094
-0.247604,0.009531,0.688760,0.021964,-0.010041,0.020152,0.999505,-0.049243,0.012491,-0.340459,-1.002879,-0.039446,-2.524947,-2.155054,1.171534,0.893716,1.374472,-0.081568,-0.575974,0.039174,0.085886,1.068855,-0.132995,-0.100675,-0.116131,-0.076935,-0.069321,0.376704,-0.296194,-0.018314
-0.249454,0.009974,0.690074,0.021113,-0.010209,0.020471,0.999515,-0.048758,0.012349,-0.188373,-1.095997,-0.044253,-2.577476,-2.232902,1.208910,0.960545,1.255136,-0.081291,-0.567311,0.037047,0.086034,1.072734,-0.135378,-0.104256,-0.112270,-0.074302,-0.070403,0.362109,-0.294035,-0.015711
-0.250605,0.010752,0.691164,0.019779,-0.010735,0.020009,0.999547,-0.048311,0.012292,-0.044408,-1.196491,-0.048030,-2.622038,-2.301163,1.242425,1.025018,1.142835,-0.079398,-0.550135,0.034798,0.088062,1.062518,-0.136832,-0.108407,-0.106623,-0.071690,-0.072749,0.348102,-0.293618,-0.012496
-0.251097,0.011729,0.691953,0.017954,-0.011479,0.018850,0.999595,-0.047868,0.012311,0.090091,-1.298360,-0.051005,-2.660285,-2.361708,1.272140,1.089070,1.038618,-0.075459,-0.525269,0.032701,0.090794,1.037862,-0.137987,-0.112402,-0.099921,-0.068360,-0.075942,0.335323,-0.293933,-0.009702
-0.251152,0.012728,0.692429,0.015552,-0.012400,0.017539,0.999648,-0.047422,0.012383,0.211479,-1.395925,-0.053326,-2.693491,-2.414626,1.297660,1.153390,0.943055,-0.070768,-0.493451,0.030798,0.093507,0.998886,-0.139911,-0.116440,-0.092533,-0.063808,-0.080037,0.323645,-0.294770,-0.007108
-0.250965,0.013622,0.692656,0.012513,-0.013333,0.016603,0.999695,-0.046974,0.012497,0.315738,-1.484542,-0.055071,-2.722688,-2.460806,1.318867,1.217294,0.856987,-0.065372,-0.456848,0.029428,0.095633,0.947815,-0.140905,-0.120813,-0.084940,-0.057669,-0.084352,0.312923,-0.296190,-0.005373
-0.250724,0.014261,0.692593,0.008931,-0.014452,0.016084,0.999726,-0.046533,0.012653,0.400548,-1.558798,-0.056207,-2.748366,-2.499265,1.335292,1.280054,0.780783,-0.059238,-0.416598,0.029112,0.096432,0.886652,-0.145272,-0.121482,-0.077249,-0.049976,-0.089258,0.303549,-0.297782,-0.004268
-0.250556,0.014650,0.692327,0.005063,-0.015532,0.016501,0.999730,-0.046114,0.012856,0.465303,-1.615273,-0.056829,-2.770574,-2.530476,1.346802,1.340108,0.715056,-0.053516,-0.374254,0.029093,0.095878,0.818990,-0.155391,-0.117157,-0.069771,-0.041295,-0.094909,0.295172,-0.299431,-0.003455
-0.250499,0.014907,0.691988,0.001178,-0.016554,0.018036,0.999700,-0.045741,0.013103,0.510802,-1.651723,-0.056952,-2.789021,-2.554856,1.353566,1.396439,0.659942,-0.048783,-0.331853,0.028991,0.094933,0.748992,-0.170032,-0.108583,-0.062673,-0.032549,-0.100814,0.287647,-0.301656,-0.002372
-0.250603,0.015049,0.691763,-0.002430,-0.017377,0.020990,0.999626,-0.045446,0.013392,0.537287,-1.668242,-0.056703,-2.803307,-2.573611,1.356089,1.447897,0.615175,-0.046417,-0.292055,0.028330,0.093519,0.680954,-0.185483,-0.096830,-0.056378,-0.024317,-0.106265,0.280591,-0.304871,-0.000670
-0.250907,0.015139,0.691693,-0.005520,-0.017900,0.025324,0.999504,-0.045272,0.013711,0.546368,-1.666125,-0.056244,-2.812905,-2.587885,1.354989,1.493975,0.579760,-0.046773,-0.256956,0.027032,0.091606,0.618008,-0.200946,-0.082853,-0.051016,-0.017312,-0.110896,0.273955,-0.308625,0.001409
-0.251423,0.015178,0.691845,-0.007976,-0.018109,0.030744,0.999331,-0.045255,0.014052,0.540913,-1.648403,-0.055713,-2.817147,-2.598662,1.351373,1.534934,0.552446,-0.048535,-0.227647,0.025199,0.089185,0.563044,-0.215395,-0.067269,-0.046675,-0.011838,-0.114510,0.267699,-0.313084,0.003532
-0.252167,0.015275,0.692209,-0.009720,-0.018065,0.036681,0.999116,-0.045417,0.014403,0.524985,-1.618455,-0.055060,-2.816497,-2.606789,1.346451,1.571449,0.531730,-0.051724,-0.203963,0.022738,0.086847,0.516502,-0.231043,-0.051375,-0.043192,-0.008419,-0.118007,0.261651,-0.317679,0.006130
-0.253076,0.015453,0.692747,-0.010779,-0.017708,0.042715,0.998872,-0.045765,0.014739,0.502559,-1.581430,-0.054440,-2.811853,-2.613231,1.341182,1.604344,0.516006,-0.055340,-0.186036,0.019475,0.085538,0.479509,-0.243280,-0.039626,-0.040569,-0.006703,-0.121193,0.255753,-0.322014,0.009283
-0.254124,0.015801,0.693476,-0.011205,-0.017099,0.047895,0.998643,-0.046283,0.015041,0.477435,-1.542239,-0.053949,-2.804507,-2.618194,1.336901,1.634361,0.503629,-0.057958,-0.174100,0.015933,0.085134,0.451460,-0.249126,-0.033072,-0.038991,-0.006716,-0.123682,0.249984,-0.326049,0.012511
-0.255292,0.016239,0.694219,-0.011284,-0.016265,0.051799,0.998461,-0.046938,0.015290,0.452887,-1.505671,-0.053702,-2.795855,-2.622029,1.333946,1.661816,0.493306,-0.058909,-0.166888,0.012664,0.084764,0.430443,-0.249823,-0.030187,-0.038532,-0.007595,-0.125900,0.244731,-0.328930,0.015463
-0.256465,0.016852,0.694807,-0.011337,-0.015329,0.053873,0.998366,-0.047681,0.015471,0.432000,-1.474234,-0.053648,-2.787990,-2.624169,1.331942,1.687567,0.483798,-0.057434,-0.162821,0.010361,0.084416,0.414897,-0.248637,-0.029271,-0.039106,-0.008769,-0.127984,0.240581,-0.330202,0.017711
-0.257574,0.017679,0.695246,-0.011531,-0.014423,0.053815,0.998380,-0.048449,0.015574,0.416675,-1.449647,-0.053743,-2.782746,-2.624853,1.331037,1.711366,0.474466,-0.053085,-0.160315,0.008829,0.085133,0.403412,-0.246655,-0.029497,-0.040531,-0.009891,-0.130214,0.237455,-0.330302,0.019270
-0.258535,0.018829,0.695563,-0.011679,-0.013532,0.051886,0.998493,-0.049174,0.015599,0.408028,-1.432479,-0.053938,-2.781139,-2.623657,1.331235,1.733865,0.464570,-0.048204,-0.158927,0.007224,0.086444,0.395240,-0.244498,-0.030871,-0.042814,-0.011370,-0.131978,0.235550,-0.329395,0.020914
-0.259303,0.020190,0.695764,-0.011862,-0.012735,0.048521,0.998671,-0.049805,0.015550,0.405599,-1.422324,-0.054267,-2.782614,-2.620847,1.331963,1.754952,0.454106,-0.042695,-0.158036,0.005689,0.088049,0.389527,-0.242841,-0.031321,-0.045747,-0.012781,-0.132917,0.234813,-0.328030,0.023020
-0.259880,0.021759,0.695860,-0.012119,-0.012123,0.044212,0.998875,-0.050308,0.015449,0.408251,-1.418302,-0.054640,-2.786367,-2.616253,1.332332,1.774291,0.443463,-0.037600,-0.157575,0.003905,0.089109,0.386074,-0.241473,-0.029877,-0.048892,-0.014181,-0.132184,0.234925,-0.326416,0.025444
-0.260282,0.023442,0.695810,-0.012553,-0.011770,0.039686,0.999064,-0.050673,0.015326,0.413779,-1.418751,-0.055016,-2.791190,-2.609584,1.330889,1.791756,0.433419,-0.033040,-0.156944,0.002175,0.089877,0.383864,-0.240644,-0.026829,-0.051704,-0.015360,-0.130377,0.235592,-0.324565,0.028011
-0.260581,0.025207,0.695646,-0.013063,-0.011610,0.035295,0.999224,-0.050912,0.015210,0.420221,-1.421800,-0.055312,-2.795867,-2.600584,1.327130,1.807172,0.424773,-0.029535,-0.156246,0.000389,0.090639,0.382450,-0.240131,-0.022905,-0.053951,-0.016468,-0.128053,0.236483,-0.322489,0.030664
-0.260864,0.027014,0.695421,-0.013521,-0.011653,0.031368,0.999349,-0.051043,0.015134,0.425669,-1.425874,-0.055520,-2.799016,-2.588970,1.320540,1.820063,0.418651,-0.027508,-0.155586,-0.001629,0.091548,0.382184,-0.239000,-0.019128,-0.055645,-0.017892,-0.125714,0.237482,-0.320239,0.033458
-0.261230,0.028835,0.695159,-0.013863,-0.011829,0.028117,0.999439,-0.051097,0.015142,0.428859,-1.429461,-0.055594,-2.799336,-2.573990,1.310723,1.830284,0.416535,-0.026786,-0.155224,-0.003682,0.092118,0.382865,-0.237536,-0.015515,-0.057042,-0.019588,-0.123521,0.238742,-0.318016,0.036936
-0.261729,0.030575,0.694704,-0.014435,-0.012171,0.025389,0.999499,-0.051104,0.015266,0.428942,-1.431147,-0.055517,-2.795970,-2.555550,1.296540,1.835690,0.420404,-0.025420,-0.155187,-0.005137,0.092680,0.384007,-0.237010,-0.010999,-0.058264,-0.021033,-0.121818,0.240903,-0.315372,0.040512
-0.262409,0.032225,0.694127,-0.015085,-0.012588,0.023242,0.999537,-0.051079,0.015539,0.425420,-1.430239,-0.055239,-2.787695,-2.532176,1.276773,1.835823,0.432168,-0.024264,-0.155708,-0.006417,0.093308,0.386152,-0.236626,-0.006029,-0.060161,-0.022405,-0.120655,0.244536,-0.312499,0.044054
-0.263305,0.033881,0.693163,-0.015683,-0.013203,0.021478,0.999559,-0.051047,0.015990,0.418765,-1.426604,-0.054739,-2.773684,-2.502653,1.251213,1.829522,0.454399,-0.023528,-0.156527,-0.007750,0.094218,0.389202,-0.236801,-0.000615,-0.063061,-0.024341,-0.120406,0.251303,-0.308197,0.046829
-0.264385,0.035535,0.691871,-0.016134,-0.013898,0.020109,0.999571,-0.051026,0.016635,0.409033,-1.420080,-0.053878,-2.753380,-2.465583,1.219161,1.815595,0.489226,-0.024987,-0.158106,-0.009451,0.095356,0.393773,-0.237302,0.005357,-0.067883,-0.027064,-0.120798,0.261990,-0.302764,0.049953
-0.265639,0.037153,0.690261,-0.016504,-0.014691,0.019110,0.999573,-0.051025,0.017486,0.395994,-1.410496,-0.052498,-2.725853,-2.419063,1.179244,1.792473,0.538927,-0.028878,-0.160805,-0.011201,0.097166,0.400404,-0.238795,0.011868,-0.075225,-0.030671,-0.121593,0.277459,-0.297070,0.054043
-0.266990,0.038679,0.688146,-0.016960,-0.015572,0.018371,0.999566,-0.051051,0.018549,0.379382,-1.397144,-0.050292,-2.690927,-2.360582,1.130670,1.758190,0.606321,-0.034570,-0.164335,-0.012449,0.100385,0.409102,-0.241865,0.018397,-0.085433,-0.034867,-0.123438,0.299142,-0.291325,0.060016
-0.268347,0.040075,0.685403,-0.017551,-0.016402,0.017924,0.999551,-0.051109,0.019809,0.359272,-1.380198,-0.047131,-2.649637,-2.286717,1.072201,1.711005,0.693619,-0.041353,-0.169362,-0.012894,0.104967,0.420563,-0.246283,0.024639,-0.099104,-0.039808,-0.126256,0.327913,-0.285556,0.068202
-0.269475,0.041279,0.681918,-0.018373,-0.017071,0.017517,0.999532,-0.051197,0.021232,0.335301,-1.359374,-0.042610,-2.603722,-2.193479,1.004021,1.649799,0.802431,-0.048315,-0.176015,-0.012006,0.110621,0.435426,-0.251954,0.030462,-0.116641,-0.045350,-0.130154,0.364672,-0.279412,0.078162
-0.270064,0.042241,0.680849,-0.019417,-0.017538,0.017057,0.999512,-0.051328,0.022764,0.307491,-1.334689,-0.036420,-2.556330,-2.078058,0.928557,1.573429,0.932036,-0.054417,-0.184669,-0.009469,0.116313,0.453857,-0.260331,0.036724,-0.137604,-0.051889,-0.135219,0.410324,-0.272186,0.088644
-0.269894,0.042890,0.679703,-0.020847,-0.017344,0.016389,0.999498,-0.051494,0.024305,0.274945,-1.306942,-0.028582,-2.511331,-1.941645,0.849103,1.484034,1.076918,-0.058854,-0.195995,-0.005037,0.122489,0.476183,-0.271470,0.043041,-0.162697,-0.059381,-0.142820,0.464103,-0.267277,0.097864
-0.268960,0.043085,0.678529,-0.022677,-0.016651,0.015470,0.999484,-0.051692,0.025743,0.236391,-1.278004,-0.019318,-2.471956,-1.786158,0.771200,1.385675,1.228255,-0.060188,-0.209644,0.001532,0.128367,0.502130,-0.285237,0.047955,-0.191306,-0.068415,-0.152611,0.527328,-0.265763,0.101579
-0.267407,0.042791,0.677388,-0.024762,-0.015396,0.014095,0.999475,-0.051922,0.026964,0.189857,-1.249707,-0.008933,-2.441183,-1.613866,0.701922,1.282134,1.376770,-0.057223,-0.224991,0.009802,0.132935,0.530069,-0.301080,0.051547,-0.223489,-0.079010,-0.164094,0.599931,-0.266683,0.099878
-0.265375,0.041994,0.676294,-0.026975,-0.013553,0.012398,0.999467,-0.052179,0.027862,0.133824,-1.225287,0.002136,-2.420179,-1.428134,0.647186,1.176686,1.513180,-0.050470,-0.242137,0.019119,0.135333,0.559051,-0.317671,0.053609,-0.258761,-0.091308,-0.175689,0.680216,-0.269850,0.092496
-0.262980,0.040703,0.675304,-0.029545,-0.011333,0.010242,0.999447,-0.052461,0.028369,0.067652,-1.207529,0.013558,-2.408270,-1.233331,0.612987,1.072296,1.629422,-0.040943,-0.259804,0.029669,0.135971,0.587486,-0.333591,0.053131,-0.295718,-0.104602,-0.187152,0.765252,-0.275436,0.079715
-0.260593,0.039111,0.674612,-0.031944,-0.008516,0.007272,0.999427,-0.052760,0.028426,-0.007870,-1.199318,0.024676,-2.404031,-1.040586,0.603843,0.973123,1.719576,-0.028002,-0.277817,0.040417,0.135305,0.613109,-0.348653,0.050660,-0.333561,-0.119137,-0.197302,0.851472,-0.283603,0.063335
-0.258549,0.037149,0.674140,-0.034528,-0.005757,0.004237,0.999378,-0.053076,0.028038,-0.093000,-1.203343,0.035285,-2.403083,-0.858311,0.619943,0.884118,1.778281,-0.014431,-0.294490,0.051347,0.133837,0.635301,-0.361307,0.045959,-0.370297,-0.133846,-0.205873,0.935362,-0.294248,0.045610
-0.257137,0.034891,0.673969,-0.037066,-0.003098,0.001023,0.999308,-0.053410,0.027238,-0.186660,-1.220763,0.045415,-2.400068,-0.690840,0.659665,0.806824,1.805693,-0.000537,-0.309556,0.062088,0.131287,0.652865,-0.370393,0.038828,-0.404797,-0.147944,-0.210785,1.013643,-0.304540,0.030045
-0.256457,0.032659,0.674215,-0.039374,-0.000482,-0.003102,0.999220,-0.053740,0.026088,-0.285266,-1.250419,0.055135,-2.389560,-0.542336,0.718411,0.740170,1.806147,0.014564,-0.322311,0.072187,0.128558,0.664405,-0.376034,0.030693,-0.436360,-0.161141,-0.211852,1.082044,-0.313225,0.020708
-0.256440,0.030518,0.674860,-0.041788,0.001863,-0.007451,0.999097,-0.054047,0.024667,-0.384390,-1.290609,0.064541,-2.367831,-0.414481,0.789257,0.683421,1.784791,0.028077,-0.332484,0.081928,0.125651,0.670426,-0.377934,0.021962,-0.463341,-0.173165,-0.209660,1.136981,-0.320715,0.017187
-0.256902,0.028598,0.675878,-0.044135,0.003885,-0.012313,0.998942,-0.054310,0.023057,-0.479874,-1.338329,0.073767,-2.331491,-0.308614,0.866111,0.635998,1.747175,0.040321,-0.339392,0.091291,0.123397,0.670895,-0.376953,0.012957,-0.484572,-0.184228,-0.205189,1.176185,-0.326845,0.018401
-0.257781,0.027143,0.677079,-0.045919,0.005631,-0.017829,0.998770,-0.054508,0.021330,-0.569551,-1.390632,0.082823,-2.277005,-0.225753,0.943016,0.597715,1.697618,0.051364,-0.342913,0.098973,0.121837,0.666527,-0.373615,0.004117,-0.499839,-0.195414,-0.198667,1.198921,-0.330756,0.023401
-0.258927,0.026031,0.678483,-0.047486,0.006598,-0.022992,0.998585,-0.054634,0.019568,-0.653643,-1.444947,0.091698,-2.201361,-0.159934,1.014478,0.566845,1.638768,0.059049,-0.342526,0.105707,0.121120,0.657672,-0.368002,-0.004026,-0.508275,-0.207034,-0.191826,1.205020,-0.333087,0.030623
-0.260277,0.025620,0.680015,-0.048307,0.007405,-0.028834,0.998389,-0.054663,0.017817,-0.731785,-1.498235,0.099638,-2.104380,-0.107578,1.078268,0.540280,1.574816,0.065519,-0.339165,0.110309,0.121795,0.644651,-0.360854,-0.011463,-0.511064,-0.219792,-0.184655,1.194695,-0.334153,0.038658
-0.261749,0.025817,0.681720,-0.048481,0.007810,-0.034913,0.998183,-0.054574,0.016125,-0.805269,-1.547478,0.105924,-1.986843,-0.065281,1.132653,0.515814,1.508835,0.070517,-0.332721,0.113014,0.123681,0.627878,-0.353431,-0.017870,-0.507880,-0.233794,-0.177743,1.168214,-0.335253,0.046498
-0.263202,0.026407,0.683450,-0.048239,0.007910,-0.040243,0.997993,-0.054378,0.014526,-0.876817,-1.591817,0.109952,-1.850736,-0.028671,1.177253,0.491899,1.442976,0.071974,-0.324040,0.114043,0.126080,0.609118,-0.346251,-0.022727,-0.498737,-0.247947,-0.171021,1.126190,-0.335868,0.052915
-0.264505,0.027323,0.684987,-0.047194,0.007699,-0.045415,0.997823,-0.054082,0.013042,-0.949752,-1.629589,0.111342,-1.698026,0.003920,1.213023,0.467339,1.378887,0.071998,-0.313444,0.112906,0.129265,0.589382,-0.339345,-0.026442,-0.483970,-0.261921,-0.163606,1.070229,-0.335338,0.057568
-0.265692,0.028317,0.686307,-0.045464,0.007294,-0.050004,0.997687,-0.053694,0.011680,-1.025895,-1.660266,0.109870,-1.532391,0.033894,1.241405,0.441180,1.317614,0.071082,-0.301807,0.109865,0.132255,0.569368,-0.332746,-0.029151,-0.464278,-0.275345,-0.155138,1.002327,-0.332736,0.060977
-0.266780,0.029026,0.687417,-0.043173,0.006822,-0.054005,0.997584,-0.053229,0.010427,-1.106438,-1.681569,0.105720,-1.359639,0.062330,1.264321,0.413253,1.259952,0.070103,-0.290409,0.105689,0.134571,0.549876,-0.326848,-0.030124,-0.440773,-0.287376,-0.145703,0.924502,-0.329242,0.064055
-0.267708,0.029276,0.688210,-0.040156,0.006557,-0.057737,0.997502,-0.052691,0.009256,-1.190571,-1.691917,0.099418,-1.186395,0.089512,1.283634,0.383872,1.206840,0.069541,-0.280024,0.099902,0.135726,0.532130,-0.321822,-0.030251,-0.414531,-0.297681,-0.134850,0.839284,-0.325204,0.067494
-0.268469,0.028806,0.688752,-0.036565,0.006615,-0.061265,0.997430,-0.052089,0.008124,-1.276552,-1.690225,0.091775,-1.019195,0.115653,1.300494,0.353252,1.159018,0.070242,-0.271228,0.093244,0.135214,0.516101,-0.317399,-0.030324,-0.386985,-0.306250,-0.122416,0.749807,-0.321440,0.071504
-0.269087,0.027431,0.689025,-0.032592,0.007005,-0.064850,0.997338,-0.051424,0.006997,-1.361341,-1.675619,0.083811,-0.864309,0.140727,1.316002,0.321789,1.116582,0.073714,-0.263968,0.086310,0.132834,0.501877,-0.313246,-0.030454,-0.359212,-0.312743,-0.108990,0.660597,-0.317356,0.076117
-0.269707,0.025231,0.689080,-0.028132,0.008133,-0.069467,0.997154,-0.050676,0.005828,-1.442511,-1.646845,0.076423,-0.727754,0.163711,1.331169,0.289944,1.079388,0.080867,-0.258998,0.079154,0.128708,0.489032,-0.308533,-0.031475,-0.333575,-0.317707,-0.095250,0.575327,-0.313240,0.081722
-0.270457,0.022009,0.689000,-0.023373,0.009878,-0.074700,0.996883,-0.049813,0.004560,-1.515615,-1.604027,0.070226,-0.614626,0.183393,1.346789,0.258508,1.047213,0.090927,-0.256751,0.072408,0.123040,0.477734,-0.303241,-0.033682,-0.311850,-0.321409,-0.081720,0.497610,-0.311060,0.087960
-0.271197,0.017622,0.688783,-0.018688,0.011969,-0.080131,0.996537,-0.048825,0.003169,-1.578006,-1.549281,0.065580,-0.528100,0.201248,1.363575,0.228322,1.018826,0.102280,-0.256182,0.067315,0.116561,0.468001,-0.297679,-0.037101,-0.293281,-0.322470,-0.069821,0.430562,-0.310639,0.094657
-0.271863,0.012080,0.688523,-0.014218,0.014201,-0.085326,0.996150,-0.047715,0.001658,-1.627758,-1.485033,0.062535,-0.469251,0.217789,1.381510,0.199528,0.993641,0.114546,-0.256173,0.064094,0.109126,0.458836,-0.292148,-0.042008,-0.277341,-0.321158,-0.059019,0.375300,-0.310702,0.100597
-0.272529,0.005483,0.688239,-0.010034,0.016547,-0.090444,0.995714,-0.046480,0.000027,-1.663908,-1.411834,0.060836,-0.438312,0.232328,1.400626,0.172331,0.971087,0.128116,-0.256796,0.062639,0.100272,0.449850,-0.286142,-0.048467,-0.265443,-0.317364,-0.048201,0.331786,-0.310722,0.107378
-0.273120,-0.002162,0.687907,-0.006246,0.018864,-0.095273,0.995253,-0.045122,-0.001709,-1.685126,-1.330522,0.060235,-0.434497,0.245188,1.420741,0.147150,0.950033,0.141307,-0.257260,0.063492,0.090698,0.440637,-0.279436,-0.056482,-0.257221,-0.311480,-0.038471,0.299983,-0.307485,0.114488
-0.273420,-0.010833,0.690105,-0.002812,0.020818,-0.099297,0.994836,-0.043652,-0.003532,-1.689376,-1.242799,0.060336,-0.456105,0.257497,1.441520,0.123819,0.929668,0.151060,-0.256501,0.066684,0.081379,0.431130,-0.271785,-0.065850,-0.251735,-0.303355,-0.030153,0.278041,-0.301380,0.123149
-0.273198,-0.020587,0.692548,0.000280,0.022094,-0.101833,0.994556,-0.042084,-0.005410,-1.673774,-1.148427,0.060789,-0.501835,0.270169,1.462481,0.101847,0.909690,0.155222,-0.253397,0.072421,0.073910,0.421222,-0.263319,-0.076284,-0.248149,-0.293592,-0.023932,0.264667,-0.293218,0.133677
-0.272147,-0.031187,0.694208,0.002824,0.023037,-0.103350,0.994374,-0.040456,-0.007307,-1.635780,-1.046138,0.061116,-0.570484,0.284724,1.483563,0.080468,0.889796,0.153418,-0.247177,0.081240,0.069514,0.410037,-0.254545,-0.087847,-0.245657,-0.281889,-0.020402,0.257592,-0.282708,0.145621
-0.270007,-0.042334,0.695379,0.005116,0.023725,-0.104418,0.994237,-0.038769,-0.009235,-1.569257,-0.929173,0.060485,-0.661081,0.300404,1.503882,0.059565,0.870205,0.148406,-0.237931,0.091795,0.068270,0.397009,-0.245546,-0.100334,-0.244495,-0.269655,-0.018275,0.254595,-0.271747,0.157809
-0.266585,-0.053569,0.696196,0.007160,0.024264,-0.105028,0.994147,-0.037021,-0.011241,-1.473419,-0.795441,0.057950,-0.768422,0.317897,1.521728,0.038910,0.852167,0.140064,-0.225961,0.103406,0.069923,0.382370,-0.236769,-0.113784,-0.244606,-0.257357,-0.017684,0.255122,-0.261556,0.169680
-0.262072,-0.064552,0.696556,0.008674,0.024627,-0.104791,0.994151,-0.035219,-0.013369,-1.350032,-0.646381,0.053237,-0.880955,0.338381,1.536270,0.018356,0.837396,0.128705,-0.211742,0.116425,0.074055,0.367043,-0.228428,-0.127840,-0.244814,-0.244689,-0.019214,0.259321,-0.252631,0.179235
-0.256860,-0.074950,0.696791,0.009739,0.024669,-0.103365,0.994290,-0.033380,-0.015674,-1.201645,-0.483013,0.046894,-0.985329,0.362056,1.547130,-0.002854,0.828640,0.115203,-0.196341,0.129973,0.079582,0.352163,-0.221185,-0.142507,-0.244526,-0.232006,-0.021489,0.266343,-0.248227,0.185722
-0.251623,-0.084394,0.696808,0.010331,0.024775,-0.101180,0.994506,-0.031521,-0.018199,-1.032320,-0.307241,0.039596,-1.068955,0.387587,1.554250,-0.025270,0.828711,0.101884,-0.182271,0.143798,0.084431,0.339429,-0.214955,-0.157318,-0.245285,-0.219709,-0.022858,0.276737,-0.247190,0.186395
-0.247189,-0.092940,0.696576,0.010399,0.024847,-0.098140,0.994808,-0.029664,-0.020943,-0.846296,-0.131468,0.031356,-1.119984,0.412816,1.558700,-0.048493,0.838640,0.091236,-0.171616,0.157585,0.086776,0.330135,-0.209091,-0.171980,-0.247203,-0.207079,-0.022689,0.290104,-0.247857,0.181937
-0.244053,-0.100704,0.696107,0.010147,0.024616,-0.094299,0.995188,-0.027834,-0.023844,-0.650401,0.034466,0.022677,-1.128498,0.435627,1.561017,-0.071536,0.857476,0.083067,-0.165090,0.171013,0.085204,0.325857,-0.202341,-0.187301,-0.250131,-0.194232,-0.020520,0.306170,-0.249591,0.173666
-0.242287,-0.107899,0.695312,0.009576,0.024214,-0.089784,0.995621,-0.026068,-0.026810,-0.468551,0.177187,0.014831,-1.092931,0.455434,1.561900,-0.093917,0.883567,0.075002,-0.162829,0.184612,0.079779,0.327237,-0.195872,-0.202583,-0.254720,-0.180921,-0.016870,0.324431,-0.252118,0.163061
-0.241936,-0.114893,0.694293,0.008708,0.023743,-0.084871,0.996071,-0.024385,-0.029738,-0.311242,0.290826,0.008808,-1.020083,0.471093,1.562759,-0.114472,0.914100,0.066505,-0.165478,0.198864,0.071634,0.335253,-0.189674,-0.217323,-0.261272,-0.166672,-0.012396,0.344519,-0.255017,0.150988
-0.242710,-0.121888,0.693129,0.007787,0.023046,-0.080015,0.996497,-0.022807,-0.032510,-0.181553,0.374218,0.004894,-0.921630,0.482151,1.563899,-0.132146,0.946091,0.056674,-0.171826,0.213691,0.062534,0.349629,-0.183243,-0.231569,-0.269062,-0.152006,-0.007869,0.365814,-0.258393,0.137243
-0.244301,-0.129148,0.691901,0.006758,0.022282,-0.075475,0.996876,-0.021343,-0.035008,-0.080994,0.426603,0.002575,-0.810509,0.488116,1.565574,-0.145574,0.976191,0.045419,-0.181690,0.229805,0.053973,0.370091,-0.176366,-0.245040,-0.277999,-0.136339,-0.004248,0.387377,-0.261273,0.123224
-0.246210,-0.136865,0.690723,0.005596,0.021413,-0.071189,0.997217,-0.019997,-0.037137,-0.011079,0.449468,0.001189,-0.698768,0.489468,1.567723,-0.153819,1.000831,0.032762,-0.194333,0.247074,0.046978,0.396421,-0.167921,-0.258047,-0.287021,-0.119607,-0.002465,0.408091,-0.263950,0.110694
-0.247792,-0.144822,0.689581,0.004643,0.020444,-0.067395,0.997506,-0.018760,-0.038854,0.029419,0.451968,0.000867,-0.595269,0.487831,1.569312,-0.157068,1.018733,0.018620,-0.208882,0.264628,0.042211,0.427925,-0.159201,-0.267669,-0.295229,-0.103175,-0.001957,0.427546,-0.266706,0.098401
-0.248830,-0.152817,0.688475,0.004032,0.019710,-0.064028,0.997745,-0.017618,-0.040203,0.041740,0.439879,0.001313,-0.506617,0.484800,1.569662,-0.155941,1.030754,0.004989,-0.226437,0.281166,0.038697,0.464928,-0.148699,-0.268980,-0.302752,-0.087523,-0.002411,0.445646,-0.269226,0.086448
-0.249683,-0.160586,0.687392,0.003792,0.019122,-0.060800,0.997960,-0.016552,-0.041273,0.041295,0.419624,0.001894,-0.432070,0.480064,1.568184,-0.151005,1.038355,-0.006635,-0.247718,0.295504,0.035861,0.506270,-0.137838,-0.259414,-0.309644,-0.073507,-0.003801,0.462318,-0.271264,0.074545
-0.250506,-0.167992,0.686379,0.003985,0.018662,-0.057605,0.998157,-0.015557,-0.042129,0.036539,0.393904,0.002434,-0.367791,0.473927,1.564659,-0.143307,1.042783,-0.016303,-0.271941,0.306470,0.033588,0.551559,-0.130146,-0.239946,-0.315877,-0.061333,-0.005528,0.477340,-0.272911,0.062826
-0.251347,-0.175000,0.685458,0.004663,0.018383,-0.054226,0.998349,-0.014622,-0.042862,0.030824,0.362878,0.002879,-0.310792,0.466666,1.559531,-0.133985,1.044910,-0.023665,-0.299216,0.313414,0.032059,0.600561,-0.128093,-0.214565,-0.321669,-0.051398,-0.007420,0.490630,-0.273760,0.051733
-0.252176,-0.181585,0.684688,0.005874,0.018321,-0.050676,0.998530,-0.013742,-0.043547,0.025791,0.326247,0.003141,-0.259537,0.458872,1.553531,-0.124452,1.045415,-0.028867,-0.328913,0.315818,0.030991,0.652053,-0.132715,-0.183221,-0.327093,-0.043886,-0.009733,0.502301,-0.274201,0.041415
-0.252990,-0.187676,0.684249,0.007683,0.018377,-0.047046,0.998694,-0.012916,-0.044241,0.023437,0.283460,0.003314,-0.212774,0.450965,1.547104,-0.115643,1.045035,-0.032826,-0.359463,0.313213,0.031060,0.704243,-0.144083,-0.147243,-0.331534,-0.038937,-0.013008,0.511473,-0.274848,0.031935
-0.253769,-0.193331,0.684187,0.009775,0.018448,-0.043247,0.998846,-0.012146,-0.044975,0.022899,0.234982,0.003323,-0.171345,0.443403,1.540713,-0.107652,1.043885,-0.035927,-0.388852,0.305872,0.032414,0.754512,-0.160968,-0.111799,-0.334132,-0.036035,-0.017028,0.517266,-0.275957,0.023842
-0.254423,-0.198545,0.684553,0.011860,0.018366,-0.039297,0.998988,-0.011429,-0.045722,0.024264,0.181025,0.003217,-0.135828,0.436216,1.534556,-0.100386,1.041666,-0.039126,-0.414582,0.294818,0.036623,0.799535,-0.183894,-0.082610,-0.334096,-0.034521,-0.022654,0.518732,-0.277647,0.016574
-0.254851,-0.203320,0.685359,0.013960,0.018048,-0.035442,0.999111,-0.010763,-0.046431,0.029634,0.121578,0.003016,-0.105807,0.429792,1.528792,-0.093664,1.038178,-0.042804,-0.435132,0.280423,0.043641,0.838198,-0.208849,-0.064147,-0.330806,-0.033954,-0.029489,0.515406,-0.279511,0.011001
-0.255088,-0.207697,0.686525,0.015964,0.017469,-0.031812,0.999214,-0.010144,-0.047060,0.040318,0.056901,0.002684,-0.081360,0.423910,1.523733,-0.087251,1.033310,-0.046512,-0.450178,0.263586,0.052801,0.868374,-0.231521,-0.056259,-0.324380,-0.034095,-0.037763,0.507515,-0.280907,0.008067
-0.255207,-0.211622,0.688170,0.017922,0.016705,-0.028774,0.999286,-0.009559,-0.047554,0.055470,-0.012668,0.002214,-0.063051,0.418085,1.519265,-0.080978,1.027158,-0.049678,-0.459249,0.244578,0.063613,0.888383,-0.248592,-0.054942,-0.315080,-0.034906,-0.047296,0.494749,-0.282102,0.008538
-0.255116,-0.215141,0.690072,0.019659,0.015583,-0.026079,0.999345,-0.008989,-0.047862,0.073774,-0.085871,0.001671,-0.051438,0.412635,1.515106,-0.074517,1.019541,-0.052917,-0.461686,0.224213,0.075711,0.897477,-0.258559,-0.060267,-0.302399,-0.036056,-0.057768,0.477612,-0.282574,0.012111
-0.254823,-0.218260,0.692245,0.021370,0.014128,-0.023596,0.999393,-0.008425,-0.047937,0.094056,-0.162309,0.001005,-0.047623,0.407651,1.511112,-0.067800,1.010580,-0.056279,-0.458105,0.202776,0.088653,0.895858,-0.263077,-0.070962,-0.286686,-0.037725,-0.067901,0.456718,-0.282660,0.019819
-0.254268,-0.221032,0.694726,0.022833,0.012291,-0.021189,0.999439,-0.007871,-0.047743,0.116061,-0.240914,0.000232,-0.052500,0.403522,1.507441,-0.061087,1.000401,-0.060339,-0.448238,0.181380,0.102836,0.884009,-0.263033,-0.085454,-0.268213,-0.039408,-0.079030,0.432565,-0.283976,0.031246
-0.253559,-0.223484,0.697273,0.024107,0.010248,-0.019036,0.999476,-0.007321,-0.047267,0.139865,-0.320701,-0.000664,-0.065938,0.399826,1.504163,-0.054599,0.989699,-0.063865,-0.433328,0.160177,0.117062,0.862829,-0.261038,-0.100774,-0.248427,-0.041035,-0.090127,0.407432,-0.285804,0.047654
-0.252795,-0.225610,0.699758,0.025091,0.008137,-0.017115,0.999506,-0.006770,-0.046516,0.163318,-0.400415,-0.001661,-0.088619,0.396231,1.501276,-0.048336,0.978676,-0.066898,-0.414585,0.139677,0.131329,0.834354,-0.258350,-0.113609,-0.228515,-0.042748,-0.101280,0.382775,-0.288324,0.067427
-0.251990,-0.227370,0.702361,0.025932,0.005993,-0.015395,0.999527,-0.006213,-0.045513,0.184237,-0.479398,-0.002681,-0.120542,0.392597,1.498457,-0.042334,0.967609,-0.069471,-0.392794,0.119840,0.145982,0.800257,-0.255168,-0.124632,-0.208861,-0.044475,-0.112253,0.358694,-0.293304,0.091062
-0.251220,-0.228900,0.704705,0.026141,0.003968,-0.014151,0.999550,-0.005641,-0.044295,0.203780,-0.555860,-0.003802,-0.160366,0.388161,1.496080,-0.035972,0.956398,-0.069582,-0.368402,0.102212,0.160709,0.760655,-0.253903,-0.132129,-0.190270,-0.045145,-0.123452,0.336741,-0.299196,0.116175
-0.250480,-0.230106,0.706932,0.026052,0.002159,-0.013287,0.999570,-0.005050,-0.042915,0.222413,-0.630223,-0.004925,-0.206894,0.382890,1.493767,-0.029104,0.944946,-0.068312,-0.342767,0.085771,0.175084,0.718544,-0.254059,-0.136708,-0.173526,-0.045287,-0.134450,0.317434,-0.306522,0.141856
-0.249792,-0.230999,0.708891,0.025566,0.000715,-0.013010,0.999588,-0.004426,-0.041438,0.240372,-0.702442,-0.006065,-0.258661,0.376481,1.491409,-0.021423,0.933277,-0.064871,-0.316625,0.071115,0.188781,0.674681,-0.255864,-0.139280,-0.159380,-0.044797,-0.145446,0.301230,-0.314958,0.166002
-0.249199,-0.231537,0.710446,0.024727,-0.000453,-0.013451,0.999604,-0.003747,-0.039924,0.257320,-0.772445,-0.007193,-0.313393,0.368678,1.488880,-0.012644,0.921436,-0.058897,-0.291449,0.057826,0.200305,0.631733,-0.257934,-0.139626,-0.148029,-0.043572,-0.155196,0.289115,-0.323560,0.188232
-0.248625,-0.231676,0.711676,0.023789,-0.001372,-0.014327,0.999613,-0.003010,-0.038421,0.273086,-0.840807,-0.008281,-0.369899,0.360067,1.485750,-0.002826,0.909289,-0.051520,-0.267891,0.045317,0.209822,0.590760,-0.261637,-0.139490,-0.139047,-0.042392,-0.163163,0.280083,-0.332170,0.206324
-0.248052,-0.231490,0.712567,0.022541,-0.002185,-0.015488,0.999624,-0.002209,-0.036956,0.286976,-0.907382,-0.009311,-0.426647,0.351076,1.482474,0.007696,0.896912,-0.043142,-0.245273,0.034416,0.216344,0.551411,-0.265145,-0.140353,-0.131750,-0.040282,-0.169372,0.273187,-0.340396,0.219464
-0.247488,-0.231069,0.713007,0.021164,-0.002887,-0.016605,0.999634,-0.001344,-0.035527,0.298465,-0.972404,-0.010178,-0.481521,0.342120,1.479369,0.018656,0.884509,-0.034334,-0.224385,0.025065,0.219114,0.514145,-0.268857,-0.140008,-0.125782,-0.037753,-0.173504,0.268296,-0.346952,0.225756
-0.246833,-0.230378,0.713207,0.020018,-0.003621,-0.017236,0.999644,-0.000433,-0.034116,0.306231,-1.036843,-0.010725,-0.533211,0.334432,1.476320,0.029058,0.872525,-0.027664,-0.205994,0.016346,0.218370,0.481373,-0.272355,-0.137897,-0.120741,-0.035562,-0.174996,0.264937,-0.352763,0.226872
-0.246183,-0.229516,0.713169,0.018974,-0.004447,-0.017495,0.999657,0.000502,-0.032698,0.310141,-1.099654,-0.010919,-0.579738,0.327945,1.473708,0.038427,0.861402,-0.021908,-0.189726,0.008663,0.214974,0.452453,-0.276173,-0.133642,-0.116495,-0.033537,-0.174084,0.263129,-0.357755,0.224103
-0.245563,-0.228552,0.712959,0.018056,-0.005437,-0.017041,0.999677,0.001430,-0.031238,0.309961,-1.159620,-0.010647,-0.619125,0.322977,1.471670,0.046418,0.851352,-0.018196,-0.175365,0.001591,0.209729,0.427637,-0.280782,-0.127760,-0.112602,-0.031793,-0.171631,0.262473,-0.362405,0.218195
-0.244936,-0.227569,0.712645,0.017358,-0.006355,-0.015633,0.999707,0.002317,-0.029727,0.305821,-1.216497,-0.009918,-0.650090,0.319766,1.470320,0.052890,0.842442,-0.016772,-0.163415,-0.004691,0.202928,0.406838,-0.286250,-0.120688,-0.109342,-0.030446,-0.167591,0.262523,-0.366484,0.209538
-0.244330,-0.226638,0.712252,0.016741,-0.007312,-0.013581,0.999741,0.003132,-0.028167,0.298424,-1.269411,-0.008801,-0.672031,0.318173,1.469921,0.057892,0.834737,-0.016242,-0.153231,-0.009531,0.195349,0.389883,-0.289748,-0.112754,-0.106254,-0.029161,-0.163249,0.262888,-0.369769,0.199725
-0.243780,-0.225771,0.711849,0.016462,-0.008154,-0.011024,0.999770,0.003858,-0.026568,0.288664,-1.317483,-0.007381,-0.685368,0.317801,1.470179,0.061517,0.828505,-0.016165,-0.145527,-0.013658,0.188627,0.377080,-0.292173,-0.104407,-0.103499,-0.028668,-0.159501,0.263500,-0.371902,0.189869
-0.243254,-0.225000,0.711388,0.016321,-0.008970,-0.008337,0.999792,0.004482,-0.024953,0.277641,-1.359592,-0.005823,-0.691401,0.318520,1.471003,0.063994,0.823883,-0.015796,-0.139502,-0.016787,0.183621,0.367974,-0.294399,-0.096821,-0.100996,-0.028773,-0.157125,0.264519,-0.373109,0.180706
-0.242758,-0.224387,0.710902,0.016284,-0.009680,-0.005387,0.999806,0.005002,-0.023358,0.266297,-1.394902,-0.004198,-0.691940,0.320201,1.472429,0.065569,0.820630,-0.015653,-0.135100,-0.018931,0.180419,0.362177,-0.295324,-0.092742,-0.098631,-0.029234,-0.156552,0.265595,-0.373563,0.172420
-0.242291,-0.223917,0.710443,0.016253,-0.010184,-0.002577,0.999813,0.005421,-0.021816,0.255973,-1.423525,-0.002672,-0.689058,0.322289,1.474313,0.066376,0.818701,-0.015220,-0.132132,-0.019951,0.178627,0.358829,-0.294792,-0.092765,-0.096500,-0.029743,-0.157590,0.266188,-0.373409,0.164750
-0.241784,-0.223592,0.709967,0.016286,-0.010477,-0.000155,0.999812,0.005754,-0.020364,0.247751,-1.446046,-0.001357,-0.684528,0.324663,1.476474,0.066467,0.817897,-0.013850,-0.130377,-0.020217,0.177358,0.357307,-0.291537,-0.095367,-0.094719,-0.030262,-0.159165,0.266648,-0.372134,0.158100
-0.241232,-0.223391,0.709416,0.016373,-0.010661,0.001692,0.999808,0.006028,-0.019031,0.241924,-1.462732,-0.000318,-0.679937,0.327018,1.478443,0.065912,0.818051,-0.011260,-0.129119,-0.019838,0.177266,0.356795,-0.286653,-0.098929,-0.093197,-0.030820,-0.161962,0.267156,-0.369290,0.152402
-0.240624,-0.223330,0.708766,0.016413,-0.010702,0.003354,0.999802,0.006259,-0.017831,0.237899,-1.473954,0.000512,-0.676697,0.329452,1.480164,0.064565,0.818854,-0.009159,-0.128621,-0.019168,0.177656,0.357314,-0.281235,-0.101531,-0.092196,-0.031257,-0.164991,0.268102,-0.365394,0.146956
-0.239944,-0.223369,0.708127,0.016449,-0.010659,0.004725,0.999797,0.006461,-0.016766,0.235674,-1.480742,0.001170,-0.675052,0.331790,1.481331,0.062533,0.819949,-0.007976,-0.128755,-0.018383,0.178338,0.358731,-0.276756,-0.103027,-0.091771,-0.031559,-0.167461,0.269668,-0.361768,0.142113
-0.239174,-0.223481,0.707417,0.016416,-0.010577,0.006061,0.999791,0.006641,-0.015822,0.235032,-1.484133,0.001722,-0.674779,0.334061,1.481889,0.059796,0.820723,-0.008787,-0.129552,-0.017780,0.178391,0.361667,-0.272045,-0.103684,-0.091900,-0.031655,-0.168691,0.272190,-0.358027,0.138031
-0.238300,-0.223601,0.706593,0.016396,-0.010601,0.007322,0.999783,0.006802,-0.014982,0.235741,-1.485013,0.002167,-0.675677,0.336299,1.481635,0.056536,0.821078,-0.010864,-0.130501,-0.017397,0.178126,0.365562,-0.268195,-0.103399,-0.092295,-0.031806,-0.168872,0.275463,-0.353699,0.133518
-0.237330,-0.223777,0.705599,0.016446,-0.010712,0.008576,0.999771,0.006948,-0.014215,0.237354,-1.484064,0.002574,-0.677310,0.338359,1.480645,0.053192,0.820826,-0.013497,-0.132011,-0.016870,0.177662,0.371428,-0.265420,-0.099962,-0.093086,-0.032066,-0.168296,0.279727,-0.348427,0.127922
-0.236284,-0.223878,0.704127,0.016348,-0.010996,0.009787,0.999758,0.007076,-0.013484,0.239390,-1.481779,0.002941,-0.679270,0.340099,1.478702,0.050006,0.819993,-0.016523,-0.134474,-0.016326,0.177170,0.380361,-0.263454,-0.094394,-0.094227,-0.032444,-0.167460,0.285903,-0.341039,0.119265
-0.235243,-0.223963,0.702420,0.016129,-0.011334,0.010980,0.999745,0.007190,-0.012754,0.241546,-1.478546,0.003270,-0.681250,0.341093,1.475924,0.047258,0.818596,-0.019658,-0.138512,-0.015201,0.176429,0.392393,-0.263402,-0.090159,-0.096047,-0.032550,-0.166165,0.293455,-0.333092,0.108814
-0.234179,-0.223984,0.700539,0.015905,-0.011777,0.012068,0.999731,0.007289,-0.011999,0.243545,-1.474575,0.003568,-0.682955,0.341172,1.472133,0.045188,0.816789,-0.022912,-0.144498,-0.013341,0.175784,0.408989,-0.264435,-0.090050,-0.098421,-0.032608,-0.164924,0.302585,-0.325080,0.096966
-0.233117,-0.223900,0.698440,0.015724,-0.012315,0.013141,0.999714,0.007376,-0.011207,0.244673,-1.470145,0.003820,-0.684298,0.340042,1.466646,0.043626,0.815089,-0.026645,-0.153080,-0.010738,0.175071,0.431650,-0.264363,-0.096775,-0.101515,-0.033119,-0.163309,0.313857,-0.317099,0.084471
-0.232085,-0.223741,0.696312,0.015768,-0.012807,0.014158,0.999693,0.007449,-0.010382,0.244125,-1.464551,0.004045,-0.685118,0.337005,1.458829,0.042071,0.814447,-0.030818,-0.165271,-0.006599,0.175550,0.461941,-0.263262,-0.108406,-0.105961,-0.034416,-0.162336,0.327223,-0.310361,0.071761
-0.231144,-0.223495,0.694131,0.015960,-0.013120,0.015146,0.999672,0.007516,-0.009537,0.240474,-1.456833,0.004276,-0.684708,0.331030,1.447725,0.039709,0.815483,-0.035238,-0.182184,-0.000981,0.176702,0.501778,-0.263312,-0.120808,-0.112197,-0.036523,-0.161134,0.343425,-0.305456,0.059442
-0.230360,-0.223144,0.691899,0.016268,-0.013148,0.016506,0.999645,0.007575,-0.008711,0.231095,-1.445444,0.004611,-0.682837,0.321402,1.432209,0.035489,0.818953,-0.041051,-0.204579,0.006272,0.178106,0.551905,-0.265308,-0.134643,-0.120610,-0.039220,-0.159511,0.362467,-0.302176,0.047826
-0.229837,-0.222764,0.689910,0.016806,-0.012932,0.018013,0.999613,0.007632,-0.007942,0.214735,-1.429066,0.004968,-0.680206,0.306627,1.411103,0.029082,0.825739,-0.047391,-0.232171,0.015968,0.179880,0.611970,-0.270302,-0.146849,-0.131142,-0.042459,-0.157088,0.383421,-0.301805,0.038477
-0.229618,-0.222291,0.688003,0.017484,-0.012527,0.019765,0.999573,0.007686,-0.007279,0.190179,-1.406545,0.005380,-0.678528,0.285690,1.383204,0.020423,0.837019,-0.054918,-0.264810,0.028048,0.181634,0.681861,-0.277661,-0.154890,-0.143507,-0.046197,-0.153868,0.406344,-0.303516,0.030523
-0.229796,-0.221747,0.686242,0.018293,-0.011968,0.021836,0.999523,0.007726,-0.006732,0.156454,-1.376855,0.005834,-0.679758,0.257823,1.347274,0.009607,0.854053,-0.063879,-0.301531,0.042574,0.182763,0.759269,-0.285706,-0.157089,-0.157290,-0.050503,-0.149799,0.430245,-0.306890,0.024342
-0.230407,-0.221142,0.684650,0.019197,-0.011275,0.023978,0.999465,0.007744,-0.006299,0.113430,-1.339035,0.006428,-0.686077,0.222081,1.303050,-0.003149,0.877727,-0.073553,-0.340776,0.059717,0.183007,0.840549,-0.295371,-0.151850,-0.172017,-0.054877,-0.145160,0.453941,-0.310884,0.019783
-0.231413,-0.220343,0.683115,0.020080,-0.010574,0.026002,0.999404,0.007732,-0.005937,0.061302,-1.293344,0.007149,-0.699478,0.177795,1.250312,-0.016941,0.908404,-0.083266,-0.380600,0.078678,0.181434,0.921689,-0.304671,-0.141158,-0.186765,-0.059374,-0.139288,0.476529,-0.314707,0.014557
-0.232771,-0.219437,0.681779,0.020923,-0.010028,0.027916,0.999341,0.007686,-0.005565,0.001213,-1.240691,0.007941,-0.722558,0.125043,1.189580,-0.029854,0.945796,-0.093441,-0.418604,0.099359,0.177377,0.997473,-0.311345,-0.130327,-0.200521,-0.063272,-0.132708,0.496537,-0.318084,0.009603
-0.234309,-0.218294,0.680589,0.021686,-0.009834,0.029166,0.999291,0.007605,-0.005072,-0.063725,-1.182665,0.008606,-0.757709,0.063163,1.122331,-0.039891,0.989391,-0.102729,-0.452688,0.120579,0.170552,1.064261,-0.313760,-0.122400,-0.212400,-0.066666,-0.124792,0.513691,-0.320142,0.006419
-0.235888,-0.216913,0.679754,0.022416,-0.009901,0.030065,0.999248,0.007481,-0.004353,-0.131517,-1.120559,0.009228,-0.806050,-0.007227,1.050312,-0.045824,1.038040,-0.112277,-0.481313,0.142052,0.161410,1.117966,-0.312088,-0.118839,-0.221575,-0.069946,-0.116681,0.526280,-0.321399,0.003939
-0.237251,-0.215303,0.679255,0.023227,-0.010333,0.030416,0.999214,0.007314,-0.003304,-0.199525,-1.055651,0.009675,-0.868514,-0.084839,0.975612,-0.046743,1.090623,-0.121193,-0.502757,0.162647,0.150743,1.156546,-0.304397,-0.119073,-0.227467,-0.073383,-0.108311,0.534208,-0.321436,0.002502
-0.238139,-0.213427,0.678928,0.024027,-0.011169,0.030010,0.999198,0.007124,-0.001856,-0.265273,-0.988610,0.009763,-0.944455,-0.168481,0.900962,-0.041365,1.146949,-0.128335,-0.516013,0.182333,0.139277,1.178356,-0.291159,-0.121183,-0.229701,-0.076869,-0.099876,0.537783,-0.319653,0.001815
-0.238443,-0.211316,0.678772,0.024773,-0.012223,0.029067,0.999196,0.006926,0.000023,-0.327272,-0.920511,0.009283,-1.032410,-0.256983,0.829050,-0.029899,1.206702,-0.133688,-0.521500,0.200301,0.127610,1.183822,-0.272728,-0.123140,-0.228775,-0.080347,-0.091581,0.537464,-0.315977,0.002474
-0.238116,-0.208980,0.678776,0.025374,-0.013445,0.027718,0.999203,0.006737,0.002323,-0.384908,-0.852711,0.008202,-1.130808,-0.348271,0.761792,-0.012999,1.268781,-0.137360,-0.519121,0.216677,0.116620,1.172984,-0.253586,-0.124941,-0.224793,-0.083631,-0.083703,0.533404,-0.311083,0.005499
-0.237104,-0.206385,0.678897,0.025808,-0.014704,0.026038,0.999220,0.006567,0.004998,-0.437596,-0.785697,0.006534,-1.237231,-0.440719,0.700799,0.007332,1.332545,-0.139362,-0.509707,0.231082,0.107176,1.148080,-0.234739,-0.125793,-0.218382,-0.087046,-0.076164,0.526431,-0.305748,0.009486
-0.235437,-0.203596,0.679138,0.026087,-0.015997,0.024278,0.999237,0.006427,0.007990,-0.486520,-0.719228,0.004338,-1.348055,-0.531738,0.646988,0.029376,1.397776,-0.140381,-0.494107,0.243850,0.099500,1.111137,-0.216382,-0.122888,-0.209917,-0.090740,-0.069567,0.517241,-0.300697,0.013472
-0.233238,-0.200658,0.679292,0.026128,-0.017082,0.022498,0.999259,0.006324,0.011239,-0.532892,-0.654169,0.001631,-1.460559,-0.620027,0.601329,0.051678,1.464371,-0.140395,-0.474088,0.254542,0.093121,1.065536,-0.196745,-0.116637,-0.200724,-0.094184,-0.063401,0.507498,-0.295882,0.018478
-0.230686,-0.197546,0.679249,0.025853,-0.017829,0.020836,0.999290,0.006259,0.014667,-0.578363,-0.591086,-0.001436,-1.571027,-0.704130,0.562948,0.072797,1.532244,-0.139889,-0.451475,0.263329,0.087398,1.014021,-0.177312,-0.109120,-0.192097,-0.097426,-0.057517,0.498666,-0.291302,0.024194
-0.227983,-0.194240,0.679148,0.025374,-0.018172,0.019448,0.999324,0.006221,0.018220,-0.624413,-0.531769,-0.004636,-1.677073,-0.783735,0.530912,0.091101,1.600527,-0.139408,-0.427482,0.269596,0.082209,0.959414,-0.160865,-0.103604,-0.184763,-0.100579,-0.051874,0.491318,-0.288423,0.030590
-0.225230,-0.190751,0.678914,0.024615,-0.018147,0.018363,0.999364,0.006202,0.021857,-0.672382,-0.477225,-0.007777,-1.777178,-0.858112,0.504291,0.106271,1.667926,-0.138960,-0.403581,0.274109,0.077099,0.905020,-0.146882,-0.101755,-0.179316,-0.103699,-0.046416,0.486630,-0.287551,0.036639
-0.222577,-0.187153,0.678428,0.023628,-0.017718,0.017735,0.999406,0.006180,0.025547,-0.722120,-0.427456,-0.010753,-1.869891,-0.927236,0.482596,0.118218,1.733904,-0.138274,-0.381508,0.276840,0.071529,0.854033,-0.132254,-0.102801,-0.176391,-0.106642,-0.041311,0.485590,-0.288304,0.042523
-0.220130,-0.183447,0.677570,0.022531,-0.016885,0.017474,0.999451,0.006149,0.029264,-0.773727,-0.382852,-0.013498,-1.954800,-0.991316,0.465042,0.127451,1.798681,-0.136884,-0.362578,0.277887,0.065078,0.809020,-0.113857,-0.105695,-0.176601,-0.109710,-0.036728,0.489311,-0.290397,0.048538
-0.218058,-0.179609,0.676433,0.021242,-0.015602,0.017559,0.999498,0.006102,0.032989,-0.825359,-0.344698,-0.015909,-2.032573,-1.050262,0.450546,0.134435,1.861818,-0.134942,-0.346830,0.277590,0.059129,0.770075,-0.095907,-0.114131,-0.180356,-0.112750,-0.032689,0.497985,-0.294739,0.054433
-0.216264,-0.175639,0.675019,0.019764,-0.014156,0.017892,0.999544,0.006031,0.036708,-0.875812,-0.312775,-0.017934,-2.103873,-1.103318,0.437529,0.139461,1.923295,-0.131437,-0.333198,0.276212,0.055232,0.737627,-0.082759,-0.131357,-0.187190,-0.115892,-0.029711,0.511977,-0.302218,0.060255
-0.214721,-0.171536,0.673142,0.018177,-0.012533,0.018434,0.999586,0.005935,0.040425,-0.922835,-0.286174,-0.019551,-2.168858,-1.150622,0.425325,0.142418,1.983089,-0.126487,-0.322119,0.274338,0.052727,0.712441,-0.077293,-0.154156,-0.196924,-0.119380,-0.027925,0.531600,-0.311597,0.066053
-0.213461,-0.167365,0.671360,0.016449,-0.010489,0.019139,0.999626,0.005813,0.044133,-0.965442,-0.262752,-0.020967,-2.227997,-1.191059,0.412851,0.142476,2.040787,-0.120127,-0.315270,0.272395,0.051279,0.695610,-0.079812,-0.178246,-0.210240,-0.123230,-0.027180,0.556667,-0.322556,0.071514
-0.212371,-0.163044,0.669329,0.014716,-0.008176,0.019985,0.999659,0.005666,0.047848,-1.002078,-0.241267,-0.022070,-2.281145,-1.223651,0.398761,0.139031,2.095957,-0.112547,-0.312642,0.269832,0.050801,0.687254,-0.091678,-0.200615,-0.226544,-0.127681,-0.027315,0.586595,-0.335547,0.076386
-0.211442,-0.158561,0.666882,0.013000,-0.005498,0.020807,0.999684,0.005513,0.051574,-1.031998,-0.220970,-0.022986,-2.328462,-1.247844,0.381963,0.130996,2.148059,-0.104113,-0.314747,0.266830,0.051052,0.687640,-0.113011,-0.219551,-0.245976,-0.132817,-0.027844,0.620893,-0.350724,0.081171
-0.210553,-0.153933,0.664931,0.011301,-0.002515,0.021738,0.999697,0.005357,0.055316,-1.054524,-0.201683,-0.023730,-2.369650,-1.262549,0.361548,0.117383,2.195993,-0.096176,-0.321741,0.263460,0.051947,0.696621,-0.145332,-0.235672,-0.267875,-0.138648,-0.028146,0.658604,-0.368517,0.085860
-0.209622,-0.149242,0.662563,0.009742,0.000628,0.022908,0.999690,0.005196,0.059092,-1.069321,-0.183413,-0.024343,-2.404328,-1.266780,0.337239,0.097051,2.239046,-0.089316,-0.334140,0.259800,0.051811,0.715306,-0.182877,-0.246943,-0.291517,-0.144952,-0.027769,0.698726,-0.387899,0.090555
-0.208679,-0.144494,0.659491,0.008364,0.003994,0.024305,0.999662,0.005030,0.062911,-1.076657,-0.166314,-0.024908,-2.432158,-1.260412,0.310000,0.069120,2.276509,-0.084175,-0.353017,0.256045,0.049165,0.743347,-0.222199,-0.250285,-0.316618,-0.151709,-0.026115,0.740479,-0.406866,0.095847
-0.207770,-0.139714,0.656035,0.007032,0.007502,0.025792,0.999614,0.004846,0.066786,-1.078250,-0.151204,-0.025479,-2.453544,-1.243902,0.281873,0.033910,2.307358,-0.080046,-0.376784,0.252115,0.045194,0.778283,-0.260536,-0.247354,-0.342164,-0.158896,-0.023582,0.781630,-0.426693,0.101290
-0.206841,-0.134885,0.652359,0.005702,0.010751,0.027164,0.999557,0.004641,0.070721,-1.074783,-0.138840,-0.025897,-2.468800,-1.218914,0.255334,-0.007166,2.331419,-0.076486,-0.402663,0.247849,0.040563,0.817193,-0.296762,-0.241046,-0.366691,-0.166513,-0.020440,0.821571,-0.446157,0.105805
-0.205947,-0.130031,0.648618,0.004407,0.013670,0.028234,0.999498,0.004420,0.074719,-1.067841,-0.129187,-0.026341,-2.478925,-1.187483,0.232702,-0.052105,2.349303,-0.073290,-0.428510,0.243373,0.035896,0.856857,-0.330247,-0.233484,-0.389475,-0.174341,-0.017142,0.858759,-0.464766,0.110146
-0.205032,-0.125173,0.645048,0.003121,0.016125,0.028978,0.999445,0.004180,0.078785,-1.058917,-0.122024,-0.026743,-2.484979,-1.151976,0.215358,-0.098294,2.362243,-0.070594,-0.452511,0.238557,0.031291,0.895280,-0.360240,-0.226938,-0.409555,-0.182077,-0.013477,0.892267,-0.481518,0.114570
-0.204176,-0.120285,0.641787,0.001822,0.018117,0.029176,0.999408,0.003924,0.082917,-1.049341,-0.116488,-0.027133,-2.488065,-1.115272,0.204035,-0.143259,2.371431,-0.067656,-0.473973,0.233757,0.027093,0.930727,-0.386099,-0.221056,-0.426593,-0.189574,-0.009739,0.920760,-0.495406,0.119518
-0.203373,-0.115383,0.638841,0.000458,0.019802,0.028819,0.999388,0.003658,0.087087,-1.040817,-0.111550,-0.027550,-2.489263,-1.080317,0.198672,-0.184796,2.378026,-0.064070,-0.492263,0.228805,0.023831,0.961426,-0.409685,-0.214310,-0.440378,-0.196775,-0.006492,0.943743,-0.506393,0.125149
-0.202621,-0.110475,0.636407,-0.001015,0.021129,0.028053,0.999383,0.003392,0.091277,-1.033710,-0.106436,-0.027982,-2.489310,-1.049181,0.198282,-0.221176,2.382920,-0.060276,-0.506552,0.223565,0.021526,0.986677,-0.430558,-0.207098,-0.450717,-0.203667,-0.003705,0.960691,-0.514536,0.131092
-0.201868,-0.105548,0.634569,-0.002535,0.022042,0.026955,0.999390,0.003141,0.095463,-1.028118,-0.100669,-0.028433,-2.488920,-1.023024,0.201372,-0.251676,2.386970,-0.056723,-0.516845,0.217927,0.020331,1.006372,-0.448258,-0.199557,-0.457533,-0.210088,-0.001246,0.971679,-0.519831,0.137156
-0.201127,-0.100581,0.633324,-0.003990,0.022620,0.025724,0.999405,0.002917,0.099640,-1.024398,-0.094214,-0.028855,-2.488228,-1.002064,0.206088,-0.276223,2.390292,-0.054047,-0.523409,0.211826,0.019785,1.020865,-0.462730,-0.191568,-0.460931,-0.215909,0.001162,0.976421,-0.522675,0.144911
-0.200417,-0.095673,0.632652,-0.005593,0.022947,0.024650,0.999417,0.002721,0.103796,-1.022421,-0.087559,-0.029247,-2.487411,-0.985988,0.210980,-0.295559,2.393004,-0.052383,-0.526995,0.205633,0.019733,1.030565,-0.474448,-0.183038,-0.461159,-0.221030,0.003568,0.975372,-0.522831,0.153056
-0.199737,-0.090797,0.632516,-0.007268,0.022878,0.023729,0.999430,0.002549,0.107944,-1.021733,-0.081159,-0.029547,-2.486604,-0.973849,0.215263,-0.310665,2.394943,-0.051431,-0.527734,0.199203,0.020194,1.035616,-0.483316,-0.174193,-0.458028,-0.225424,0.005671,0.968920,-0.519911,0.161336
-0.199078,-0.085929,0.632896,-0.009024,0.022314,0.022934,0.999447,0.002406,0.112115,-1.021306,-0.075627,-0.029734,-2.485665,-0.964618,0.219090,-0.322377,2.395866,-0.050879,-0.524805,0.192339,0.021090,1.035734,-0.489998,-0.165088,-0.451329,-0.229212,0.007259,0.957356,-0.513891,0.169945
-0.198451,-0.081018,0.633692,-0.010918,0.021250,0.022099,0.999470,0.002288,0.116354,-1.020767,-0.070751,-0.029821,-2.484758,-0.957411,0.222817,-0.331480,2.395515,-0.050308,-0.518209,0.185335,0.022453,1.030411,-0.495552,-0.155747,-0.441260,-0.232657,0.008215,0.940771,-0.505062,0.177897
-0.197836,-0.076007,0.634829,-0.012729,0.019673,0.021062,0.999504,0.002197,0.120703,-1.020067,-0.066494,-0.029858,-2.483822,-0.951578,0.226441,-0.338531,2.393944,-0.049178,-0.508071,0.177708,0.024438,1.020193,-0.499965,-0.145833,-0.428006,-0.235928,0.008718,0.919735,-0.493347,0.184971
-0.197220,-0.070941,0.636379,-0.014514,0.017629,0.019819,0.999543,0.002132,0.125204,-1.019353,-0.062554,-0.029877,-2.482181,-0.946878,0.229964,-0.343578,2.391015,-0.047271,-0.494374,0.169533,0.026392,1.005214,-0.502374,-0.135637,-0.411817,-0.238763,0.008728,0.894628,-0.478652,0.191994
-0.196585,-0.065849,0.638355,-0.016297,0.015235,0.018253,0.999584,0.002092,0.129875,-1.018391,-0.058681,-0.029996,-2.479322,-0.943115,0.233157,-0.346789,2.386447,-0.044079,-0.477850,0.160953,0.028335,0.985696,-0.502408,-0.125175,-0.393547,-0.241348,0.008291,0.866694,-0.460471,0.197916
-0.195912,-0.060691,0.640653,-0.017944,0.012640,0.016328,0.999626,0.002080,0.134704,-1.017170,-0.054070,-0.030177,-2.474667,-0.940476,0.235025,-0.348296,2.379680,-0.039821,-0.459104,0.151901,0.029883,0.962187,-0.500189,-0.114454,-0.374257,-0.243754,0.007542,0.837167,-0.438171,0.202409
-0.195209,-0.055520,0.643224,-0.019562,0.010148,0.014004,0.999659,0.002105,0.139627,-1.015453,-0.047702,-0.030595,-2.467747,-0.939359,0.234922,-0.348580,2.370119,-0.034535,-0.438708,0.142882,0.031337,0.934738,-0.496427,-0.102829,-0.355299,-0.246034,0.005986,0.807232,-0.411647,0.204190
-0.194390,-0.050364,0.645964,-0.021171,0.007671,0.011325,0.999682,0.002197,0.144546,-1.013629,-0.038638,-0.031254,-2.458373,-0.939241,0.231967,-0.347788,2.357338,-0.028826,-0.416678,0.134091,0.033041,0.903533,-0.492119,-0.090265,-0.337361,-0.247967,0.003121,0.778579,-0.379876,0.201822
-0.193446,-0.045262,0.649220,-0.022642,0.005392,0.008309,0.999695,0.002335,0.149352,-1.011455,-0.025958,-0.032324,-2.446094,-0.939811,0.225097,-0.346128,2.341307,-0.023726,-0.393424,0.125361,0.035341,0.869754,-0.485930,-0.077163,-0.321420,-0.249428,-0.001562,0.752092,-0.343187,0.195245
-0.192376,-0.040254,0.653498,-0.024072,0.003463,0.004997,0.999692,0.002520,0.153915,-1.008619,-0.008480,-0.033883,-2.430360,-0.940756,0.213753,-0.344008,2.321563,-0.020011,-0.369419,0.117387,0.038874,0.833449,-0.478062,-0.063824,-0.308241,-0.250213,-0.008910,0.728501,-0.301932,0.182619
-0.191168,-0.035348,0.657863,-0.025395,0.001925,0.001443,0.999675,0.002761,0.158107,-1.004190,0.014663,-0.035994,-2.411105,-0.941280,0.197378,-0.342357,2.297765,-0.018215,-0.345402,0.110275,0.044292,0.795609,-0.469690,-0.050192,-0.298239,-0.250072,-0.018969,0.708302,-0.257508,0.162183
-0.189822,-0.030637,0.662130,-0.026582,0.000804,-0.002058,0.999644,0.003056,0.161790,-0.997423,0.044191,-0.038725,-2.387954,-0.940595,0.175095,-0.342374,2.270046,-0.018760,-0.321545,0.103933,0.051491,0.757039,-0.460883,-0.036379,-0.290594,-0.247754,-0.031402,0.690036,-0.216580,0.137281
-0.188260,-0.026129,0.666126,-0.027610,-0.000004,-0.005508,0.999604,0.003398,0.164855,-0.987427,0.080765,-0.042225,-2.360586,-0.936832,0.146134,-0.345187,2.238715,-0.021676,-0.297832,0.098371,0.060955,0.718420,-0.451429,-0.022967,-0.284109,-0.242643,-0.046106,0.673222,-0.185293,0.110498
-0.186407,-0.021879,0.669872,-0.028383,-0.000668,-0.008797,0.999558,0.003778,0.167219,-0.973777,0.125080,-0.046469,-2.328614,-0.927689,0.109451,-0.352023,2.204198,-0.026641,-0.274125,0.093317,0.072444,0.680184,-0.441946,-0.010402,-0.277758,-0.234344,-0.062366,0.657849,-0.165036,0.084910
-0.184346,-0.017919,0.673225,-0.028782,-0.000835,-0.011715,0.999517,0.004156,0.168828,-0.955854,0.177611,-0.051530,-2.291068,-0.911220,0.063822,-0.364719,2.165875,-0.033000,-0.251543,0.088345,0.085555,0.642888,-0.431581,0.000972,-0.271702,-0.222987,-0.079485,0.643259,-0.155997,0.064195
-0.182065,-0.014210,0.676142,-0.028776,-0.000739,-0.014368,0.999482,0.004545,0.169632,-0.932897,0.238633,-0.057211,-2.246373,-0.885198,0.008257,-0.385184,2.122391,-0.039540,-0.230023,0.083160,0.099786,0.606831,-0.421090,0.010812,-0.265033,-0.209382,-0.095925,0.629138,-0.156931,0.049682
-0.179668,-0.010832,0.678700,-0.028429,-0.000435,-0.016762,0.999455,0.004943,0.169604,-0.904253,0.308090,-0.063235,-2.192751,-0.847465,-0.057345,-0.414815,2.072128,-0.045274,-0.209562,0.077691,0.114602,0.571983,-0.410892,0.019458,-0.257322,-0.193893,-0.111110,0.614908,-0.167544,0.042971
-0.177329,-0.007801,0.680932,-0.027726,0.000126,-0.018838,0.999438,0.005329,0.168708,-0.869487,0.385387,-0.069288,-2.128361,-0.797444,-0.132423,-0.454468,2.013037,-0.049603,-0.190471,0.071703,0.128980,0.538516,-0.400983,0.027276,-0.248734,-0.177135,-0.124735,0.600671,-0.186823,0.045357
-0.175224,-0.005015,0.682818,-0.026662,0.000903,-0.020682,0.999430,0.005694,0.166936,-0.827965,0.469540,-0.074813,-2.051353,-0.736016,-0.214884,-0.503694,1.943050,-0.052344,-0.173061,0.065013,0.142830,0.506759,-0.391121,0.034582,-0.239992,-0.161045,-0.137081,0.587584,-0.208938,0.053286
-0.173610,-0.002453,0.684446,-0.025378,0.001823,-0.022244,0.999429,0.006038,0.164279,-0.779093,0.558746,-0.079205,-1.959919,-0.665350,-0.301425,-0.560924,1.860401,-0.053156,-0.157577,0.057700,0.155391,0.476754,-0.381523,0.040695,-0.231516,-0.146429,-0.147948,0.575483,-0.228041,0.064485
-0.172642,-0.000022,0.685588,-0.023818,0.002945,-0.023406,0.999438,0.006359,0.160729,-0.723278,0.649235,-0.081966,-1.853212,-0.589134,-0.388948,-0.623709,1.764375,-0.052547,-0.144463,0.049663,0.166276,0.449490,-0.370902,0.045235,-0.223812,-0.134464,-0.157159,0.563608,-0.242979,0.076356
-0.172407,0.002280,0.686391,-0.022136,0.004075,-0.024194,0.999454,0.006656,0.156282,-0.661266,0.737641,-0.082775,-1.732410,-0.511602,-0.473888,-0.689174,1.656605,-0.050596,-0.133723,0.041383,0.175286,0.424793,-0.359329,0.048378,-0.216821,-0.125266,-0.164695,0.551651,-0.254400,0.085996
-0.172936,0.004392,0.686963,-0.020485,0.005315,-0.024430,0.999478,0.006924,0.150939,-0.594882,0.820719,-0.081584,-1.600162,-0.437053,-0.552801,-0.753954,1.540021,-0.047395,-0.125466,0.033369,0.182126,0.402631,-0.346752,0.051604,-0.210929,-0.118312,-0.170969,0.539779,-0.263158,0.092902
-0.174107,0.006369,0.687341,-0.018828,0.006559,-0.024030,0.999512,0.007151,0.144717,-0.526067,0.895171,-0.078550,-1.459903,-0.369223,-0.623740,-0.814977,1.418385,-0.043348,-0.119469,0.025201,0.186237,0.382962,-0.333791,0.054455,-0.205803,-0.113397,-0.175213,0.527528,-0.269704,0.098248
-0.175791,0.008283,0.687494,-0.017074,0.007850,-0.022994,0.999559,0.007335,0.137640,-0.457028,0.958856,-0.073913,-1.315729,-0.310871,-0.685670,-0.869726,1.295907,-0.038862,-0.115694,0.016835,0.188003,0.365923,-0.320464,0.056772,-0.201102,-0.110936,-0.176987,0.514300,-0.274255,0.102208
-0.177736,0.009984,0.687605,-0.015512,0.009080,-0.021458,0.999608,0.007470,0.129743,-0.390105,1.010093,-0.068376,-1.172571,-0.262684,-0.738319,-0.916575,1.176515,-0.033844,-0.113728,0.009199,0.187718,0.351175,-0.307575,0.058373,-0.196690,-0.109660,-0.176303,0.499511,-0.277255,0.105701
-0.179749,0.011419,0.687805,-0.014061,0.010389,-0.019456,0.999658,0.007550,0.121088,-0.327460,1.048654,-0.062583,-1.035352,-0.224545,-0.782677,-0.955570,1.063890,-0.028565,-0.113101,0.002311,0.186073,0.338250,-0.296393,0.060356,-0.192403,-0.109280,-0.174146,0.483192,-0.278761,0.110286
-0.181668,0.012523,0.688299,-0.013019,0.011664,-0.017264,0.999698,0.007569,0.111770,-0.270191,1.076894,-0.057075,-0.907714,-0.194938,-0.818973,-0.987279,0.960537,-0.022875,-0.113096,-0.003202,0.183612,0.326249,-0.287591,0.063236,-0.187770,-0.108602,-0.171084,0.465134,-0.278852,0.116434
-0.183357,0.013348,0.688955,-0.012273,0.012952,-0.015121,0.999726,0.007526,0.101899,-0.219358,1.096221,-0.052213,-0.791081,-0.172192,-0.848457,-1.012938,0.867523,-0.018162,-0.113392,-0.007657,0.180699,0.315475,-0.281288,0.066200,-0.182944,-0.107353,-0.167161,0.445892,-0.277451,0.125107
-0.184748,0.013937,0.689585,-0.011560,0.014255,-0.013035,0.999747,0.007420,0.091588,-0.175220,1.107571,-0.048172,-0.686442,-0.154908,-0.872950,-1.034117,0.784313,-0.015153,-0.114078,-0.011572,0.177911,0.306153,-0.276280,0.069198,-0.177941,-0.105710,-0.162407,0.425852,-0.274790,0.135482
-0.185848,0.014293,0.690208,-0.010975,0.015547,-0.011140,0.999757,0.007263,0.080969,-0.137268,1.113059,-0.045015,-0.594348,-0.141456,-0.893139,-1.052248,0.709834,-0.014275,-0.114826,-0.014522,0.176241,0.298069,-0.272484,0.072241,-0.172765,-0.103290,-0.158100,0.405904,-0.269918,0.147146
-0.186634,0.014403,0.690831,-0.010710,0.016718,-0.009575,0.999757,0.007062,0.070168,-0.105408,1.114542,-0.042759,-0.514362,-0.130240,-0.909582,-1.068498,0.642904,-0.015661,-0.115256,-0.016296,0.176145,0.291131,-0.270171,0.074294,-0.167624,-0.100062,-0.154749,0.386734,-0.261025,0.157411
-0.187187,0.014387,0.691314,-0.010346,0.017821,-0.008234,0.999754,0.006818,0.059327,-0.078689,1.112914,-0.041129,-0.445287,-0.120436,-0.923797,-1.084111,0.582530,-0.018836,-0.115347,-0.017654,0.177769,0.285173,-0.268612,0.075063,-0.162098,-0.096746,-0.152443,0.368088,-0.249377,0.162691
-0.187541,0.014221,0.691580,-0.009944,0.018752,-0.007144,0.999749,0.006536,0.048551,-0.056441,1.109325,-0.039944,-0.385573,-0.111322,-0.936505,-1.099494,0.527190,-0.023615,-0.115422,-0.018534,0.180214,0.280659,-0.266768,0.074792,-0.156600,-0.093080,-0.151058,0.350327,-0.236010,0.162996
-0.187754,0.013899,0.691740,-0.009309,0.019603,-0.006201,0.999745,0.006226,0.037932,-0.038129,1.103663,-0.039121,-0.333968,-0.102709,-0.949163,-1.115072,0.475247,-0.029626,-0.115681,-0.019473,0.183365,0.277310,-0.265629,0.074141,-0.151413,-0.089750,-0.150597,0.334033,-0.222196,0.159012
-0.187876,0.013429,0.691774,-0.008461,0.020341,-0.005392,0.999743,0.005891,0.027538,-0.022964,1.096394,-0.038577,-0.289947,-0.094101,-0.962517,-1.130790,0.425210,-0.035926,-0.115827,-0.020408,0.187525,0.274846,-0.264718,0.073852,-0.146207,-0.087116,-0.151289,0.318991,-0.209380,0.150857
-0.187905,0.012779,0.691789,-0.007641,0.020800,-0.004864,0.999743,0.005546,0.017431,-0.010508,1.088577,-0.038197,-0.252419,-0.084815,-0.976039,-1.146481,0.376567,-0.041974,-0.115133,-0.020930,0.192536,0.272581,-0.264757,0.072407,-0.140749,-0.084788,-0.153379,0.305199,-0.197796,0.139863
-0.187884,0.011983,0.691716,-0.006807,0.021110,-0.004566,0.999744,0.005196,0.007644,-0.000746,1.080089,-0.037915,-0.220366,-0.075177,-0.989689,-1.162259,0.329497,-0.047099,-0.114035,-0.021299,0.197300,0.270482,-0.264636,0.069897,-0.135439,-0.083088,-0.155432,0.292520,-0.188082,0.126150
-0.187810,0.011039,0.691614,-0.005883,0.021206,-0.004525,0.999748,0.004849,-0.001789,0.006896,1.070887,-0.037678,-0.193120,-0.065136,-1.003192,-1.178260,0.284736,-0.050301,-0.112432,-0.021587,0.200950,0.268254,-0.264307,0.067410,-0.129885,-0.081450,-0.157020,0.280488,-0.181655,0.112023
-0.187693,0.009960,0.691560,-0.005119,0.021100,-0.004755,0.999753,0.004519,-0.010861,0.012621,1.061653,-0.037487,-0.170293,-0.054793,-1.015734,-1.194360,0.242580,-0.051993,-0.110501,-0.021617,0.202879,0.266186,-0.264325,0.065389,-0.124539,-0.079398,-0.157988,0.269926,-0.176837,0.101372
-0.186539,0.007365,0.690830,-0.004137,0.020705,-0.003474,0.999771,0.003067,-0.036339,0.015414,1.049182,-0.037315,-0.154189,-0.044176,-1.027408,-1.219758,0.188819,-0.049721,-0.108379,-0.019778,0.199816,0.267942,-0.262157,0.059925,-0.113818,-0.074978,-0.158142,0.255548,-0.174202,0.090337
-0.184337,0.005183,0.689852,-0.003383,0.020123,-0.003136,0.999787,-0.000713,-0.060116,0.010349,1.029190,-0.036882,-0.152170,-0.040608,-1.020526,-1.229473,0.160978,-0.046671,-0.103619,-0.017922,0.197304,0.269111,-0.260221,0.053600,-0.102220,-0.071056,-0.157832,0.243667,-0.174130,0.081960
-0.182419,0.003142,0.688830,-0.002818,0.019552,-0.002957,0.999801,-0.004420,-0.082207,-0.000258,1.004420,-0.035363,-0.156009,-0.040850,-1.005641,-1.221703,0.143640,-0.042900,-0.099673,-0.015888,0.193905,0.270963,-0.257624,0.047109,-0.092004,-0.067165,-0.156697,0.233638,-0.174130,0.075173
-0.180851,0.001264,0.687938,-0.002524,0.019062,-0.002636,0.999812,-0.008089,-0.101991,-0.022540,0.961782,-0.032717,-0.179617,-0.052551,-0.967532,-1.177756,0.149155,-0.038508,-0.097011,-0.013539,0.189353,0.273488,-0.255120,0.041454,-0.083124,-0.063137,-0.154751,0.225088,-0.173880,0.069543
-0.179784,-0.000469,0.687090,-0.002352,0.018468,-0.002006,0.999825,-0.011695,-0.118446,-0.066016,0.890025,-0.029283,-0.236524,-0.084502,-0.898709,-1.088647,0.186264,-0.033698,-0.095274,-0.011063,0.184501,0.276773,-0.252574,0.036243,-0.075141,-0.059303,-0.153390,0.217708,-0.173806,0.064349
-0.180185,-0.001941,0.686284,-0.002284,0.017397,-0.001068,0.999846,-0.015231,-0.130194,-0.126286,0.781422,-0.025045,-0.315254,-0.130790,-0.795696,-0.962950,0.243098,-0.030142,-0.095047,-0.008537,0.180070,0.281573,-0.249577,0.031633,-0.068721,-0.056015,-0.152613,0.212217,-0.172845,0.060021
-0.182688,-0.003026,0.685531,-0.002295,0.015922,-0.000116,0.999871,-0.018680,-0.135780,-0.183790,0.633635,-0.020441,-0.390057,-0.171276,-0.654226,-0.814088,0.297470,-0.027405,-0.097036,-0.005871,0.176466,0.287860,-0.245262,0.027309,-0.064853,-0.053590,-0.152484,0.208940,-0.170443,0.056222
-0.187390,-0.002322,0.685499,-0.002580,0.014587,-0.000775,0.999890,-0.020860,-0.117554,-0.218444,0.444417,-0.016192,-0.446996,-0.185721,-0.466015,-0.656069,0.360192,-0.028469,-0.100948,-0.004941,0.177210,0.291716,-0.241947,0.027045,-0.068937,-0.054643,-0.152298,0.212605,-0.166502,0.056475
-0.192570,-0.001879,0.685704,-0.002756,0.013740,-0.000391,0.999902,-0.020611,-0.093778,-0.221884,0.222849,-0.012669,-0.488930,-0.163668,-0.246232,-0.531544,0.418131,-0.030083,-0.108165,-0.003831,0.176349,0.296204,-0.237873,0.027712,-0.075098,-0.055758,-0.151538,0.215531,-0.161185,0.057061
-0.196357,-0.001675,0.685992,-0.002945,0.013495,0.000175,0.999905,-0.020383,-0.065266,-0.203522,-0.024443,-0.010555,-0.536804,-0.116158,0.013172,-0.444463,0.509370,-0.031600,-0.115137,-0.002617,0.175060,0.299687,-0.234645,0.028029,-0.080906,-0.056592,-0.150746,0.217490,-0.156830,0.058046
-0.199149,-0.001495,0.686332,-0.003027,0.013654,0.000308,0.999902,-0.020166,-0.033531,-0.161209,-0.277488,-0.009701,-0.581889,-0.051456,0.283936,-0.393188,0.604289,-0.032492,-0.121609,-0.001763,0.173636,0.302245,-0.232544,0.027543,-0.086532,-0.057514,-0.149612,0.218776,-0.153359,0.058974
-0.201193,-0.001043,0.686769,-0.003129,0.014406,-0.000106,0.999891,-0.019948,-0.000366,-0.088735,-0.518698,-0.009318,-0.608657,0.033368,0.544736,-0.372572,0.674053,-0.033060,-0.128383,-0.001239,0.172467,0.304308,-0.231327,0.027770,-0.092820,-0.058612,-0.148159,0.219796,-0.150268,0.060356
-0.201656,-0.000381,0.687498,-0.003289,0.015737,-0.001240,0.999870,-0.019703,0.032113,0.005786,-0.735660,-0.009457,-0.617480,0.131560,0.783594,-0.372611,0.724218,-0.032231,-0.134197,-0.001040,0.171014,0.305225,-0.233671,0.028927,-0.098560,-0.059557,-0.146071,0.220254,-0.148689,0.062412
-0.199995,0.000301,0.688000,-0.003376,0.017637,-0.002423,0.999836,-0.019490,0.061771,0.099247,-0.921741,-0.009492,-0.628691,0.223688,0.991340,-0.382435,0.777092,-0.030841,-0.138229,-0.001412,0.169362,0.304773,-0.235564,0.028650,-0.102619,-0.060524,-0.143646,0.219550,-0.149403,0.064618
-0.197152,0.000958,0.688484,-0.003550,0.019639,-0.003580,0.999794,-0.019415,0.087087,0.171201,-1.069258,-0.008933,-0.652976,0.289535,1.158153,-0.381659,0.838091,-0.028603,-0.140545,-0.001992,0.167808,0.303479,-0.238426,0.029334,-0.104929,-0.060988,-0.141869,0.218054,-0.151163,0.066437
-0.194924,0.001689,0.688912,-0.003807,0.021124,-0.004668,0.999759,-0.019477,0.107710,0.217562,-1.181261,-0.007626,-0.680560,0.325031,1.280341,-0.352411,0.882170,-0.026664,-0.141867,-0.002656,0.167023,0.302190,-0.241341,0.029908,-0.106496,-0.061229,-0.140709,0.216782,-0.152911,0.067931
-0.193803,0.002649,0.689073,-0.004712,0.022195,-0.002324,0.999740,-0.020539,0.095010,0.222794,-1.272353,-0.005750,-0.669271,0.332787,1.365690,-0.314534,0.865988,-0.029370,-0.141819,-0.006874,0.149665,0.306279,-0.250962,0.032724,-0.109560,-0.066258,-0.122256,0.223796,-0.174738,0.078669
-0.193109,0.003867,0.689269,-0.005912,0.023144,0.001544,0.999713,-0.021959,0.076595,0.202456,-1.338819,-0.003907,-0.630420,0.326398,1.421747,-0.288729,0.828504,-0.034141,-0.142935,-0.010656,0.133324,0.312596,-0.261899,0.036892,-0.118821,-0.071869,-0.107231,0.244443,-0.197930,0.091766
-0.192966,0.004900,0.689491,-0.008023,0.024039,0.005695,0.999663,-0.023845,0.053039,0.152563,-1.385797,-0.002333,-0.563585,0.304017,1.460972,-0.285203,0.787298,-0.039458,-0.146385,-0.012332,0.116395,0.323141,-0.274101,0.040946,-0.139511,-0.076526,-0.096614,0.289966,-0.209795,0.110872
-0.193751,0.005760,0.689709,-0.011217,0.025262,0.010039,0.999568,-0.026192,0.025285,0.073878,-1.419860,-0.000838,-0.484593,0.261942,1.490971,-0.299730,0.746852,-0.044294,-0.153846,-0.011143,0.098614,0.338447,-0.285854,0.045871,-0.174842,-0.081702,-0.091508,0.365916,-0.219555,0.120778
-0.195380,0.006457,0.690315,-0.015615,0.026162,0.014172,0.999435,-0.028863,-0.005414,-0.028520,-1.446596,0.000231,-0.406898,0.200197,1.514929,-0.325261,0.709351,-0.047508,-0.163654,-0.007111,0.079224,0.357826,-0.301299,0.051839,-0.223885,-0.086010,-0.090870,0.470357,-0.229392,0.119918
-0.197549,0.007104,0.690943,-0.020881,0.027035,0.017701,0.999260,-0.031710,-0.037806,-0.149749,-1.470442,0.001319,-0.343206,0.119821,1.532726,-0.351559,0.675850,-0.047797,-0.175158,-0.001337,0.058312,0.379560,-0.317191,0.055401,-0.285489,-0.088642,-0.091206,0.594234,-0.244465,0.114995
-0.199990,0.007841,0.691454,-0.026541,0.028593,0.020249,0.999034,-0.034623,-0.070924,-0.284233,-1.493975,0.002575,-0.300851,0.024199,1.544300,-0.373252,0.652416,-0.046447,-0.189665,0.004986,0.035521,0.404175,-0.333553,0.056581,-0.358873,-0.088392,-0.090557,0.726671,-0.262205,0.111664
-0.202538,0.008729,0.691851,-0.031788,0.030363,0.018422,0.998863,-0.036624,-0.075007,-0.403325,-1.509807,0.004169,-0.319682,-0.078129,1.544955,-0.366282,0.666577,-0.038412,-0.208469,0.015093,0.029818,0.428963,-0.345292,0.056602,-0.438790,-0.082536,-0.108300,0.849761,-0.258686,0.102791
-0.205117,0.009570,0.691767,-0.036620,0.032739,0.014599,0.998686,-0.038270,-0.076665,-0.513543,-1.531281,0.006659,-0.396487,-0.180959,1.540428,-0.334245,0.708268,-0.028360,-0.230492,0.024685,0.024235,0.459234,-0.360562,0.052542,-0.517359,-0.076200,-0.124765,0.947484,-0.253158,0.092244
-0.206719,0.010333,0.690643,-0.039799,0.035922,0.009989,0.998512,-0.039424,-0.075787,-0.604007,-1.556282,0.009924,-0.538349,-0.271966,1.531975,-0.285755,0.792252,-0.018130,-0.255790,0.030724,0.019268,0.496771,-0.379347,0.048464,-0.587737,-0.070378,-0.136193,1.004221,-0.257949,0.077115
-0.206381,0.010670,0.688051,-0.040968,0.040284,0.004935,0.998336,-0.040060,-0.072825,-0.673345,-1.580677,0.013781,-0.736351,-0.345754,1.522482,-0.228761,0.925829,-0.008274,-0.285016,0.031686,0.014052,0.543259,-0.401730,0.042056,-0.647118,-0.062745,-0.139048,1.013245,-0.263077,0.074568
-0.203931,0.010599,0.683671,-0.040064,0.046858,-0.000502,0.998098,-0.040197,-0.068703,-0.725950,-1.602110,0.017915,-0.970260,-0.405788,1.513443,-0.169593,1.101653,0.001342,-0.321359,0.027202,0.008837,0.600806,-0.428079,0.036041,-0.697881,-0.055944,-0.132898,0.983549,-0.270351,0.085969
-0.199515,0.009933,0.677525,-0.037330,0.055189,-0.005667,0.997762,-0.039855,-0.064366,-0.765450,-1.618180,0.021339,-1.218357,-0.455599,1.507098,-0.114813,1.305659,0.008411,-0.364564,0.017554,0.002949,0.670334,-0.462267,0.032146,-0.740953,-0.050953,-0.120906,0.932109,-0.273028,0.102370
-0.193361,0.008574,0.669338,-0.033741,0.064522,-0.010429,0.997291,-0.039079,-0.060552,-0.795112,-1.628460,0.023887,-1.460779,-0.497445,1.504612,-0.071138,1.520975,0.013210,-0.412534,0.006315,-0.002033,0.750989,-0.503596,0.031459,-0.780232,-0.047910,-0.109031,0.881257,-0.265749,0.111928
-0.185720,0.006502,0.659600,-0.029681,0.074602,-0.014924,0.996660,-0.037917,-0.057727,-0.818169,-1.634384,0.025442,-1.677547,-0.534538,1.506873,-0.041181,1.728374,0.016408,-0.461839,-0.006035,-0.007802,0.836712,-0.549998,0.030444,-0.818944,-0.045709,-0.096317,0.843970,-0.258069,0.117760
-0.176196,0.003152,0.655788,-0.025260,0.084681,-0.018480,0.995916,-0.036260,-0.056162,-0.836769,-1.634288,0.026015,-1.845893,-0.568031,1.514763,-0.021105,1.903293,0.017545,-0.506335,-0.017552,-0.014549,0.919588,-0.598279,0.032788,-0.855958,-0.042780,-0.083242,0.827745,-0.252136,0.116892
-0.166605,-0.000643,0.656775,-0.021484,0.093636,-0.020787,0.995158,-0.034501,-0.055600,-0.853325,-1.631860,0.025736,-1.961052,-0.597524,1.525256,-0.007520,2.034473,0.018428,-0.542316,-0.027080,-0.022004,0.989647,-0.642194,0.034508,-0.887390,-0.039723,-0.070825,0.828049,-0.248804,0.113508
-0.157367,-0.004601,0.655665,-0.018465,0.100991,-0.021857,0.994476,-0.032719,-0.055834,-0.865421,-1.629267,0.024615,-2.025460,-0.622915,1.535693,0.001968,2.114231,0.018346,-0.567272,-0.033550,-0.028688,1.042400,-0.681057,0.036296,-0.912304,-0.037435,-0.062166,0.844219,-0.248052,0.105394
-0.148605,-0.008650,0.653150,-0.016281,0.106310,-0.021797,0.993961,-0.031011,-0.056565,-0.869371,-1.627577,0.023070,-2.049597,-0.640782,1.545746,0.009084,2.145396,0.016172,-0.578699,-0.036156,-0.033762,1.075191,-0.713024,0.037427,-0.928214,-0.034223,-0.058796,0.867394,-0.245278,0.093368
-0.140379,-0.012617,0.650483,-0.014871,0.109441,-0.021126,0.993657,-0.029447,-0.057495,-0.864200,-1.627102,0.021804,-2.040781,-0.648238,1.554735,0.012730,2.137161,0.012962,-0.576217,-0.034337,-0.036279,1.086822,-0.734606,0.036560,-0.933908,-0.030274,-0.060246,0.888111,-0.241574,0.079886
-0.132677,-0.016456,0.650602,-0.013648,0.110750,-0.019898,0.993555,-0.028065,-0.058373,-0.851000,-1.627560,0.020764,-2.008303,-0.645395,1.562414,0.013844,2.099401,0.011044,-0.560249,-0.030025,-0.037039,1.075548,-0.746300,0.034472,-0.925655,-0.027065,-0.063019,0.892529,-0.245027,0.072141
-0.125478,-0.020154,0.653266,-0.012326,0.110597,-0.017552,0.993634,-0.026897,-0.059081,-0.832565,-1.629610,0.019896,-1.959817,-0.633100,1.566998,0.012417,2.043828,0.008430,-0.532998,-0.023937,-0.035737,1.044257,-0.746658,0.031668,-0.902775,-0.024499,-0.066312,0.877352,-0.248540,0.064640
-0.119512,-0.023131,0.658007,-0.010966,0.109161,-0.014769,0.993854,-0.026143,-0.059496,-0.812123,-1.632419,0.019019,-1.902230,-0.614367,1.566625,0.008343,1.981875,0.007066,-0.499226,-0.017484,-0.032301,0.998573,-0.733912,0.027232,-0.868968,-0.023519,-0.069105,0.844560,-0.248518,0.063541
-0.113439,-0.025966,0.663552,-0.009051,0.107190,-0.011834,0.994127,-0.025506,-0.059822,-0.791271,-1.635187,0.017941,-1.832897,-0.594905,1.563585,0.003395,1.910478,0.005082,-0.461122,-0.010584,-0.025974,0.945076,-0.713233,0.020801,-0.828769,-0.023879,-0.072867,0.802384,-0.244364,0.064222
-0.107356,-0.028628,0.669634,-0.006457,0.104919,-0.008352,0.994425,-0.025007,-0.060069,-0.770450,-1.639451,0.016849,-1.746390,-0.576316,1.557481,-0.002994,1.830116,0.001041,-0.420557,-0.004272,-0.017025,0.887673,-0.681932,0.009745,-0.783898,-0.025567,-0.077089,0.752391,-0.236707,0.066831
-0.101513,-0.031219,0.675851,-0.003160,0.102221,-0.004318,0.994747,-0.024662,-0.060231,-0.755431,-1.643982,0.015291,-1.648837,-0.560516,1.549105,-0.011196,1.740870,-0.004855,-0.379665,0.001536,-0.004955,0.830847,-0.641528,-0.005783,-0.735846,-0.028815,-0.081653,0.697305,-0.226087,0.071701
-0.095921,-0.033750,0.681882,0.000791,0.099604,0.000307,0.995027,-0.024490,-0.060312,-0.746286,-1.649450,0.013803,-1.541178,-0.548219,1.538934,-0.021031,1.644392,-0.012981,-0.340898,0.006727,0.010575,0.781529,-0.595951,-0.021794,-0.687133,-0.033777,-0.086698,0.639665,-0.213514,0.077704
-0.090675,-0.036088,0.687262,0.005386,0.096968,0.005384,0.995258,-0.024494,-0.060352,-0.742452,-1.654967,0.012176,-1.424159,-0.540101,1.527840,-0.032463,1.542843,-0.023624,-0.307394,0.009867,0.028828,0.748386,-0.548082,-0.037685,-0.639974,-0.040081,-0.091100,0.583215,-0.198830,0.084362
-0.085846,-0.038188,0.691894,0.010472,0.094263,0.010284,0.995439,-0.024674,-0.060384,-0.744008,-1.659754,0.010631,-1.299706,-0.536244,1.516945,-0.044762,1.438502,-0.034949,-0.281932,0.011985,0.049176,0.737866,-0.500994,-0.050659,-0.595719,-0.047455,-0.094025,0.530029,-0.182952,0.091806
-0.081473,-0.040089,0.695838,0.015703,0.091695,0.014841,0.995553,-0.025006,-0.060452,-0.750666,-1.663569,0.009382,-1.171301,-0.536206,1.506869,-0.057590,1.334707,-0.046689,-0.266447,0.013366,0.070133,0.754335,-0.457278,-0.057833,-0.555716,-0.055003,-0.095734,0.481821,-0.168240,0.099998
-0.077604,-0.041755,0.699013,0.020740,0.089357,0.018683,0.995608,-0.025457,-0.060608,-0.761446,-1.666816,0.008426,-1.043527,-0.539265,1.498882,-0.070504,1.235008,-0.057992,-0.261915,0.014626,0.090330,0.798912,-0.417815,-0.059820,-0.521122,-0.062155,-0.095801,0.440385,-0.155360,0.107896
-0.074270,-0.043317,0.701359,0.025179,0.087154,0.021379,0.995647,-0.025980,-0.060878,-0.775591,-1.667891,0.007563,-0.926144,-0.544595,1.494009,-0.082531,1.142276,-0.067374,-0.268482,0.017221,0.108598,0.870201,-0.383425,-0.055154,-0.492459,-0.068169,-0.094810,0.407223,-0.144518,0.114379
-0.071224,-0.044636,0.702997,0.029101,0.085101,0.022884,0.995684,-0.026533,-0.061267,-0.787413,-1.667964,0.007255,-0.817604,-0.550925,1.491848,-0.093152,1.060310,-0.075111,-0.285048,0.020061,0.123769,0.961839,-0.358213,-0.044456,-0.469267,-0.073332,-0.092816,0.382108,-0.136171,0.118271
-0.068512,-0.045714,0.704113,0.032351,0.083216,0.023228,0.995735,-0.027074,-0.061778,-0.797839,-1.666667,0.007011,-0.722349,-0.558211,1.492097,-0.102238,0.991351,-0.081380,-0.310526,0.023186,0.135358,1.065100,-0.341240,-0.032502,-0.451169,-0.076999,-0.090258,0.364217,-0.131030,0.119754
-0.066102,-0.046689,0.704757,0.034788,0.081421,0.022730,0.995813,-0.027576,-0.062403,-0.807793,-1.664875,0.007115,-0.645108,-0.566109,1.494274,-0.109401,0.937519,-0.086535,-0.342608,0.027531,0.143279,1.170145,-0.329381,-0.021308,-0.437252,-0.079076,-0.087768,0.352959,-0.129095,0.118935
-0.063911,-0.047623,0.704960,0.036377,0.079779,0.021919,0.995907,-0.028020,-0.063101,-0.817368,-1.663064,0.007377,-0.588855,-0.574308,1.497466,-0.114360,0.899330,-0.092117,-0.378932,0.032709,0.147830,1.267552,-0.319589,-0.014654,-0.426997,-0.079124,-0.086311,0.347457,-0.129398,0.116596
-0.061851,-0.048431,0.704810,0.037418,0.078152,0.021076,0.996016,-0.028405,-0.063793,-0.826120,-1.662806,0.007858,-0.554492,-0.583201,1.500722,-0.116990,0.877321,-0.098964,-0.417178,0.038169,0.150164,1.348858,-0.310082,-0.014351,-0.419271,-0.078040,-0.085745,0.346446,-0.131613,0.112729
-0.060006,-0.049188,0.704325,0.037972,0.076668,0.020665,0.996119,-0.028749,-0.064397,-0.834629,-1.663656,0.008277,-0.543064,-0.592770,1.502779,-0.117526,0.872306,-0.106776,-0.455959,0.044093,0.151528,1.408351,-0.300953,-0.019337,-0.413970,-0.076278,-0.086251,0.349421,-0.135458,0.106629
-0.058368,-0.049826,0.703598,0.038247,0.075476,0.020662,0.996200,-0.029072,-0.064851,-0.842288,-1.666590,0.008675,-0.556904,-0.603079,1.503015,-0.116371,0.884645,-0.114304,-0.493681,0.049339,0.152742,1.442660,-0.294303,-0.027429,-0.410910,-0.074481,-0.087173,0.355713,-0.140382,0.099291
-0.056905,-0.050323,0.702650,0.038003,0.074847,0.020970,0.996250,-0.029390,-0.065145,-0.849178,-1.671258,0.009228,-0.597253,-0.614232,1.501649,-0.112967,0.914903,-0.120791,-0.530128,0.054532,0.153987,1.451968,-0.288175,-0.037887,-0.410838,-0.072165,-0.088517,0.365422,-0.146669,0.091121
-0.055541,-0.050722,0.701493,0.037435,0.074731,0.021592,0.996267,-0.029710,-0.065281,-0.854482,-1.677822,0.010021,-0.663709,-0.625546,1.498530,-0.107498,0.963522,-0.125622,-0.564147,0.059151,0.155108,1.438056,-0.282367,-0.049104,-0.413698,-0.069570,-0.090024,0.378542,-0.153469,0.083251
-0.054052,-0.050959,0.700034,0.036492,0.075171,0.022206,0.996255,-0.030037,-0.065268,-0.857458,-1.685671,0.011008,-0.753944,-0.635863,1.493673,-0.100444,1.030112,-0.127913,-0.595346,0.062724,0.155632,1.404786,-0.273912,-0.061115,-0.419362,-0.067013,-0.091199,0.395490,-0.160993,0.074942
-0.052341,-0.051057,0.698360,0.035262,0.076200,0.022571,0.996213,-0.030374,-0.065155,-0.858207,-1.694266,0.012156,-0.864257,-0.644544,1.487876,-0.092316,1.113236,-0.127477,-0.623434,0.064829,0.154122,1.355385,-0.264198,-0.071756,-0.427985,-0.064502,-0.091918,0.416134,-0.170631,0.065253
-0.050432,-0.051105,0.696346,0.033563,0.077971,0.022608,0.996134,-0.030707,-0.065041,-0.857271,-1.702113,0.013238,-0.991142,-0.652461,1.482183,-0.083935,1.210642,-0.123671,-0.648641,0.065341,0.149944,1.295733,-0.252284,-0.082019,-0.440409,-0.061524,-0.092107,0.441706,-0.182442,0.054591
-0.048139,-0.051168,0.693928,0.031441,0.080135,0.022041,0.996044,-0.031023,-0.065028,-0.855044,-1.709258,0.014548,-1.128611,-0.659333,1.477001,-0.076021,1.318424,-0.116670,-0.670643,0.064379,0.142375,1.232533,-0.237635,-0.093333,-0.456360,-0.057738,-0.091694,0.472961,-0.196731,0.044076
-0.045475,-0.051205,0.691125,0.029043,0.082872,0.021083,0.995914,-0.031307,-0.065195,-0.853291,-1.715110,0.015953,-1.268809,-0.666113,1.472043,-0.068725,1.433129,-0.108152,-0.690775,0.062518,0.131844,1.170661,-0.222505,-0.105211,-0.476123,-0.053701,-0.091224,0.509811,-0.215027,0.033043
-0.042481,-0.051316,0.687703,0.026413,0.085636,0.019940,0.995777,-0.031558,-0.065591,-0.853824,-1.720169,0.017475,-1.404446,-0.672794,1.467116,-0.062918,1.549847,-0.098295,-0.708482,0.059675,0.118224,1.116591,-0.206279,-0.116717,-0.498740,-0.049214,-0.090365,0.552751,-0.236167,0.021839
-0.039300,-0.051368,0.683615,0.023666,0.088299,0.018520,0.995641,-0.031777,-0.066227,-0.856532,-1.724082,0.018742,-1.529661,-0.680387,1.462321,-0.058251,1.664325,-0.086823,-0.725199,0.055724,0.101120,1.074628,-0.187344,-0.128088,-0.523878,-0.044983,-0.088518,0.601720,-0.260761,0.010539
-0.036145,-0.051506,0.679080,0.020780,0.090746,0.017082,0.995511,-0.031966,-0.067100,-0.861842,-1.726908,0.019873,-1.641275,-0.689683,1.457800,-0.054764,1.771927,-0.074419,-0.740996,0.051508,0.081612,1.046350,-0.178259,-0.135563,-0.551195,-0.040688,-0.087092,0.655817,-0.287865,-0.000477
-0.033059,-0.051579,0.674145,0.017852,0.092573,0.015510,0.995425,-0.032123,-0.068172,-0.868118,-1.728892,0.020863,-1.737280,-0.700627,1.453242,-0.052323,1.869672,-0.061109,-0.755072,0.046819,0.062223,1.035195,-0.181036,-0.138628,-0.579549,-0.036822,-0.086230,0.714684,-0.317056,-0.009780
-0.030126,-0.051525,0.668700,0.015017,0.093764,0.013792,0.995386,-0.032247,-0.069377,-0.874328,-1.730309,0.021701,-1.817040,-0.712075,1.448138,-0.050483,1.955694,-0.046972,-0.768113,0.042123,0.044465,1.039032,-0.196842,-0.137096,-0.608236,-0.034057,-0.085670,0.776814,-0.347364,-0.017645
-0.027429,-0.051320,0.662845,0.012473,0.094324,0.012265,0.995388,-0.032341,-0.070650,-0.878498,-1.731606,0.022333,-1.881234,-0.723564,1.442726,-0.049410,2.029167,-0.032619,-0.780090,0.036436,0.028880,1.055006,-0.224890,-0.129765,-0.636213,-0.032660,-0.085270,0.839912,-0.378599,-0.024400
-0.024919,-0.050977,0.656764,0.010200,0.094124,0.010923,0.995448,-0.032413,-0.071944,-0.879672,-1.732946,0.022845,-1.930916,-0.734247,1.437367,-0.049248,2.089610,-0.018053,-0.790405,0.029523,0.015222,1.079882,-0.260810,-0.118880,-0.662122,-0.032279,-0.084698,0.901831,-0.408995,-0.029473
-0.022650,-0.050442,0.650604,0.008339,0.093461,0.009679,0.995541,-0.032475,-0.073212,-0.875864,-1.734359,0.023073,-1.967526,-0.743974,1.431571,-0.050030,2.137050,-0.004270,-0.798900,0.021591,0.003531,1.109003,-0.301762,-0.107274,-0.685158,-0.032850,-0.083918,0.959487,-0.438524,-0.032850
-0.020604,-0.049763,0.644751,0.006861,0.092314,0.008408,0.995671,-0.032532,-0.074438,-0.867221,-1.735288,0.023244,-1.993771,-0.752709,1.425875,-0.051725,2.171657,0.008173,-0.804837,0.013326,-0.005896,1.138390,-0.346402,-0.095131,-0.704123,-0.033856,-0.082908,1.010345,-0.465452,-0.034874
-0.018746,-0.048843,0.639542,0.006019,0.090623,0.006818,0.995844,-0.032583,-0.075591,-0.853318,-1.735453,0.023197,-2.011618,-0.760933,1.420318,-0.053364,2.194248,0.019265,-0.807502,0.004497,-0.012792,1.164909,-0.384439,-0.085027,-0.718191,-0.035672,-0.080718,1.052794,-0.489164,-0.036197
-0.017163,-0.047730,0.635356,0.005811,0.088653,0.004849,0.996034,-0.032625,-0.076651,-0.835598,-1.734542,0.022942,-2.023177,-0.769627,1.414748,-0.054143,2.206022,0.028872,-0.806887,-0.004200,-0.017426,1.183807,-0.412925,-0.078214,-0.727345,-0.038186,-0.077527,1.085155,-0.508548,-0.037487
-0.015860,-0.046440,0.632459,0.006245,0.086241,0.002182,0.996252,-0.032647,-0.077595,-0.814883,-1.731241,0.022379,-2.030215,-0.779298,1.409528,-0.053115,2.207707,0.036986,-0.801442,-0.012624,-0.020315,1.193460,-0.432022,-0.073539,-0.730725,-0.041000,-0.073306,1.106236,-0.522857,-0.038626
-0.014828,-0.044960,0.631110,0.007265,0.083421,-0.001520,0.996487,-0.032627,-0.078383,-0.793251,-1.724334,0.021491,-2.034246,-0.790458,1.404609,-0.049162,2.200447,0.043553,-0.790596,-0.020189,-0.021429,1.192621,-0.442969,-0.070541,-0.727658,-0.043858,-0.068118,1.114628,-0.531290,-0.038922
-0.014101,-0.043316,0.631413,0.008814,0.080110,-0.006519,0.996726,-0.032528,-0.078976,-0.773438,-1.712219,0.020440,-2.036927,-0.802856,1.400138,-0.041674,2.186102,0.048959,-0.773454,-0.026435,-0.019902,1.180708,-0.446386,-0.068692,-0.717834,-0.046666,-0.062372,1.109940,-0.533327,-0.038487
-0.013658,-0.041593,0.633386,0.010880,0.076339,-0.012712,0.996942,-0.032306,-0.079336,-0.758037,-1.693372,0.019259,-2.039095,-0.815711,1.396114,-0.030326,2.166986,0.053508,-0.750701,-0.031201,-0.015351,1.158378,-0.442422,-0.066474,-0.701510,-0.049759,-0.056288,1.092487,-0.528644,-0.037580
-0.013457,-0.039856,0.636841,0.013353,0.072137,-0.019796,0.997109,-0.031922,-0.079422,-0.749632,-1.666920,0.018153,-2.040159,-0.827673,1.391889,-0.015764,2.146001,0.056923,-0.723138,-0.034486,-0.007751,1.127208,-0.429988,-0.063769,-0.679189,-0.053159,-0.050242,1.063472,-0.517457,-0.036242
-0.013566,-0.038180,0.641571,0.016204,0.067626,-0.027242,0.997207,-0.031348,-0.079209,-0.751711,-1.632407,0.017298,-2.038804,-0.837177,1.386920,0.001009,2.126786,0.058951,-0.692508,-0.036285,0.002530,1.089342,-0.407791,-0.061559,-0.651189,-0.056904,-0.044588,1.023205,-0.500303,-0.033970
-0.013963,-0.036710,0.647329,0.019328,0.062877,-0.034322,0.997244,-0.030575,-0.078677,-0.766352,-1.589836,0.016902,-2.032897,-0.841840,1.380861,0.018878,2.112614,0.059158,-0.660983,-0.036762,0.014731,1.047705,-0.375285,-0.060217,-0.618092,-0.061156,-0.039388,0.972497,-0.478335,-0.032193
-0.014654,-0.035554,0.654181,0.022646,0.058003,-0.040491,0.997238,-0.029618,-0.077822,-0.795405,-1.540738,0.017044,-2.020696,-0.839387,1.372937,0.036356,2.106192,0.057999,-0.630767,-0.036121,0.028621,1.004911,-0.332774,-0.061624,-0.580507,-0.065756,-0.035358,0.913156,-0.451177,-0.031571
-0.015581,-0.034781,0.661551,0.026248,0.053135,-0.045201,0.997218,-0.028503,-0.076663,-0.839950,-1.486717,0.018086,-2.001409,-0.828020,1.362441,0.052681,2.109790,0.055601,-0.603809,-0.034695,0.043628,0.964086,-0.279092,-0.065232,-0.539972,-0.071294,-0.032849,0.847324,-0.420007,-0.031998
-0.016685,-0.034379,0.668700,0.029970,0.048334,-0.048101,0.997222,-0.027277,-0.075226,-0.899505,-1.430885,0.020161,-1.972272,-0.805458,1.348995,0.067332,2.124456,0.052571,-0.581876,-0.032998,0.059176,0.928977,-0.214785,-0.071011,-0.497285,-0.077510,-0.031964,0.777347,-0.385209,-0.033428
-0.017909,-0.034344,0.675330,0.033826,0.043600,-0.048849,0.997281,-0.026007,-0.073556,-0.973134,-1.377434,0.023636,-1.931185,-0.770425,1.332236,0.079713,2.150715,0.048716,-0.565253,-0.031368,0.075326,0.902046,-0.147997,-0.079430,-0.453758,-0.084706,-0.032983,0.705917,-0.348708,-0.035523
-0.019284,-0.034620,0.681175,0.037670,0.039261,-0.047317,0.997397,-0.024757,-0.071716,-1.059656,-1.330750,0.028552,-1.876964,-0.722222,1.312405,0.089083,2.187674,0.044333,-0.555214,-0.029509,0.091906,0.887318,-0.087466,-0.090222,-0.411606,-0.092480,-0.035600,0.636136,-0.312195,-0.037834
-0.020767,-0.035109,0.686206,0.041361,0.035444,-0.043575,0.997564,-0.023591,-0.069790,-1.156929,-1.294879,0.034642,-1.809519,-0.660785,1.290067,0.094837,2.232876,0.039836,-0.552956,-0.027762,0.107228,0.889003,-0.037605,-0.101509,-0.372368,-0.100604,-0.038686,0.570570,-0.277702,-0.041322
-0.022440,-0.035736,0.690160,0.044737,0.032316,-0.037709,0.997764,-0.022570,-0.067865,-1.263785,-1.273245,0.041428,-1.728790,-0.587412,1.266010,0.096615,2.283181,0.035135,-0.559817,-0.026178,0.119823,0.910419,-0.000567,-0.111996,-0.337930,-0.108245,-0.041948,0.512415,-0.245659,-0.044711
-0.024243,-0.036494,0.693158,0.047573,0.029970,-0.029944,0.997969,-0.021752,-0.066032,-1.377478,-1.266359,0.048449,-1.636210,-0.504443,1.242175,0.095000,2.334704,0.029613,-0.576142,-0.024419,0.128092,0.953960,0.023352,-0.120382,-0.309983,-0.114937,-0.044714,0.463672,-0.218050,-0.047495
-0.026246,-0.037266,0.695229,0.049660,0.028467,-0.020651,0.998147,-0.021183,-0.064376,-1.495257,-1.272510,0.054397,-1.534037,-0.416404,1.220598,0.090440,2.383555,0.022838,-0.601690,-0.022311,0.131619,1.019207,0.031365,-0.126813,-0.289403,-0.120061,-0.047004,0.425965,-0.195310,-0.050005
-0.028453,-0.037896,0.696699,0.050928,0.027814,-0.010357,0.998261,-0.020874,-0.062973,-1.614996,-1.292079,0.060111,-1.428895,-0.330896,1.202282,0.083265,2.427242,0.013532,-0.635743,-0.019262,0.130341,1.105440,0.024446,-0.131754,-0.277274,-0.123514,-0.048641,0.400370,-0.178745,-0.051740
-0.030898,-0.038362,0.697528,0.051608,0.027701,0.000159,0.998283,-0.020819,-0.061857,-1.727984,-1.314498,0.063565,-1.325160,-0.256109,1.186496,0.073028,2.465471,0.001441,-0.676922,-0.015000,0.124827,1.209990,0.009179,-0.135898,-0.273149,-0.125598,-0.049171,0.386939,-0.167547,-0.052530
-0.033520,-0.038562,0.697762,0.051728,0.027694,0.010231,0.998225,-0.020995,-0.061028,-1.829956,-1.336886,0.065513,-1.231416,-0.199946,1.170811,0.059783,2.497699,-0.012873,-0.721943,-0.009421,0.115691,1.326171,-0.009048,-0.140634,-0.274946,-0.126585,-0.048501,0.383460,-0.161655,-0.053118
-0.036345,-0.038404,0.697520,0.051489,0.027538,0.019471,0.998104,-0.021374,-0.060440,-1.915093,-1.355099,0.066038,-1.156595,-0.169372,1.151736,0.043790,2.522345,-0.028804,-0.767307,-0.002859,0.104334,1.446481,-0.028856,-0.146731,-0.281301,-0.126762,-0.047183,0.388034,-0.159236,-0.052711
-0.039482,-0.038005,0.696917,0.051068,0.027002,0.027542,0.997950,-0.021922,-0.060018,-1.977444,-1.365997,0.066092,-1.111602,-0.169721,1.126685,0.025257,2.539284,-0.045534,-0.808973,0.004051,0.092011,1.563646,-0.049064,-0.153803,-0.290195,-0.126534,-0.045462,0.397847,-0.159032,-0.051117
-0.042823,-0.037422,0.696130,0.050589,0.025685,0.034552,0.997791,-0.022597,-0.059656,-2.011182,-1.367443,0.066867,-1.105697,-0.203789,1.092862,0.005502,2.548501,-0.062066,-0.843100,0.010427,0.080504,1.671004,-0.069005,-0.161122,-0.299250,-0.126736,-0.043573,0.410517,-0.159540,-0.049628
-0.046237,-0.036525,0.695248,0.050127,0.023438,0.040773,0.997635,-0.023404,-0.059240,-2.010162,-1.355912,0.067406,-1.143823,-0.270729,1.048222,-0.013877,2.549308,-0.077430,-0.866772,0.016349,0.070978,1.763024,-0.088101,-0.171201,-0.306297,-0.127521,-0.041218,0.422838,-0.160268,-0.048586
-0.049570,-0.035747,0.694390,0.049870,0.019984,0.046466,0.997474,-0.024347,-0.058638,-1.969324,-1.323177,0.065062,-1.223764,-0.366405,0.993463,-0.029695,2.540430,-0.089969,-0.877678,0.020333,0.062681,1.835679,-0.104797,-0.181222,-0.308829,-0.128988,-0.038421,0.432133,-0.160503,-0.047964
-0.052650,-0.035069,0.693602,0.049448,0.015623,0.052040,0.997298,-0.025414,-0.057746,-1.892006,-1.276534,0.061472,-1.347257,-0.484444,0.932106,-0.035603,2.519575,-0.098111,-0.875332,0.022271,0.054806,1.885691,-0.118374,-0.188938,-0.305999,-0.130491,-0.035877,0.436747,-0.159827,-0.047619
-0.055480,-0.034518,0.692971,0.048932,0.010650,0.058074,0.997055,-0.026619,-0.056490,-1.780597,-1.218345,0.055478,-1.504547,-0.618151,0.868885,-0.026892,2.486094,-0.101920,-0.860020,0.021883,0.047208,1.912155,-0.126547,-0.193807,-0.298259,-0.132106,-0.034323,0.436949,-0.157145,-0.046566
-0.058133,-0.034242,0.692378,0.048084,0.005186,0.064735,0.996730,-0.027983,-0.054846,-1.640163,-1.155435,0.047485,-1.681734,-0.761085,0.809989,-0.000720,2.440463,-0.102369,-0.832678,0.019830,0.039528,1.915021,-0.128109,-0.195683,-0.286597,-0.133453,-0.034200,0.433484,-0.152880,-0.044604
-0.060759,-0.034017,0.691781,0.046972,-0.000566,0.071778,0.996314,-0.029508,-0.052820,-1.475412,-1.094117,0.037344,-1.864706,-0.910284,0.762622,0.045017,2.382426,-0.100549,-0.794962,0.017225,0.032576,1.895195,-0.123591,-0.195249,-0.272234,-0.134845,-0.035622,0.427423,-0.148001,-0.042434
-0.063553,-0.033912,0.691081,0.045463,-0.006084,0.079105,0.995810,-0.031230,-0.050487,-1.292699,-1.040745,0.024867,-2.038971,-1.065153,0.733123,0.110491,2.311437,-0.097536,-0.749453,0.015447,0.025989,1.854801,-0.114880,-0.193769,-0.257260,-0.135427,-0.038146,0.419734,-0.143158,-0.039444
-0.066574,-0.034176,0.690231,0.043497,-0.011304,0.086141,0.995269,-0.033130,-0.047916,-1.098934,-1.003619,0.012185,-2.193190,-1.223805,0.725403,0.194392,2.226057,-0.094143,-0.697916,0.014780,0.019688,1.797392,-0.101778,-0.189037,-0.243228,-0.134806,-0.042213,0.412575,-0.138425,-0.035778
-0.069890,-0.034508,0.689192,0.040926,-0.016083,0.092734,0.994720,-0.035192,-0.045186,-0.899777,-0.991565,0.000898,-2.321693,-1.383777,0.738959,0.292113,2.125838,-0.090671,-0.642161,0.016306,0.013931,1.725245,-0.088138,-0.182980,-0.231776,-0.132660,-0.047081,0.407691,-0.133970,-0.031846
-0.073563,-0.034805,0.687964,0.037638,-0.020218,0.098616,0.994208,-0.037395,-0.042358,-0.701377,-1.006632,-0.008939,-2.418955,-1.542712,0.769398,0.395684,2.011252,-0.087343,-0.583749,0.020284,0.008592,1.642064,-0.074920,-0.176689,-0.224093,-0.128618,-0.052044,0.406124,-0.129674,-0.027482
-0.077607,-0.035027,0.686516,0.033501,-0.023667,0.103616,0.993771,-0.039744,-0.039497,-0.507428,-1.048309,-0.017051,-2.486841,-1.697126,0.810969,0.499042,1.883463,-0.084895,-0.524536,0.026874,0.003698,1.550867,-0.062912,-0.170392,-0.220934,-0.122771,-0.057010,0.408255,-0.125930,-0.023516
-0.081928,-0.034920,0.684954,0.028778,-0.026342,0.107672,0.993421,-0.042217,-0.036655,-0.320059,-1.111320,-0.023540,-2.531650,-1.845840,0.860359,0.599140,1.745893,-0.084234,-0.465192,0.035253,-0.000303,1.454388,-0.052812,-0.166065,-0.222310,-0.115841,-0.061496,0.414017,-0.122990,-0.020726
-0.086183,-0.034467,0.683287,0.023466,-0.028332,0.110976,0.993142,-0.044786,-0.033866,-0.141853,-1.189610,-0.028714,-2.558759,-1.985243,0.911363,0.694353,1.601251,-0.084496,-0.406615,0.044266,-0.004795,1.354373,-0.049855,-0.163676,-0.227476,-0.107591,-0.064898,0.422884,-0.120132,-0.018090
-0.090262,-0.033408,0.681477,0.017802,-0.029902,0.113387,0.992941,-0.047381,-0.031123,0.023840,-1.276528,-0.032832,-2.574309,-2.111210,0.958040,0.784705,1.453717,-0.085701,-0.348182,0.052667,-0.009729,1.254276,-0.060886,-0.161704,-0.235586,-0.098841,-0.067286,0.434239,-0.117598,-0.015232
-0.094243,-0.031791,0.679615,0.011660,-0.030651,0.115207,0.992800,-0.049988,-0.028458,0.173190,-1.362512,-0.036131,-2.581576,-2.223346,0.996848,0.870275,1.310423,-0.086685,-0.291109,0.060444,-0.014500,1.155529,-0.088510,-0.158790,-0.246566,-0.089739,-0.069008,0.447014,-0.114789,-0.011741
-0.098580,-0.029174,0.677762,0.005482,-0.030509,0.116282,0.992732,-0.052617,-0.025911,0.303792,-1.444100,-0.039330,-2.584931,-2.321241,1.025554,0.953560,1.175903,-0.087383,-0.237298,0.066761,-0.016661,1.060542,-0.129637,-0.154755,-0.260691,-0.081989,-0.071217,0.460363,-0.111003,-0.007353
-0.103257,-0.025791,0.675845,-0.000267,-0.029506,0.116713,0.992727,-0.055287,-0.023523,0.410858,-1.515361,-0.041996,-2.589043,-2.406210,1.046896,1.037126,1.053329,-0.088400,-0.188816,0.071115,-0.014435,0.971179,-0.180691,-0.147932,-0.277618,-0.076527,-0.074850,0.473011,-0.106992,-0.001216
-0.108255,-0.021906,0.673982,-0.005429,-0.027735,0.116108,0.992835,-0.057960,-0.021325,0.491123,-1.568591,-0.043988,-2.595208,-2.479354,1.063595,1.122337,0.944144,-0.089300,-0.146296,0.073070,-0.006955,0.888853,-0.238953,-0.137357,-0.296919,-0.073702,-0.080436,0.484873,-0.101586,0.006497
-0.113614,-0.017943,0.672244,-0.010194,-0.025183,0.114478,0.993054,-0.060615,-0.019333,0.540449,-1.598137,-0.045264,-2.603455,-2.540355,1.075092,1.207233,0.849378,-0.088695,-0.111024,0.073724,0.005040,0.814354,-0.301625,-0.122539,-0.318985,-0.072780,-0.087691,0.496492,-0.092984,0.016027
-0.119412,-0.014033,0.670867,-0.014392,-0.022256,0.111560,0.993404,-0.063237,-0.017572,0.556275,-1.600811,-0.046018,-2.612191,-2.587988,1.081557,1.288318,0.771869,-0.086614,-0.082995,0.073215,0.021381,0.749835,-0.361259,-0.105142,-0.343994,-0.073825,-0.096134,0.509403,-0.078335,0.027832
-0.125882,-0.010406,0.670257,-0.018016,-0.018698,0.107270,0.993891,-0.065816,-0.016057,0.537029,-1.574814,-0.046620,-2.618707,-2.621753,1.082098,1.360160,0.715642,-0.081006,-0.063723,0.072334,0.040802,0.693718,-0.408859,-0.087129,-0.372115,-0.076423,-0.104736,0.524113,-0.056214,0.043037
-0.133203,-0.006998,0.670307,-0.020756,-0.015209,0.101183,0.994535,-0.068283,-0.014758,0.481461,-1.523183,-0.046935,-2.622328,-2.638257,1.074866,1.418024,0.684666,-0.071630,-0.053139,0.070475,0.060855,0.647553,-0.440784,-0.070197,-0.402381,-0.080617,-0.111529,0.543087,-0.029739,0.062443
-0.141037,-0.004423,0.670669,-0.023088,-0.012120,0.093707,0.995258,-0.070560,-0.013619,0.387770,-1.445399,-0.046114,-2.619013,-2.636199,1.058174,1.456410,0.684464,-0.059009,-0.050013,0.069037,0.079094,0.611285,-0.457749,-0.054802,-0.433515,-0.085428,-0.116469,0.569880,-0.004112,0.083354
-0.149416,-0.002694,0.671278,-0.025290,-0.009767,0.085193,0.995996,-0.072595,-0.012568,0.262073,-1.345770,-0.044272,-2.602831,-2.612229,1.028048,1.470884,0.720776,-0.043431,-0.052560,0.068598,0.093447,0.584149,-0.462723,-0.042094,-0.464276,-0.090494,-0.120681,0.608374,0.018869,0.102233
-0.158167,-0.001685,0.671702,-0.027422,-0.008352,0.076211,0.996680,-0.074382,-0.011527,0.110485,-1.232279,-0.040908,-2.571614,-2.563231,0.980473,1.457584,0.800331,-0.025002,-0.059166,0.069410,0.102007,0.564687,-0.459271,-0.033012,-0.493519,-0.095882,-0.123198,0.659966,0.036111,0.117063
-0.166817,-0.001414,0.671697,-0.029386,-0.007981,0.067035,0.997286,-0.075858,-0.010415,-0.060726,-1.115288,-0.035298,-2.529626,-2.484056,0.913581,1.415628,0.928424,-0.005564,-0.067803,0.070619,0.104394,0.551284,-0.451641,-0.026512,-0.519404,-0.100655,-0.124124,0.724939,0.044803,0.126398
-0.174616,-0.001524,0.670702,-0.031491,-0.008198,0.058036,0.997784,-0.077021,-0.009194,-0.246419,-1.005128,-0.027280,-2.478146,-2.376348,0.825494,1.348014,1.104863,0.015369,-0.076659,0.072779,0.102255,0.543559,-0.437342,-0.022770,-0.540187,-0.104161,-0.123557,0.801241,0.041626,0.128085
-0.181174,-0.001915,0.670302,-0.033683,-0.009138,0.049276,0.998175,-0.077876,-0.007862,-0.441668,-0.912161,-0.016279,-2.416887,-2.242270,0.719097,1.262293,1.320601,0.035895,-0.085015,0.075579,0.096110,0.538815,-0.418923,-0.022109,-0.554618,-0.105647,-0.122400,0.886646,0.026790,0.122231
-0.186606,-0.002479,0.672716,-0.035755,-0.010385,0.041122,0.998460,-0.078440,-0.006451,-0.639909,-0.846415,-0.001649,-2.345672,-2.085756,0.603272,1.166972,1.559791,0.054827,-0.091637,0.078209,0.088075,0.534988,-0.399652,-0.023233,-0.562449,-0.105429,-0.121983,0.975917,0.004061,0.110124
-0.191413,-0.002953,0.675005,-0.037530,-0.011727,0.033453,0.998667,-0.078735,-0.005012,-0.834014,-0.815790,0.016967,-2.264368,-1.910192,0.489937,1.071148,1.804989,0.070703,-0.096679,0.079769,0.078870,0.530382,-0.380899,-0.025655,-0.563767,-0.103245,-0.121502,1.062598,-0.020669,0.094879
-0.196114,-0.002849,0.676979,-0.038717,-0.012880,0.026102,0.998826,-0.078805,-0.003598,-1.023173,-0.826706,0.039061,-2.170420,-1.720174,0.391935,0.982645,2.037725,0.083984,-0.100440,0.079647,0.070175,0.524799,-0.364022,-0.028298,-0.559111,-0.099685,-0.118882,1.140543,-0.044087,0.078609
-0.201121,-0.001831,0.678666,-0.039107,-0.014074,0.018929,0.998957,-0.078639,-0.002249,-1.207010,-0.880611,0.062427,-2.058771,-1.521535,0.321017,0.908653,2.239246,0.094973,-0.103133,0.077004,0.063719,0.518931,-0.348172,-0.030844,-0.548575,-0.095740,-0.114873,1.204975,-0.064670,0.063778
-0.206949,0.000484,0.680256,-0.038653,-0.015050,0.012032,0.999067,-0.078287,-0.001006,-1.383203,-0.970520,0.082964,-1.920565,-1.321535,0.285141,0.852945,2.393459,0.104011,-0.105778,0.071833,0.060684,0.513484,-0.331721,-0.033465,-0.532689,-0.093302,-0.110335,1.251859,-0.081094,0.052368
-0.214105,0.003619,0.681251,-0.037026,-0.015653,0.005342,0.999177,-0.077766,0.000128,-1.548725,-1.081569,0.098405,-1.757322,-1.121535,0.291266,0.813589,2.492896,0.109844,-0.109908,0.063620,0.060241,0.507475,-0.318464,-0.035259,-0.512545,-0.093165,-0.105886,1.278610,-0.092743,0.046101
-0.222307,0.007306,0.681739,-0.034324,-0.015914,-0.001150,0.999283,-0.077076,0.001173,-1.701506,-1.199896,0.108123,-1.575768,-0.921535,0.341149,0.782902,2.538760,0.113169,-0.115265,0.052849,0.062998,0.503158,-0.307370,-0.034066,-0.488391,-0.095481,-0.101262,1.283224,-0.101199,0.043747
-0.230746,0.011170,0.681909,-0.030730,-0.015848,-0.007518,0.999374,-0.076218,0.002151,-1.841430,-1.313443,0.111991,-1.383165,-0.721535,0.428576,0.751274,2.542828,0.114774,-0.122050,0.040478,0.068381,0.500030,-0.296821,-0.031112,-0.460031,-0.099211,-0.096166,1.266107,-0.106443,0.043769
-0.238271,0.014989,0.681745,-0.026196,-0.015477,-0.013719,0.999443,-0.075201,0.003071,-1.970074,-1.412836,0.110290,-1.187472,-0.521535,0.542753,0.708460,2.521336,0.115731,-0.129290,0.027018,0.076712,0.498617,-0.287232,-0.026896,-0.426891,-0.103966,-0.090871,1.227363,-0.109923,0.045915
-0.244055,0.018524,0.681390,-0.021110,-0.014818,-0.019910,0.999469,-0.073995,0.003900,-2.087972,-1.490856,0.103659,-0.995512,-0.322404,0.669102,0.646842,2.491745,0.115192,-0.136073,0.013077,0.087226,0.498133,-0.278584,-0.022726,-0.388419,-0.108983,-0.085966,1.167710,-0.113429,0.050017
-0.248088,0.021496,0.680942,-0.015922,-0.013602,-0.026216,0.999437,-0.072612,0.004612,-2.193571,-1.543518,0.093586,-0.817883,-0.140994,0.791925,0.563438,2.468513,0.112513,-0.142597,-0.000153,0.099693,0.498287,-0.271359,-0.018692,-0.345207,-0.113631,-0.082566,1.089512,-0.126816,0.054100
-0.250547,0.023804,0.680366,-0.010650,-0.012192,-0.032762,0.999332,-0.071077,0.005193,-2.285190,-1.572189,0.083266,-0.665376,0.009341,0.898096,0.460265,2.459775,0.109126,-0.148615,-0.012159,0.113551,0.499263,-0.265656,-0.014833,-0.298133,-0.117213,-0.081528,0.999512,-0.151224,0.058002
-0.251746,0.025572,0.679684,-0.005760,-0.010849,-0.039610,0.999140,-0.069395,0.005632,-2.362106,-1.583945,0.075263,-0.543021,0.121419,0.978311,0.341770,2.467208,0.105182,-0.154328,-0.022072,0.129315,0.501371,-0.261995,-0.011597,-0.249555,-0.119890,-0.083587,0.904337,-0.183550,0.059148
-0.252374,0.027101,0.678944,-0.001234,-0.009545,-0.046512,0.998871,-0.067587,0.005929,-2.423617,-1.583993,0.070015,-0.451684,0.190288,1.026669,0.214559,2.489481,0.099831,-0.160437,-0.029876,0.146736,0.504971,-0.260077,-0.009838,-0.202414,-0.121844,-0.089347,0.809802,-0.219770,0.058309
-0.253157,0.028702,0.678310,0.002853,-0.008259,-0.053165,0.998548,-0.065677,0.006094,-2.468766,-1.575284,0.067038,-0.391932,0.212280,1.040491,0.086662,2.520977,0.093054,-0.168864,-0.035620,0.164360,0.512428,-0.257838,-0.009325,-0.159637,-0.124198,-0.096942,0.720924,-0.257380,0.055320
-0.254830,0.030423,0.678001,0.006386,-0.006823,-0.059147,0.998206,-0.063685,0.006142,-2.496081,-1.559643,0.065553,-0.364923,0.184909,1.019937,-0.032902,2.552757,0.085770,-0.182661,-0.039049,0.179443,0.526358,-0.252695,-0.010346,-0.124449,-0.126772,-0.104079,0.642976,-0.294491,0.049973
-0.257858,0.032023,0.678237,0.009344,-0.005228,-0.064100,0.997886,-0.061643,0.006096,-2.502295,-1.536267,0.065119,-0.376320,0.107577,0.969590,-0.135489,2.575223,0.079515,-0.204230,-0.040091,0.189628,0.549124,-0.241291,-0.013012,-0.099279,-0.129172,-0.109251,0.579897,-0.329835,0.042162
-0.262033,0.033279,0.679040,0.012011,-0.003344,-0.067493,0.997642,-0.059573,0.005966,-2.485916,-1.503877,0.065744,-0.430344,-0.002730,0.898800,-0.215460,2.581585,0.074192,-0.235159,-0.038976,0.192843,0.581626,-0.221447,-0.017843,-0.084827,-0.130173,-0.110638,0.533514,-0.352281,0.033823
-0.267042,0.033878,0.680447,0.014315,-0.001209,-0.068952,0.997517,-0.057505,0.005740,-2.445144,-1.460311,0.067190,-0.529336,-0.131697,0.817562,-0.270463,2.570766,0.067326,-0.275486,-0.035648,0.189081,0.624434,-0.190855,-0.024412,-0.080636,-0.130279,-0.108143,0.500639,-0.360703,0.025099
-0.272637,0.033658,0.681828,0.016465,0.000824,-0.068336,0.997526,-0.055479,0.005428,-2.375932,-1.402092,0.068424,-0.675427,-0.270867,0.733851,-0.298400,2.545091,0.058627,-0.322729,-0.030287,0.178337,0.675100,-0.153579,-0.031540,-0.083884,-0.129167,-0.101635,0.477930,-0.359070,0.017231
-0.278149,0.032573,0.682681,0.018508,0.002884,-0.065530,0.997675,-0.053520,0.005031,-2.277723,-1.325779,0.067951,-0.868145,-0.414639,0.654151,-0.299119,2.509774,0.047704,-0.374305,-0.023574,0.162719,0.733006,-0.113536,-0.039662,-0.092031,-0.127634,-0.091719,0.462962,-0.351840,0.009881
-0.283026,0.030799,0.682463,0.020308,0.004801,-0.060355,0.997959,-0.051669,0.004543,-2.153076,-1.232265,0.064485,-1.098226,-0.558560,0.582619,-0.274846,2.468761,0.034820,-0.427470,-0.015662,0.143899,0.795819,-0.075822,-0.047175,-0.102186,-0.125380,-0.080434,0.453222,-0.341688,0.002706
-0.287272,0.028838,0.680857,0.021977,0.006355,-0.053650,0.998298,-0.049971,0.003979,-2.004810,-1.128297,0.057703,-1.350938,-0.698865,0.523165,-0.228537,2.424110,0.019470,-0.478123,-0.008114,0.124304,0.859887,-0.045257,-0.051971,-0.111802,-0.123452,-0.069583,0.445506,-0.331161,-0.004156
-0.291263,0.026976,0.681520,0.023636,0.007445,-0.045636,0.998651,-0.048485,0.003364,-1.836193,-1.025558,0.048230,-1.609824,-0.834359,0.480471,-0.163386,2.377512,0.002105,-0.523436,-0.001897,0.106563,0.922340,-0.024986,-0.053301,-0.119671,-0.122548,-0.060555,0.437921,-0.320610,-0.010241
-0.295407,0.025427,0.682951,0.025045,0.008161,-0.037133,0.998963,-0.047231,0.002742,-1.650647,-0.935446,0.036899,-1.859420,-0.967392,0.459787,-0.082323,2.329367,-0.015447,-0.561484,0.002508,0.091870,0.980849,-0.016301,-0.050339,-0.125618,-0.122489,-0.053773,0.429259,-0.310273,-0.015505
-0.299950,0.024296,0.684244,0.026262,0.008670,-0.028836,0.999201,-0.046191,0.002167,-1.453977,-0.868084,0.024281,-2.084950,-1.104177,0.467462,0.014173,2.276138,-0.031433,-0.591039,0.005203,0.081685,1.033059,-0.020385,-0.044628,-0.130041,-0.122906,-0.049098,0.419455,-0.300070,-0.019764
-0.305049,0.023388,0.685389,0.027221,0.009158,-0.021238,0.999362,-0.045343,0.001652,-1.253977,-0.831717,0.011040,-2.271856,-1.249646,0.508339,0.124820,2.210622,-0.044906,-0.613042,0.006107,0.075606,1.079288,-0.031966,-0.038515,-0.133653,-0.123012,-0.046314,0.408218,-0.289866,-0.022020
-0.310799,0.022381,0.686361,0.027705,0.009409,-0.014658,0.999464,-0.044681,0.001219,-1.053977,-0.831662,-0.001751,-2.411255,-1.404447,0.578805,0.244803,2.124285,-0.054016,-0.627925,0.006172,0.071850,1.117745,-0.046390,-0.032537,-0.136341,-0.122031,-0.044948,0.396415,-0.279220,-0.022908
-0.316831,0.021209,0.687382,0.027721,0.009409,-0.009545,0.999526,-0.044181,0.000884,-0.853977,-0.867955,-0.012986,-2.507097,-1.568034,0.668922,0.370401,2.012576,-0.059726,-0.635120,0.005405,0.069684,1.145809,-0.060197,-0.029028,-0.138189,-0.119985,-0.045184,0.384289,-0.269137,-0.023090
-0.322680,0.019763,0.688413,0.027201,0.009201,-0.005609,0.999572,-0.043805,0.000649,-0.654300,-0.934709,-0.022090,-2.569376,-1.735190,0.771482,0.498118,1.879315,-0.061756,-0.634299,0.004984,0.069377,1.161046,-0.071598,-0.029393,-0.139040,-0.116703,-0.047624,0.372518,-0.259596,-0.023226
-0.327773,0.018049,0.689068,0.025942,0.008825,-0.002887,0.999620,-0.043500,0.000509,-0.460961,-1.021505,-0.029432,-2.608837,-1.900753,0.878695,0.624909,1.729733,-0.060675,-0.624762,0.005482,0.070150,1.160874,-0.081201,-0.033170,-0.138582,-0.111522,-0.052094,0.361631,-0.250742,-0.022904
-0.331750,0.016201,0.689446,0.024160,0.008039,-0.000972,0.999675,-0.043236,0.000452,-0.279363,-1.117326,-0.035655,-2.634014,-2.059222,0.982759,0.747801,1.569707,-0.057833,-0.605676,0.006919,0.072226,1.144041,-0.090308,-0.039394,-0.136219,-0.105346,-0.058329,0.351530,-0.243699,-0.022624
-0.334366,0.014338,0.689514,0.021644,0.006823,0.000315,0.999742,-0.043012,0.000463,-0.112979,-1.212528,-0.041060,-2.651837,-2.202354,1.073781,0.862267,1.406887,-0.053525,-0.577351,0.008902,0.074410,1.110804,-0.097674,-0.047941,-0.131493,-0.097549,-0.065199,0.341956,-0.238582,-0.022928
-0.335538,0.012860,0.689186,0.018343,0.005292,0.001440,0.999817,-0.042831,0.000541,0.034488,-1.300392,-0.045609,-2.669026,-2.323925,1.142567,0.964746,1.251271,-0.048058,-0.539954,0.011647,0.076579,1.060846,-0.102270,-0.059551,-0.124475,-0.088636,-0.072323,0.333455,-0.235040,-0.024193
-0.335710,0.012102,0.688719,0.014667,0.003576,0.002866,0.999882,-0.042696,0.000689,0.159594,-1.377664,-0.049115,-2.689427,-2.422655,1.188792,1.056512,1.112982,-0.042564,-0.495289,0.014310,0.078105,0.994470,-0.109446,-0.070731,-0.115671,-0.079661,-0.079806,0.324967,-0.233311,-0.025525
-0.335500,0.011907,0.687989,0.010443,0.001722,0.004724,0.999933,-0.042612,0.000909,0.259183,-1.442188,-0.051466,-2.713108,-2.498184,1.218709,1.139492,0.998004,-0.035498,-0.444690,0.017169,0.078272,0.916456,-0.123846,-0.077390,-0.106063,-0.069847,-0.087131,0.317176,-0.232476,-0.026191
-0.335273,0.012063,0.687170,0.006096,-0.000014,0.007272,0.999955,-0.042594,0.001201,0.331172,-1.491714,-0.052914,-2.737948,-2.556461,1.237430,1.215536,0.905435,-0.028489,-0.391811,0.019757,0.078217,0.832264,-0.145323,-0.077924,-0.096778,-0.060294,-0.095236,0.310236,-0.232899,-0.025704
-0.335210,0.012441,0.686429,0.001957,-0.001535,0.010533,0.999941,-0.042655,0.001559,0.380133,-1.525038,-0.053789,-2.761123,-2.601745,1.248262,1.285378,0.832746,-0.023097,-0.340241,0.021183,0.078203,0.748123,-0.168789,-0.074222,-0.088498,-0.051634,-0.103255,0.304175,-0.234521,-0.025006
-0.335297,0.012966,0.685848,-0.001626,-0.002670,0.014566,0.999889,-0.042819,0.001961,0.410041,-1.542526,-0.054195,-2.780320,-2.637040,1.253302,1.349049,0.776896,-0.020351,-0.293083,0.020944,0.077394,0.668519,-0.191666,-0.067316,-0.081589,-0.044502,-0.109834,0.298821,-0.236609,-0.024372
-0.335582,0.013520,0.685496,-0.004545,-0.003378,0.019510,0.999794,-0.043114,0.002379,0.423344,-1.545830,-0.054269,-2.793912,-2.665174,1.254074,1.406525,0.735158,-0.020575,-0.252539,0.019491,0.075488,0.597014,-0.213959,-0.057225,-0.076143,-0.039031,-0.114783,0.293838,-0.238889,-0.023559
-0.336136,0.014118,0.685478,-0.006652,-0.003614,0.025166,0.999655,-0.043564,0.002783,0.423077,-1.537527,-0.054086,-2.800906,-2.688177,1.252059,1.457999,0.704590,-0.022437,-0.219903,0.016810,0.072959,0.536470,-0.237524,-0.043353,-0.072111,-0.035503,-0.118327,0.288651,-0.241360,-0.022783
-0.336861,0.014747,0.685565,-0.008382,-0.003588,0.030730,0.999486,-0.044182,0.003149,0.412938,-1.521142,-0.053768,-2.801905,-2.706585,1.247899,1.504105,0.682222,-0.024413,-0.194896,0.013739,0.071149,0.489491,-0.256786,-0.028860,-0.069191,-0.032956,-0.121294,0.283956,-0.243573,-0.022151
-0.337809,0.015564,0.686002,-0.009375,-0.003254,0.035629,0.999316,-0.044964,0.003461,0.396788,-1.500406,-0.053409,-2.797816,-2.721417,1.243557,1.545634,0.665595,-0.026980,-0.177826,0.010306,0.071588,0.454149,-0.267727,-0.017171,-0.067268,-0.032520,-0.124717,0.278970,-0.246185,-0.021662
-0.338952,0.016592,0.686627,-0.009934,-0.002725,0.039161,0.999180,-0.045883,0.003711,0.378082,-1.478598,-0.053175,-2.790900,-2.732988,1.239645,1.583200,0.652636,-0.028614,-0.167333,0.006614,0.072742,0.428889,-0.269932,-0.009960,-0.066211,-0.033224,-0.127332,0.273769,-0.248408,-0.021245
-0.340129,0.017770,0.687269,-0.010275,-0.002130,0.041012,0.999104,-0.046901,0.003891,0.359445,-1.459587,-0.053110,-2.783617,-2.741565,1.236475,1.617424,0.641761,-0.028917,-0.161317,0.003539,0.074290,0.411405,-0.266862,-0.006906,-0.065594,-0.034520,-0.129744,0.268570,-0.250113,-0.019875
-0.341332,0.019074,0.687739,-0.010730,-0.001552,0.040986,0.999101,-0.047963,0.004007,0.343275,-1.443753,-0.053222,-2.778122,-2.746836,1.233257,1.648793,0.631916,-0.026610,-0.157918,0.001763,0.076447,0.399562,-0.261162,-0.007100,-0.065533,-0.035499,-0.132321,0.263900,-0.250721,-0.017115
-0.342487,0.020630,0.688096,-0.011267,-0.001079,0.038773,0.999184,-0.049009,0.004067,0.331119,-1.431428,-0.053519,-2.775743,-2.748566,1.230052,1.677403,0.622995,-0.022036,-0.156010,0.000698,0.079395,0.391958,-0.255135,-0.008847,-0.066027,-0.036504,-0.134804,0.259874,-0.250672,-0.012947
-0.343512,0.022390,0.688268,-0.012009,-0.000758,0.034773,0.999323,-0.049980,0.004088,0.323738,-1.422418,-0.053980,-2.776829,-2.746753,1.225945,1.703124,0.614869,-0.016080,-0.154596,0.000261,0.082736,0.387018,-0.250162,-0.009979,-0.066893,-0.037286,-0.136745,0.256668,-0.249847,-0.007736
-0.344396,0.024437,0.688339,-0.012520,-0.000521,0.029553,0.999485,-0.050829,0.004083,0.320565,-1.416059,-0.054535,-2.780493,-2.741865,1.220850,1.725657,0.608238,-0.010589,-0.153945,-0.000918,0.085605,0.384687,-0.246407,-0.009594,-0.068233,-0.038623,-0.136999,0.254224,-0.248137,-0.001462
-0.345152,0.026631,0.688197,-0.013131,-0.000472,0.023744,0.999632,-0.051523,0.004074,0.320294,-1.411331,-0.055133,-2.785536,-2.733654,1.213225,1.744815,0.603875,-0.006753,-0.153822,-0.002461,0.087857,0.384635,-0.243940,-0.007582,-0.069868,-0.040006,-0.135491,0.252838,-0.245738,0.006286
-0.345822,0.028901,0.687867,-0.013810,-0.000647,0.017959,0.999743,-0.052062,0.004081,0.321425,-1.406800,-0.055657,-2.790419,-2.721580,1.201665,1.760313,0.603046,-0.005136,-0.153740,-0.004091,0.090246,0.386264,-0.241956,-0.004497,-0.071624,-0.041534,-0.133120,0.252793,-0.243069,0.015143
-0.346560,0.031267,0.687394,-0.014485,-0.001061,0.012516,0.999816,-0.052464,0.004133,0.322209,-1.399796,-0.056024,-2.793640,-2.704870,1.185482,1.771980,0.606955,-0.005121,-0.153870,-0.005620,0.093204,0.388542,-0.241315,0.000220,-0.073709,-0.043556,-0.130404,0.254371,-0.240573,0.024468
-0.347351,0.033707,0.686819,-0.015054,-0.001739,0.007492,0.999857,-0.052750,0.004264,0.320948,-1.390414,-0.056283,-2.793615,-2.683133,1.164433,1.779009,0.617431,-0.006995,-0.153844,-0.007374,0.097477,0.391747,-0.241957,0.005712,-0.076100,-0.046406,-0.128351,0.258100,-0.239111,0.034291
-0.348242,0.036151,0.685969,-0.015611,-0.002674,0.003038,0.999870,-0.052944,0.004509,0.316293,-1.377738,-0.056348,-2.788566,-2.655235,1.137453,1.780849,0.636129,-0.009389,-0.153651,-0.008681,0.103230,0.395643,-0.242588,0.011503,-0.079546,-0.049736,-0.128120,0.265745,-0.238360,0.044373
-0.349365,0.038713,0.684924,-0.015958,-0.003626,-0.001159,0.999865,-0.053059,0.004894,0.306856,-1.361321,-0.056159,-2.776800,-2.621153,1.105916,1.775768,0.666740,-0.013280,-0.154135,-0.010027,0.110842,0.401055,-0.243177,0.017076,-0.085520,-0.054394,-0.130381,0.278542,-0.239055,0.054869
-0.350666,0.041060,0.682911,-0.016829,-0.004624,-0.005282,0.999834,-0.053110,0.005435,0.292552,-1.339786,-0.055662,-2.757864,-2.578465,1.067628,1.763713,0.711513,-0.017917,-0.155354,-0.009191,0.120395,0.407968,-0.245450,0.023315,-0.095363,-0.058738,-0.136641,0.300998,-0.239276,0.065351
-0.352081,0.043236,0.681784,-0.018072,-0.005647,-0.009351,0.999777,-0.053108,0.006138,0.273111,-1.312237,-0.054593,-2.730707,-2.526245,1.022303,1.744612,0.770790,-0.022333,-0.157725,-0.006779,0.131845,0.417375,-0.249002,0.029693,-0.109506,-0.064149,-0.146505,0.335016,-0.239621,0.073495
-0.353572,0.045140,0.681172,-0.019562,-0.006607,-0.013317,0.999698,-0.053054,0.007001,0.248071,-1.278170,-0.052746,-2.694669,-2.462826,0.970240,1.718538,0.845750,-0.026645,-0.161998,-0.002876,0.143889,0.429998,-0.254214,0.035926,-0.129048,-0.070859,-0.159356,0.383530,-0.239326,0.078326
-0.355082,0.046719,0.680484,-0.021181,-0.007461,-0.016915,0.999605,-0.052952,0.008000,0.215905,-1.235381,-0.049547,-2.649918,-2.386629,0.911079,1.685456,0.937137,-0.030763,-0.168445,0.002391,0.155704,0.447065,-0.260332,0.041729,-0.154314,-0.079678,-0.174553,0.447353,-0.238593,0.079087
-0.356399,0.047707,0.680028,-0.023413,-0.008020,-0.020207,0.999489,-0.052808,0.009093,0.177554,-1.184863,-0.044728,-2.598396,-2.295987,0.845437,1.645573,1.045304,-0.033769,-0.177579,0.009876,0.165928,0.468257,-0.265733,0.046231,-0.184999,-0.089428,-0.190799,0.527376,-0.238103,0.075282
-0.357318,0.048068,0.679639,-0.026072,-0.008224,-0.023240,0.999356,-0.052621,0.010217,0.134435,-1.128534,-0.038125,-2.544626,-2.189707,0.774550,1.599865,1.169627,-0.035185,-0.189129,0.019245,0.174106,0.492295,-0.272363,0.048039,-0.221051,-0.100726,-0.206447,0.622191,-0.238825,0.066832
-0.357520,0.047888,0.679471,-0.029183,-0.008217,-0.026066,0.999200,-0.052398,0.011312,0.089082,-1.067615,-0.030019,-2.495653,-2.066071,0.699460,1.550156,1.307325,-0.034467,-0.201677,0.030137,0.179387,0.518802,-0.278609,0.046761,-0.260592,-0.112518,-0.220171,0.729666,-0.241090,0.055071
-0.356801,0.047368,0.679446,-0.032181,-0.007792,-0.028840,0.999035,-0.052142,0.012306,0.041974,-1.003016,-0.020865,-2.458162,-1.926812,0.621736,1.495944,1.453084,-0.031267,-0.215182,0.040945,0.180906,0.545610,-0.283762,0.042198,-0.302489,-0.126363,-0.228879,0.843668,-0.246682,0.040793
-0.355042,0.046397,0.679502,-0.035178,-0.006808,-0.031590,0.998858,-0.051859,0.013117,-0.005904,-0.936044,-0.011317,-2.436426,-1.773601,0.543364,1.436055,1.604638,-0.025612,-0.228842,0.051719,0.178789,0.570904,-0.288816,0.035413,-0.345762,-0.140639,-0.232349,0.959813,-0.254325,0.027142
-0.352302,0.044973,0.679697,-0.038245,-0.005263,-0.034481,0.998659,-0.051551,0.013669,-0.053508,-0.867074,-0.002307,-2.433733,-1.608292,0.466094,1.369923,1.759334,-0.017790,-0.241603,0.062525,0.174022,0.593000,-0.293622,0.027193,-0.388493,-0.154739,-0.230827,1.071597,-0.264291,0.016449
-0.348628,0.043081,0.680146,-0.041545,-0.002981,-0.037591,0.998425,-0.051216,0.013891,-0.099536,-0.797096,0.005031,-2.451181,-1.434106,0.390000,1.296545,1.914606,-0.008260,-0.253263,0.073353,0.167200,0.610299,-0.297877,0.017641,-0.429654,-0.167688,-0.224398,1.174258,-0.276103,0.009947
-0.344317,0.040878,0.680642,-0.044634,-0.000342,-0.040714,0.998173,-0.050856,0.013734,-0.143480,-0.723869,0.010096,-2.485832,-1.254984,0.314798,1.214835,2.066554,0.001365,-0.262915,0.083729,0.159513,0.622586,-0.302458,0.007736,-0.467942,-0.180382,-0.214206,1.263194,-0.288751,0.007800
-0.339712,0.038405,0.681319,-0.047561,0.002709,-0.043722,0.997907,-0.050471,0.013157,-0.185016,-0.644321,0.012427,-2.532256,-1.076567,0.240051,1.122731,2.210434,0.010322,-0.270554,0.093425,0.151659,0.629890,-0.306112,-0.001125,-0.501770,-0.192388,-0.201580,1.334818,-0.301116,0.009824
-0.335321,0.035424,0.682021,-0.050280,0.006213,-0.046369,0.997639,-0.050063,0.012131,-0.223911,-0.556128,0.012116,-2.581366,-0.905264,0.164232,1.018690,2.340217,0.018247,-0.277074,0.102748,0.144103,0.631384,-0.309822,-0.008360,-0.531111,-0.204099,-0.187727,1.387155,-0.310510,0.015308
-0.331664,0.032198,0.682744,-0.052801,0.009870,-0.048512,0.997377,-0.049627,0.010646,-0.258000,-0.458648,0.009404,-2.624254,-0.747459,0.090695,0.902583,2.453619,0.024544,-0.281828,0.111405,0.137731,0.627777,-0.313398,-0.013887,-0.554803,-0.214990,-0.174223,1.418460,-0.316720,0.023891
-0.329130,0.028921,0.683568,-0.054857,0.013407,-0.050125,0.997145,-0.049163,0.008729,-0.285985,-0.352491,0.004670,-2.654346,-0.609848,0.022728,0.776511,2.548595,0.028474,-0.284828,0.119035,0.132269,0.619859,-0.314967,-0.017761,-0.572107,-0.225258,-0.161112,1.427922,-0.320361,0.033882
-0.327773,0.025730,0.684500,-0.056528,0.016610,-0.051136,0.996952,-0.048671,0.006434,-0.307529,-0.241094,-0.001440,-2.666884,-0.500558,-0.037459,0.642191,2.620185,0.030677,-0.285911,0.125351,0.127564,0.607347,-0.314537,-0.020472,-0.582329,-0.234315,-0.148407,1.415778,-0.321700,0.044841
-0.327626,0.022704,0.685438,-0.057604,0.019271,-0.051712,0.996813,-0.048154,0.003845,-0.323402,-0.129496,-0.008452,-2.658874,-0.424217,-0.085967,0.500364,2.663586,0.031470,-0.284458,0.130128,0.123505,0.590440,-0.312431,-0.022568,-0.584807,-0.242000,-0.135693,1.382836,-0.320417,0.055699
-0.328504,0.019749,0.686410,-0.057945,0.021473,-0.051811,0.996743,-0.047616,0.001049,-0.334757,-0.021673,-0.015780,-2.628672,-0.381736,-0.122310,0.353839,2.677720,0.031367,-0.280785,0.132883,0.119992,0.569281,-0.308245,-0.024011,-0.579592,-0.247808,-0.122929,1.330209,-0.315171,0.066931
-0.330266,0.017006,0.687241,-0.057573,0.023097,-0.051524,0.996743,-0.047071,-0.001847,-0.343924,0.079191,-0.023072,-2.576874,-0.369068,-0.146273,0.206960,2.662670,0.031400,-0.274735,0.133746,0.116841,0.544104,-0.303226,-0.023628,-0.566611,-0.251505,-0.109632,1.260295,-0.300909,0.080127
-0.332521,0.014535,0.688134,-0.056459,0.024098,-0.050955,0.996813,-0.046529,-0.004737,-0.351959,0.169911,-0.029959,-2.506131,-0.379088,-0.158572,0.064979,2.621862,0.032542,-0.266277,0.132370,0.113643,0.516615,-0.295227,-0.022026,-0.545742,-0.253007,-0.094347,1.174273,-0.276086,0.097193
-0.334950,0.012176,0.689732,-0.054549,0.024573,-0.050004,0.996955,-0.046006,-0.007538,-0.360870,0.248030,-0.035971,-2.418823,-0.403930,-0.162917,-0.067313,2.558200,0.034519,-0.255765,0.128762,0.109817,0.487118,-0.285292,-0.021194,-0.517351,-0.252953,-0.075773,1.074129,-0.246251,0.118181
-0.337192,0.009908,0.691502,-0.051884,0.024773,-0.048817,0.997152,-0.045519,-0.010194,-0.370741,0.313317,-0.040701,-2.318350,-0.436133,-0.164143,-0.187342,2.473767,0.038100,-0.244152,0.123162,0.105159,0.456881,-0.274444,-0.021650,-0.482957,-0.252192,-0.053845,0.965115,-0.213338,0.141691
-0.339157,0.007620,0.692819,-0.048455,0.024893,-0.047326,0.997393,-0.045076,-0.012695,-0.380714,0.367413,-0.043717,-2.206988,-0.467969,-0.167083,-0.292453,2.372511,0.043728,-0.232606,0.115597,0.098699,0.427738,-0.262295,-0.023801,-0.444768,-0.251836,-0.028744,0.853698,-0.172340,0.167898
-0.340802,0.005262,0.693673,-0.044386,0.024946,-0.045470,0.997667,-0.044688,-0.015041,-0.388096,0.412799,-0.044764,-2.087226,-0.494147,-0.175042,-0.378586,2.259084,0.051521,-0.222180,0.106515,0.089952,0.400903,-0.249645,-0.026882,-0.404513,-0.252239,-0.001365,0.744047,-0.123064,0.195756
-0.342212,0.002924,0.694065,-0.039989,0.025122,-0.043552,0.997934,-0.044364,-0.017252,-0.391533,0.450819,-0.043961,-1.962979,-0.512554,-0.188194,-0.443483,2.136410,0.062477,-0.213652,0.096575,0.078437,0.377347,-0.236941,-0.030408,-0.364033,-0.253561,0.027820,0.640957,-0.069121,0.224460
-0.343429,0.000524,0.694062,-0.035414,0.025515,-0.041617,0.998180,-0.044100,-0.019386,-0.388891,0.481545,-0.041304,-1.836356,-0.524779,-0.205865,-0.487512,2.006426,0.075670,-0.207818,0.086298,0.064470,0.358134,-0.224305,-0.035785,-0.325309,-0.256609,0.055431,0.547644,-0.026857,0.250221
-0.344500,-0.002031,0.693970,-0.030636,0.026103,-0.039713,0.998400,-0.043898,-0.021488,-0.380156,0.503860,-0.037219,-1.708879,-0.532870,-0.228503,-0.510597,1.872265,0.088927,-0.204322,0.076067,0.048952,0.342587,-0.214248,-0.042300,-0.290079,-0.261515,0.078830,0.468696,-0.001407,0.270706
-0.345429,-0.004810,0.693587,-0.025715,0.026807,-0.038036,0.998586,-0.043753,-0.023580,-0.365818,0.516888,-0.032144,-1.581924,-0.539287,-0.255441,-0.513491,1.735081,0.100491,-0.202353,0.066474,0.034054,0.330616,-0.205214,-0.048837,-0.259989,-0.267542,0.096276,0.406597,0.011290,0.283782
-0.346365,-0.007960,0.693075,-0.020846,0.027629,-0.036642,0.998729,-0.043653,-0.025682,-0.347624,0.520913,-0.026430,-1.457071,-0.544357,-0.285041,-0.496723,1.596083,0.108714,-0.201350,0.058393,0.020984,0.320997,-0.197072,-0.056100,-0.236067,-0.273489,0.107966,0.360171,0.015495,0.291161
-0.347299,-0.011559,0.692546,-0.016142,0.028484,-0.035573,0.998831,-0.043583,-0.027786,-0.326256,0.515976,-0.020608,-1.335528,-0.548251,-0.315639,-0.461846,1.456909,0.113369,-0.200381,0.052420,0.011137,0.312362,-0.190331,-0.063517,-0.217965,-0.278726,0.114277,0.326620,0.007382,0.292428
-0.348237,-0.015546,0.692032,-0.011668,0.029491,-0.034962,0.998885,-0.043525,-0.029891,-0.302114,0.502860,-0.014859,-1.217468,-0.548994,-0.345092,-0.410584,1.319969,0.114088,-0.199082,0.048343,0.004065,0.303885,-0.184407,-0.071296,-0.205744,-0.282849,0.116695,0.304539,-0.012183,0.289172
-0.349232,-0.019976,0.691610,-0.007426,0.030527,-0.034693,0.998904,-0.043454,-0.031987,-0.274847,0.481581,-0.009549,-1.102462,-0.545536,-0.371417,-0.345734,1.186748,0.110917,-0.197222,0.046384,0.000756,0.295264,-0.179994,-0.079783,-0.198872,-0.285791,0.114928,0.291590,-0.040293,0.282349
-0.350251,-0.024855,0.691153,-0.003442,0.031572,-0.034712,0.998893,-0.043352,-0.034042,-0.244189,0.453012,-0.005014,-0.990992,-0.536326,-0.393035,-0.269954,1.058611,0.103256,-0.194607,0.046397,0.001126,0.286816,-0.176152,-0.088644,-0.196641,-0.286557,0.112041,0.285246,-0.065871,0.274560
-0.351315,-0.030133,0.690642,0.000082,0.032536,-0.034929,0.998860,-0.043203,-0.036029,-0.209106,0.418713,-0.001167,-0.883449,-0.521573,-0.406264,-0.187753,0.935477,0.092813,-0.191754,0.048770,0.004733,0.278889,-0.172155,-0.097957,-0.197794,-0.284828,0.109509,0.282480,-0.086105,0.267360
-0.352485,-0.035719,0.690074,0.003036,0.033570,-0.035073,0.998816,-0.042999,-0.037934,-0.168070,0.380467,0.001919,-0.781109,-0.499915,-0.408666,-0.103634,0.817893,0.082146,-0.189868,0.053227,0.009565,0.272484,-0.168230,-0.107524,-0.201364,-0.281017,0.107672,0.282456,-0.100919,0.260877
-0.353703,-0.041575,0.689420,0.005359,0.034488,-0.034852,0.998783,-0.042745,-0.039724,-0.120099,0.338349,0.004088,-0.685446,-0.470493,-0.398365,-0.021609,0.704746,0.073052,-0.189162,0.059494,0.013826,0.268107,-0.164312,-0.117278,-0.205524,-0.275378,0.106251,0.284423,-0.112508,0.254657
-0.354913,-0.047565,0.688688,0.007197,0.035394,-0.033997,0.998769,-0.042462,-0.041387,-0.066505,0.292675,0.005475,-0.599528,-0.432371,-0.373628,0.053744,0.594136,0.065692,-0.190320,0.066902,0.016764,0.266051,-0.160554,-0.126983,-0.209906,-0.268415,0.104720,0.288021,-0.121916,0.247676
-0.355999,-0.053742,0.687810,0.008501,0.036059,-0.032422,0.998787,-0.042167,-0.042906,-0.009267,0.243044,0.006093,-0.527157,-0.385809,-0.333954,0.117550,0.483846,0.060122,-0.192936,0.075604,0.018867,0.266792,-0.157045,-0.136285,-0.213385,-0.260149,0.102162,0.292755,-0.130631,0.240181
-0.356794,-0.060075,0.686727,0.009327,0.036474,-0.030027,0.998840,-0.041882,-0.044264,0.048727,0.189531,0.006141,-0.472128,-0.329972,-0.279239,0.165798,0.374122,0.055698,-0.196901,0.085338,0.019476,0.270329,-0.153280,-0.145177,-0.215770,-0.250668,0.099205,0.298161,-0.139532,0.231698
-0.357163,-0.066594,0.685425,0.009818,0.036718,-0.026825,0.998917,-0.041634,-0.045456,0.106041,0.131691,0.005889,-0.436879,-0.263690,-0.210172,0.196222,0.268724,0.052939,-0.201934,0.095761,0.017946,0.276032,-0.148932,-0.154346,-0.216889,-0.240226,0.096205,0.304439,-0.148527,0.222347
-0.356962,-0.073315,0.684183,0.009933,0.036596,-0.022896,0.999018,-0.041441,-0.046463,0.161910,0.070145,0.005352,-0.423700,-0.187192,-0.128552,0.208012,0.172567,0.051946,-0.207236,0.106913,0.014390,0.283130,-0.144915,-0.164009,-0.216569,-0.229040,0.093083,0.311941,-0.158652,0.209983
-0.356041,-0.080295,0.683451,0.009667,0.035920,-0.018249,0.999141,-0.041316,-0.047257,0.215410,0.005796,0.004681,-0.434031,-0.103554,-0.036713,0.201873,0.092920,0.052138,-0.212302,0.118988,0.009534,0.292084,-0.141435,-0.174773,-0.214368,-0.216768,0.089355,0.320381,-0.169484,0.195950
-0.354500,-0.087476,0.682744,0.009329,0.035004,-0.012977,0.999259,-0.041263,-0.047849,0.264828,-0.060897,0.004005,-0.467536,-0.016481,0.061791,0.179124,0.037927,0.051963,-0.217445,0.131267,0.004011,0.302397,-0.137654,-0.186058,-0.211586,-0.204074,0.085256,0.329880,-0.180655,0.181246
-0.352414,-0.094916,0.682050,0.008750,0.033809,-0.007198,0.999364,-0.041274,-0.048238,0.309592,-0.128890,0.003319,-0.521959,0.072021,0.164176,0.142769,0.015314,0.050361,-0.222849,0.144360,-0.001893,0.314687,-0.134009,-0.197321,-0.208689,-0.190476,0.081335,0.340414,-0.192482,0.166515
-0.349878,-0.102603,0.681791,0.007996,0.032287,-0.000695,0.999446,-0.041346,-0.048426,0.350146,-0.196835,0.002654,-0.593973,0.159618,0.267984,0.096179,0.030285,0.046412,-0.228757,0.158177,-0.008065,0.329773,-0.130767,-0.208607,-0.205947,-0.176153,0.077589,0.352636,-0.204330,0.151620
-0.347116,-0.110443,0.681697,0.007254,0.030807,0.006483,0.999478,-0.041483,-0.048432,0.386412,-0.263259,0.002128,-0.679794,0.243220,0.371161,0.042635,0.084479,0.039445,-0.236570,0.172259,-0.014056,0.348324,-0.128443,-0.220569,-0.204560,-0.161577,0.074393,0.366552,-0.216591,0.136795
-0.344257,-0.118453,0.681466,0.006612,0.029246,0.014604,0.999444,-0.041692,-0.048276,0.416793,-0.327201,0.001796,-0.775026,0.319659,0.472167,-0.014294,0.175875,0.029604,-0.246928,0.186316,-0.019522,0.372218,-0.124247,-0.233070,-0.204499,-0.147074,0.071215,0.382749,-0.229073,0.121905
-0.341582,-0.126586,0.681043,0.006232,0.027841,0.023790,0.999310,-0.041988,-0.048000,0.438356,-0.388195,0.001827,-0.874583,0.386206,0.570010,-0.070814,0.297691,0.017623,-0.261961,0.200078,-0.024566,0.401794,-0.115372,-0.245371,-0.206389,-0.133122,0.067724,0.401374,-0.242605,0.107538
-0.339292,-0.134723,0.680526,0.006198,0.026883,0.033893,0.999045,-0.042382,-0.047671,0.449521,-0.447231,0.002266,-0.973080,0.441397,0.664269,-0.122492,0.439291,0.004141,-0.282482,0.212630,-0.029582,0.436697,-0.102757,-0.255810,-0.211083,-0.120181,0.064078,0.422423,-0.256394,0.093801
-0.337392,-0.142803,0.679820,0.006391,0.026031,0.044667,0.998642,-0.042883,-0.047334,0.450375,-0.505009,0.003136,-1.066078,0.483829,0.754834,-0.165035,0.588751,-0.008796,-0.308239,0.223871,-0.034187,0.477369,-0.087343,-0.263362,-0.217507,-0.108244,0.059769,0.445423,-0.270946,0.080113
-0.335956,-0.150648,0.679071,0.007018,0.025205,0.055698,0.998105,-0.043495,-0.047006,0.441436,-0.562586,0.004538,-1.150801,0.511186,0.840384,-0.194735,0.734737,-0.020109,-0.337927,0.233159,-0.037106,0.522910,-0.071647,-0.267796,-0.224967,-0.097964,0.054440,0.469689,-0.285244,0.066306
-0.335159,-0.158108,0.678269,0.008095,0.024725,0.066437,0.997451,-0.044204,-0.046734,0.422926,-0.621295,0.006311,-1.225942,0.520706,0.919636,-0.208431,0.868860,-0.027594,-0.371480,0.240140,-0.036468,0.571856,-0.060831,-0.267836,-0.234112,-0.089852,0.047573,0.494629,-0.299622,0.052816
-0.334947,-0.165089,0.677476,0.009641,0.024168,0.076797,0.996707,-0.044986,-0.046538,0.395706,-0.682000,0.008386,-1.291290,0.512195,0.991315,-0.204025,0.985552,-0.031143,-0.406812,0.244663,-0.032010,0.624495,-0.052963,-0.263258,-0.243550,-0.084021,0.038771,0.519476,-0.312746,0.040493
-0.335415,-0.171490,0.676720,0.011555,0.023775,0.086511,0.995900,-0.045809,-0.046423,0.361145,-0.745623,0.010764,-1.348274,0.485534,1.055016,-0.181259,1.082227,-0.030837,-0.443290,0.246920,-0.023829,0.678399,-0.052091,-0.251554,-0.253059,-0.080958,0.028021,0.542762,-0.325022,0.029157
-0.336505,-0.177310,0.676191,0.013578,0.023420,0.095455,0.995066,-0.046648,-0.046397,0.321063,-0.810891,0.013247,-1.399805,0.442285,1.111053,-0.141743,1.158676,-0.027524,-0.478878,0.246800,-0.012684,0.733255,-0.059226,-0.233622,-0.262052,-0.079869,0.015759,0.563246,-0.334816,0.016741
-0.338157,-0.182577,0.675880,0.015782,0.023023,0.103630,0.994224,-0.047475,-0.046432,0.276657,-0.877280,0.015756,-1.448456,0.385438,1.159435,-0.088909,1.218209,-0.022288,-0.511387,0.244120,0.001375,0.787076,-0.072714,-0.213796,-0.269608,-0.080668,0.002688,0.579895,-0.342382,0.004830
-0.340270,-0.187392,0.675851,0.018188,0.022696,0.111485,0.993340,-0.048276,-0.046495,0.227939,-0.943447,0.018377,-1.496406,0.319063,1.201354,-0.027648,1.266660,-0.017014,-0.540039,0.239277,0.017432,0.838316,-0.091032,-0.195436,-0.275538,-0.083124,-0.010753,0.591769,-0.346879,-0.004814
-0.342686,-0.191911,0.676084,0.020590,0.022270,0.119359,0.992388,-0.049041,-0.046567,0.174847,-1.007411,0.021020,-1.544389,0.246643,1.238081,0.037294,1.310113,-0.012547,-0.564335,0.232746,0.033995,0.886101,-0.111299,-0.178834,-0.279126,-0.086524,-0.024415,0.598490,-0.348937,-0.013588
-0.345245,-0.196269,0.676620,0.022918,0.021805,0.127637,0.991316,-0.049789,-0.046614,0.117375,-1.067119,0.023823,-1.592792,0.171287,1.270405,0.102187,1.353314,-0.010311,-0.583712,0.224637,0.049850,0.928960,-0.128230,-0.166364,-0.279786,-0.090070,-0.037890,0.598838,-0.348459,-0.021138
-0.347799,-0.200545,0.677367,0.025132,0.021109,0.136452,0.990103,-0.050544,-0.046605,0.055964,-1.122327,0.026718,-1.640962,0.094886,1.299409,0.164103,1.399702,-0.009843,-0.596984,0.215116,0.064205,0.964069,-0.142440,-0.157262,-0.276660,-0.093635,-0.051205,0.592727,-0.346502,-0.027353
-0.350225,-0.204797,0.678361,0.026993,0.020191,0.145779,0.988743,-0.051331,-0.046519,-0.009132,-1.171804,0.029586,-1.688445,0.018289,1.325758,0.220871,1.450728,-0.010799,-0.604189,0.204645,0.077058,0.990483,-0.152121,-0.153552,-0.270055,-0.096193,-0.064302,0.580798,-0.341915,-0.032777
-0.352428,-0.208999,0.679944,0.028750,0.019254,0.155696,0.987199,-0.052178,-0.046345,-0.078238,-1.216415,0.032380,-1.733960,-0.058124,1.348764,0.271518,1.506563,-0.013598,-0.605502,0.193388,0.089389,1.007191,-0.157614,-0.155479,-0.260334,-0.098446,-0.077397,0.563470,-0.335393,-0.036138
-0.354357,-0.213064,0.681627,0.030234,0.018003,0.165748,0.985540,-0.053100,-0.046069,-0.150385,-1.255728,0.034962,-1.776655,-0.134804,1.369239,0.314692,1.566007,-0.016863,-0.600588,0.182310,0.101265,1.013800,-0.159447,-0.161216,-0.247198,-0.099811,-0.090632,0.541692,-0.325869,-0.038353
-0.356084,-0.216989,0.683416,0.031395,0.016766,0.175691,0.983802,-0.054115,-0.045710,-0.225526,-1.290401,0.037156,-1.815568,-0.212318,1.386800,0.349991,1.626752,-0.019299,-0.590332,0.171276,0.113071,1.009407,-0.159322,-0.167483,-0.232203,-0.100068,-0.104053,0.516260,-0.315093,-0.040174
-0.357617,-0.220666,0.685097,0.032263,0.015644,0.185259,0.982035,-0.055231,-0.045283,-0.302418,-1.321238,0.038879,-1.850425,-0.290634,1.401992,0.378050,1.686113,-0.020105,-0.575010,0.160223,0.124889,0.994192,-0.157311,-0.174007,-0.215859,-0.099678,-0.117706,0.488704,-0.303486,-0.040176
-0.358144,-0.224457,0.686498,0.032879,0.014435,0.194245,0.980296,-0.056440,-0.044805,-0.379626,-1.348279,0.039720,-1.881883,-0.374006,1.421776,0.408151,1.752377,-0.018996,-0.554605,0.149852,0.136005,0.969252,-0.152694,-0.178874,-0.198370,-0.098111,-0.131938,0.460781,-0.291521,-0.039560
-0.357479,-0.228111,0.687591,0.033074,0.013367,0.202375,0.978658,-0.057733,-0.044333,-0.455130,-1.367281,0.039595,-1.913656,-0.463035,1.443924,0.449271,1.826277,-0.016207,-0.529919,0.140952,0.146721,0.935171,-0.147491,-0.182780,-0.180191,-0.094589,-0.146979,0.433299,-0.280395,-0.039640
-0.356292,-0.231383,0.688452,0.032888,0.012327,0.209515,0.977175,-0.059093,-0.043899,-0.526594,-1.381647,0.038867,-1.944309,-0.550761,1.463480,0.491871,1.895277,-0.011603,-0.500982,0.133085,0.157406,0.892096,-0.143188,-0.186654,-0.162272,-0.089872,-0.162464,0.407113,-0.270769,-0.040025
-0.354768,-0.234205,0.688982,0.032199,0.011328,0.215462,0.975915,-0.060488,-0.043522,-0.592447,-1.392656,0.037681,-1.972405,-0.634943,1.481127,0.532822,1.957303,-0.004806,-0.468591,0.126348,0.167668,0.841402,-0.139922,-0.191230,-0.145480,-0.083810,-0.177891,0.383499,-0.262875,-0.039855
-0.353013,-0.236720,0.689360,0.031074,0.010601,0.220477,0.974840,-0.061897,-0.043241,-0.652301,-1.400372,0.036275,-1.997350,-0.712989,1.496753,0.571741,2.012052,0.003061,-0.434689,0.120747,0.177256,0.784962,-0.137279,-0.195383,-0.131034,-0.076986,-0.193373,0.363155,-0.257955,-0.039523
-0.350974,-0.238912,0.689444,0.029515,0.009894,0.224565,0.973962,-0.063295,-0.043064,-0.704003,-1.404242,0.034838,-2.019145,-0.782480,1.510332,0.609104,2.060337,0.010833,-0.399511,0.116726,0.185784,0.725724,-0.134321,-0.199889,-0.118358,-0.069534,-0.208681,0.346743,-0.255204,-0.039911
-0.348729,-0.240857,0.689286,0.027629,0.009299,0.227851,0.973260,-0.064671,-0.043010,-0.746420,-1.403980,0.033593,-2.037956,-0.841346,1.521674,0.645328,2.103395,0.017775,-0.364354,0.114085,0.192660,0.665351,-0.134435,-0.202133,-0.107923,-0.061474,-0.223174,0.333988,-0.254032,-0.041096
-0.347068,-0.242112,0.689084,0.025666,0.008922,0.230533,0.972685,-0.066023,-0.043083,-0.779097,-1.400749,0.032971,-2.052902,-0.883701,1.524465,0.672184,2.132046,0.023302,-0.330850,0.111514,0.198437,0.606595,-0.138711,-0.202521,-0.099942,-0.054178,-0.235920,0.324457,-0.254232,-0.042766
-0.346295,-0.242889,0.688930,0.023874,0.008905,0.232882,0.972171,-0.067350,-0.043266,-0.802780,-1.399041,0.033057,-2.061236,-0.908764,1.520909,0.682520,2.144646,0.026781,-0.301209,0.107948,0.202337,0.552151,-0.143889,-0.200774,-0.095337,-0.048629,-0.245368,0.318043,-0.254431,-0.044326
-0.345746,-0.243397,0.688731,0.022420,0.009095,0.234960,0.971704,-0.068658,-0.043556,-0.818934,-1.396490,0.033468,-2.064832,-0.923102,1.515692,0.687426,2.153261,0.026932,-0.275902,0.103865,0.203674,0.504511,-0.147683,-0.196505,-0.092933,-0.044453,-0.250798,0.314237,-0.254351,-0.045471
-0.345248,-0.243698,0.688609,0.021392,0.009408,0.236980,0.971233,-0.069963,-0.043958,-0.828104,-1.392810,0.034146,-2.065358,-0.928672,1.508932,0.690961,2.160267,0.023752,-0.255056,0.099430,0.202730,0.464463,-0.150016,-0.189338,-0.091725,-0.041467,-0.252343,0.311563,-0.254214,-0.046105
-0.344735,-0.243839,0.688541,0.020685,0.009809,0.239141,0.970715,-0.071282,-0.044472,-0.832122,-1.388800,0.035015,-2.063810,-0.927562,1.501078,0.694780,2.167041,0.018395,-0.238673,0.095147,0.200696,0.432348,-0.151561,-0.180055,-0.090913,-0.039443,-0.251411,0.309239,-0.253775,-0.046324
-0.344244,-0.243771,0.688570,0.020329,0.010302,0.241155,0.970219,-0.072627,-0.045102,-0.832689,-1.384786,0.035848,-2.061262,-0.922699,1.493096,0.699387,2.173832,0.012050,-0.226648,0.090986,0.198761,0.408191,-0.153069,-0.169510,-0.090172,-0.038388,-0.249080,0.306686,-0.253010,-0.046118
-0.343772,-0.243527,0.688671,0.020212,0.010899,0.242835,0.969796,-0.073996,-0.045840,-0.831716,-1.381031,0.036475,-2.058418,-0.917051,1.485787,0.704514,2.180435,0.005447,-0.218890,0.087355,0.197646,0.391664,-0.152954,-0.161238,-0.089385,-0.038052,-0.245864,0.303676,-0.251797,-0.045447
-0.343365,-0.243135,0.688804,0.020166,0.011555,0.243795,0.969548,-0.075370,-0.046683,-0.830402,-1.377156,0.036833,-2.056288,-0.912891,1.479701,0.709668,2.186190,0.000289,-0.214479,0.084820,0.197445,0.381357,-0.150951,-0.155460,-0.088716,-0.038106,-0.242842,0.300469,-0.250166,-0.044536
-0.343009,-0.242677,0.688909,0.020009,0.012195,0.243858,0.969528,-0.076729,-0.047621,-0.829477,-1.372622,0.036931,-2.055299,-0.911101,1.475278,0.714495,2.190545,-0.002533,-0.212474,0.083832,0.198505,0.375851,-0.148287,-0.151777,-0.088121,-0.038093,-0.241060,0.297349,-0.248393,-0.043598
-0.342709,-0.242180,0.689010,0.019822,0.012847,0.243061,0.969723,-0.078044,-0.048630,-0.829126,-1.366815,0.036798,-2.055569,-0.911831,1.472686,0.719086,2.193171,-0.001608,-0.212103,0.083821,0.200651,0.373618,-0.146561,-0.149625,-0.087771,-0.038123,-0.241079,0.294761,-0.247012,-0.042744
-0.342468,-0.241636,0.689052,0.019668,0.013352,0.241199,0.970184,-0.079287,-0.049683,-0.828863,-1.359026,0.036393,-2.057350,-0.914585,1.471937,0.723523,2.193947,0.002579,-0.212393,0.084352,0.203533,0.373875,-0.146540,-0.148293,-0.087699,-0.038333,-0.242628,0.293516,-0.246280,-0.042163
-0.342242,-0.241048,0.689009,0.019602,0.013730,0.238561,0.970833,-0.080436,-0.050743,-0.828080,-1.348907,0.035846,-2.060682,-0.918463,1.472126,0.727955,2.193269,0.008622,-0.213169,0.084912,0.206176,0.376141,-0.148278,-0.147049,-0.088189,-0.038769,-0.244416,0.294008,-0.246102,-0.041676
-0.342003,-0.240497,0.688901,0.019549,0.014026,0.235681,0.971533,-0.081482,-0.051775,-0.826312,-1.337083,0.035344,-2.065099,-0.921949,1.472150,0.732573,2.192062,0.014435,-0.214457,0.085378,0.207506,0.380470,-0.149895,-0.145646,-0.089377,-0.039300,-0.245225,0.296142,-0.246591,-0.041463
-0.341707,-0.239988,0.688716,0.019570,0.013998,0.232853,0.972214,-0.082429,-0.052739,-0.822907,-1.324244,0.034996,-2.069956,-0.923303,1.470938,0.737702,2.191110,0.018993,-0.215665,0.085937,0.208189,0.386345,-0.150492,-0.144255,-0.090740,-0.039825,-0.245305,0.299916,-0.248057,-0.041746
-0.341296,-0.239553,0.688413,0.019615,0.013482,0.230433,0.972797,-0.083293,-0.053581,-0.817692,-1.311331,0.034900,-2.074340,-0.920628,1.467690,0.743398,2.191045,0.021432,-0.216442,0.086737,0.207655,0.393383,-0.150380,-0.143179,-0.091584,-0.040083,-0.243995,0.304928,-0.250512,-0.042366
-0.340758,-0.239212,0.687957,0.019713,0.012498,0.228574,0.973247,-0.084095,-0.054234,-0.810395,-1.298671,0.035136,-2.077722,-0.912707,1.461930,0.749776,2.192058,0.021864,-0.216846,0.087883,0.206178,0.401644,-0.150556,-0.142602,-0.091737,-0.040018,-0.241510,0.311071,-0.253774,-0.043242
-0.340075,-0.238929,0.687366,0.019800,0.010963,0.227183,0.973589,-0.084859,-0.054643,-0.800426,-1.286618,0.035770,-2.080280,-0.898717,1.453330,0.757331,2.193903,0.020341,-0.216956,0.089571,0.204056,0.411844,-0.151844,-0.142575,-0.091124,-0.039514,-0.237973,0.318222,-0.258030,-0.044356
-0.339288,-0.238751,0.686628,0.019838,0.009092,0.226327,0.973807,-0.085605,-0.054756,-0.787713,-1.275074,0.036979,-2.082628,-0.878551,1.441401,0.766653,2.196161,0.017306,-0.217775,0.091938,0.201462,0.424852,-0.153739,-0.143228,-0.090185,-0.038576,-0.233692,0.326518,-0.263079,-0.045703
-0.338397,-0.238627,0.685806,0.019867,0.006942,0.225639,0.973984,-0.086353,-0.054539,-0.771461,-1.264038,0.038799,-2.085678,-0.852394,1.426639,0.778711,2.198102,0.012974,-0.219716,0.095023,0.198425,0.441713,-0.155359,-0.144590,-0.089213,-0.037309,-0.228685,0.336012,-0.269227,-0.047314
-0.337402,-0.238533,0.684830,0.019975,0.004476,0.224838,0.974181,-0.087107,-0.053973,-0.750583,-1.252979,0.041249,-2.090995,-0.820669,1.409303,0.794229,2.197766,0.008346,-0.223473,0.098933,0.195467,0.462824,-0.158120,-0.147286,-0.088386,-0.035981,-0.223038,0.347421,-0.276445,-0.048948
-0.336261,-0.238438,0.683718,0.020176,0.002035,0.223877,0.974406,-0.087862,-0.053072,-0.725018,-1.241848,0.044465,-2.099877,-0.784379,1.390479,0.813700,2.194230,0.004024,-0.230342,0.103396,0.191767,0.490315,-0.159617,-0.151117,-0.088501,-0.034830,-0.216413,0.360924,-0.284300,-0.050652
-0.334951,-0.238388,0.682529,0.020519,-0.000045,0.222881,0.974630,-0.088617,-0.051895,-0.695050,-1.232096,0.048433,-2.112850,-0.745465,1.371380,0.838029,2.186178,-0.000863,-0.242363,0.108809,0.187500,0.525675,-0.159025,-0.155794,-0.090365,-0.034137,-0.209229,0.376684,-0.293105,-0.052032
-0.333500,-0.238343,0.681273,0.020874,-0.001755,0.222060,0.974808,-0.089373,-0.050531,-0.662013,-1.226299,0.053107,-2.129259,-0.706097,1.353111,0.867296,2.172693,-0.007415,-0.260453,0.115428,0.182331,0.570140,-0.152091,-0.163666,-0.094401,-0.033944,-0.201329,0.394908,-0.302738,-0.053395
-0.331995,-0.238268,0.680067,0.021389,-0.002584,0.221057,0.975023,-0.090128,-0.049100,-0.629683,-1.224560,0.058322,-2.148277,-0.669927,1.338000,0.901013,2.153621,-0.015134,-0.285582,0.123269,0.176548,0.623332,-0.137043,-0.175467,-0.101350,-0.034529,-0.192948,0.415160,-0.313289,-0.054518
-0.330589,-0.238098,0.679012,0.022149,-0.001840,0.219323,0.975399,-0.090868,-0.047739,-0.600495,-1.228229,0.063726,-2.168407,-0.641373,1.328788,0.938145,2.128378,-0.022148,-0.318469,0.131948,0.169751,0.683745,-0.115126,-0.189663,-0.112353,-0.036294,-0.184107,0.437290,-0.324602,-0.055331
-0.329091,-0.238016,0.677766,0.022847,-0.001692,0.218632,0.975538,-0.091605,-0.046542,-0.577596,-1.239988,0.069629,-2.184639,-0.620897,1.325254,0.976262,2.095796,-0.032706,-0.355927,0.142081,0.160835,0.751621,-0.092580,-0.205297,-0.123963,-0.038376,-0.175372,0.461418,-0.336388,-0.056005
-0.327861,-0.237677,0.676707,0.023951,-0.000939,0.217429,0.975782,-0.092338,-0.045566,-0.563179,-1.261361,0.075582,-2.192221,-0.610833,1.329457,1.013547,2.055954,-0.043289,-0.398142,0.152479,0.150692,0.825398,-0.072042,-0.219511,-0.137209,-0.041767,-0.165884,0.485871,-0.348527,-0.056839
-0.327021,-0.237116,0.675729,0.025223,0.000276,0.215884,0.976093,-0.093060,-0.044873,-0.559047,-1.293144,0.081367,-2.186300,-0.612300,1.341307,1.048131,2.008252,-0.053954,-0.444058,0.162918,0.138948,0.903079,-0.055486,-0.230743,-0.151968,-0.046037,-0.156008,0.510366,-0.360284,-0.056784
-0.326765,-0.236219,0.674925,0.026550,0.001825,0.213777,0.976520,-0.093767,-0.044488,-0.566388,-1.334750,0.086701,-2.162460,-0.625093,1.359501,1.077227,1.953089,-0.064201,-0.491693,0.173281,0.125762,0.981633,-0.043980,-0.238979,-0.167672,-0.051044,-0.145595,0.533729,-0.370830,-0.056623
-0.327197,-0.234823,0.674377,0.028070,0.003695,0.210687,0.977143,-0.094444,-0.044417,-0.585443,-1.384166,0.091152,-2.117357,-0.648062,1.382458,1.098223,1.890936,-0.072934,-0.539062,0.183202,0.111750,1.057820,-0.041529,-0.242013,-0.183759,-0.057028,-0.134748,0.555066,-0.379670,-0.056461
-0.328392,-0.232882,0.674090,0.029791,0.005493,0.206964,0.977879,-0.095077,-0.044627,-0.614415,-1.440503,0.094145,-2.048080,-0.678216,1.407244,1.109195,1.821968,-0.080583,-0.584198,0.191848,0.097074,1.129147,-0.048574,-0.239636,-0.199067,-0.063940,-0.123159,0.573435,-0.386156,-0.055880
-0.330163,-0.230374,0.673962,0.031454,0.006382,0.203120,0.978628,-0.095664,-0.045058,-0.651797,-1.501295,0.095131,-1.953818,-0.711146,1.430527,1.108831,1.747593,-0.088624,-0.624275,0.199593,0.082304,1.193839,-0.063155,-0.234059,-0.211596,-0.071114,-0.111009,0.587774,-0.389539,-0.054513
-0.333717,-0.226496,0.674333,0.033286,0.008196,0.197827,0.979637,-0.096182,-0.045672,-0.695509,-1.563270,0.093448,-1.836172,-0.742948,1.445426,1.088516,1.650543,-0.093176,-0.660599,0.205031,0.069019,1.247505,-0.078328,-0.226707,-0.224193,-0.080119,-0.097700,0.596830,-0.388078,-0.051531
-0.338056,-0.222233,0.674929,0.034838,0.009969,0.192412,0.980645,-0.096622,-0.046427,-0.746741,-1.621537,0.088672,-1.696589,-0.775965,1.463024,1.047982,1.533530,-0.097112,-0.690562,0.209659,0.056517,1.287339,-0.089944,-0.219712,-0.235068,-0.089338,-0.084470,0.600408,-0.381593,-0.046549
-0.342725,-0.217811,0.675906,0.036215,0.011478,0.186717,0.981679,-0.096989,-0.047283,-0.804790,-1.669556,0.081120,-1.542559,-0.811296,1.481313,0.991103,1.404218,-0.099904,-0.712552,0.213964,0.044914,1.311126,-0.097134,-0.214377,-0.242867,-0.098145,-0.071475,0.597799,-0.371301,-0.040646
-0.347453,-0.213323,0.677444,0.037539,0.012571,0.180661,0.982749,-0.097274,-0.048187,-0.867081,-1.702822,0.071702,-1.381968,-0.848219,1.498822,0.922215,1.267682,-0.101092,-0.725506,0.217182,0.034072,1.318011,-0.099541,-0.210212,-0.247027,-0.106526,-0.058665,0.589392,-0.358186,-0.033793
-0.352000,-0.208883,0.679193,0.038658,0.013384,0.174337,0.983836,-0.097472,-0.049100,-0.931077,-1.719562,0.061300,-1.222649,-0.887045,1.514469,0.845071,1.126806,-0.100980,-0.728806,0.219558,0.024698,1.307136,-0.097652,-0.207417,-0.247626,-0.114207,-0.046715,0.575803,-0.342450,-0.026059
-0.356128,-0.204592,0.680973,0.039383,0.013812,0.167915,0.984918,-0.097582,-0.049993,-0.994657,-1.719461,0.050978,-1.070975,-0.927990,1.526966,0.761972,0.984530,-0.099780,-0.722971,0.222024,0.016372,1.279128,-0.092421,-0.203309,-0.244732,-0.120675,-0.035878,0.557641,-0.325304,-0.017844
-0.359782,-0.200402,0.682710,0.039762,0.013862,0.161374,0.985995,-0.097597,-0.050836,-1.056484,-1.703838,0.041583,-0.931363,-0.971011,1.536096,0.676209,0.842564,-0.097753,-0.708432,0.224267,0.009421,1.235375,-0.083492,-0.198808,-0.238687,-0.126139,-0.025927,0.536168,-0.307686,-0.009643
-0.362038,-0.196951,0.684325,0.039816,0.014290,0.154428,0.987098,-0.097520,-0.051626,-1.115981,-1.672827,0.033496,-0.808526,-1.020144,1.547147,0.599983,0.722165,-0.094262,-0.686857,0.226806,0.003220,1.177671,-0.071113,-0.194988,-0.230860,-0.129697,-0.016829,0.512452,-0.291537,-0.002184
-0.363450,-0.193542,0.685662,0.039457,0.014355,0.147556,0.988162,-0.097341,-0.052385,-1.169264,-1.630355,0.027651,-0.706736,-1.069857,1.546342,0.536129,0.623698,-0.090403,-0.659317,0.228757,-0.003888,1.109626,-0.056702,-0.190932,-0.221526,-0.131897,-0.008295,0.488981,-0.277052,0.004204
-0.364348,-0.189850,0.686729,0.038662,0.014345,0.140516,0.989219,-0.097060,-0.053108,-1.213668,-1.581616,0.023700,-0.623537,-1.116595,1.534902,0.483335,0.542608,-0.086166,-0.627067,0.229955,-0.011344,1.033659,-0.042673,-0.185875,-0.211864,-0.133382,0.000118,0.466758,-0.264332,0.009902
-0.364783,-0.185835,0.687492,0.037301,0.014213,0.133467,0.990249,-0.096671,-0.053783,-1.250385,-1.530409,0.021016,-0.557641,-1.159542,1.514061,0.439956,0.476302,-0.082047,-0.591094,0.231018,-0.018981,0.952254,-0.029416,-0.181976,-0.202184,-0.133887,0.008417,0.446648,-0.253017,0.015869
-0.364868,-0.181516,0.687900,0.035488,0.013973,0.126500,0.991233,-0.096174,-0.054405,-1.280291,-1.477467,0.019108,-0.508005,-1.197520,1.485210,0.405214,0.424037,-0.078223,-0.553550,0.231933,-0.027095,0.869967,-0.014089,-0.179566,-0.193113,-0.133753,0.017099,0.428873,-0.243660,0.022638
-0.364681,-0.176864,0.688066,0.033301,0.013836,0.119695,0.992156,-0.095575,-0.054975,-1.303130,-1.424191,0.017658,-0.473529,-1.230227,1.451258,0.377724,0.385803,-0.074840,-0.515941,0.232369,-0.035312,0.789942,0.005763,-0.181437,-0.185250,-0.133367,0.026138,0.413954,-0.235942,0.029665
-0.364266,-0.171828,0.688006,0.030873,0.013785,0.113026,0.993017,-0.094882,-0.055499,-1.318734,-1.369087,0.016892,-0.451826,-1.255949,1.411971,0.356313,0.359688,-0.072160,-0.479333,0.232548,-0.043382,0.714256,0.027318,-0.186450,-0.178911,-0.133172,0.034900,0.402215,-0.229783,0.037140
-0.363541,-0.166365,0.687680,0.028287,0.013349,0.106598,0.993810,-0.094100,-0.055984,-1.327135,-1.313508,0.016439,-0.441648,-1.274601,1.369201,0.339307,0.344169,-0.069623,-0.443744,0.232225,-0.050400,0.646240,0.043442,-0.193026,-0.173021,-0.133491,0.043332,0.393410,-0.225224,0.045116
-0.362541,-0.160490,0.687137,0.025484,0.012930,0.100195,0.994557,-0.093239,-0.056402,-1.329305,-1.257633,0.015987,-0.441726,-1.286551,1.323869,0.325081,0.338113,-0.066125,-0.409590,0.232129,-0.054398,0.586828,0.051440,-0.202149,-0.167389,-0.134216,0.050704,0.386497,-0.222429,0.053487
-0.361350,-0.154204,0.686418,0.022577,0.012681,0.094197,0.995217,-0.092311,-0.056746,-1.327830,-1.202183,0.015633,-0.452744,-1.292423,1.276384,0.311180,0.340953,-0.061862,-0.378184,0.231658,-0.055457,0.537369,0.053877,-0.215034,-0.162188,-0.135743,0.056549,0.380615,-0.221266,0.061523
-0.359995,-0.147497,0.685590,0.019717,0.012643,0.088682,0.995785,-0.091339,-0.057039,-1.321590,-1.146865,0.015284,-0.472951,-1.292278,1.226626,0.296651,0.351793,-0.056188,-0.350865,0.230468,-0.053691,0.497717,0.050548,-0.228650,-0.157451,-0.138611,0.060364,0.375908,-0.221347,0.069155
-0.358437,-0.140337,0.684676,0.017060,0.012630,0.083741,0.996261,-0.090350,-0.057279,-1.310062,-1.092198,0.014904,-0.499710,-1.286259,1.174889,0.280170,0.369898,-0.049207,-0.327245,0.227733,-0.049782,0.467371,0.041200,-0.241084,-0.152518,-0.143005,0.062117,0.372003,-0.222317,0.076640
-0.356674,-0.132769,0.683629,0.014463,0.012477,0.079367,0.996662,-0.089363,-0.057454,-1.293731,-1.038011,0.014408,-0.531399,-1.273897,1.120423,0.261278,0.393183,-0.040308,-0.306801,0.223761,-0.043602,0.444728,0.023582,-0.250755,-0.146664,-0.148711,0.061309,0.368554,-0.223895,0.084593
-0.354648,-0.124902,0.682529,0.012008,0.012356,0.075804,0.996974,-0.088398,-0.057546,-1.273800,-0.985785,0.013529,-0.567414,-1.256258,1.064380,0.238541,0.422041,-0.029928,-0.289569,0.218260,-0.036326,0.429012,-0.000961,-0.256091,-0.139713,-0.155515,0.058569,0.364689,-0.225580,0.093016
-0.352395,-0.116710,0.681392,0.009750,0.012303,0.073000,0.997208,-0.087477,-0.057556,-1.250322,-0.934810,0.012433,-0.606680,-1.232281,1.006532,0.211071,0.455958,-0.018907,-0.275956,0.211291,-0.028877,0.418841,-0.026343,-0.257491,-0.132021,-0.163543,0.054322,0.360348,-0.227165,0.101478
-0.349974,-0.108265,0.681323,0.007734,0.012545,0.071045,0.997364,-0.086632,-0.057509,-1.223921,-0.884762,0.011226,-0.648000,-1.201971,0.946979,0.178076,0.494462,-0.007716,-0.266428,0.202577,-0.022148,0.413255,-0.049623,-0.254163,-0.124233,-0.172679,0.049113,0.355747,-0.228032,0.110269
-0.347317,-0.099612,0.681559,0.005911,0.012723,0.069739,0.997467,-0.085882,-0.057423,-1.193767,-0.835062,0.009856,-0.689275,-1.164646,0.885522,0.140103,0.535682,0.003003,-0.259805,0.192621,-0.016598,0.411004,-0.071398,-0.245776,-0.116200,-0.183014,0.043678,0.351949,-0.227940,0.118428
-0.344480,-0.090856,0.681898,0.004168,0.013005,0.068946,0.997527,-0.085240,-0.057306,-1.160856,-0.785176,0.008356,-0.729764,-1.120092,0.823497,0.096693,0.578091,0.012492,-0.255206,0.181911,-0.012278,0.411700,-0.091086,-0.233945,-0.108854,-0.193649,0.038396,0.349271,-0.226120,0.124057
-0.341472,-0.082057,0.682245,0.002438,0.013325,0.068382,0.997567,-0.084703,-0.057169,-1.125336,-0.734618,0.006853,-0.768644,-1.068628,0.761959,0.048034,0.619987,0.021132,-0.251846,0.170919,-0.009108,0.414012,-0.109492,-0.220329,-0.102256,-0.204035,0.033830,0.347614,-0.222715,0.128605
-0.338335,-0.073235,0.682524,0.000875,0.013606,0.067713,0.997612,-0.084282,-0.057012,-1.087043,-0.682332,0.005261,-0.804955,-1.011111,0.702204,-0.004469,0.659306,0.028205,-0.248643,0.159573,-0.007128,0.417427,-0.127187,-0.206366,-0.096806,-0.214479,0.030444,0.347381,-0.217130,0.132715
-0.335248,-0.064499,0.682790,-0.000692,0.013982,0.066819,0.997667,-0.083966,-0.056833,-1.045779,-0.627965,0.003562,-0.837999,-0.950831,0.646133,-0.061114,0.693935,0.034550,-0.245860,0.148321,-0.005733,0.421095,-0.144040,-0.192804,-0.093307,-0.224767,0.027997,0.349027,-0.209769,0.136136
-0.332238,-0.055879,0.683032,-0.002314,0.014310,0.065423,0.997752,-0.083740,-0.056617,-1.001489,-0.571189,0.001793,-0.866859,-0.888759,0.594099,-0.120591,0.721781,0.040394,-0.242772,0.137387,-0.004883,0.424561,-0.159817,-0.179025,-0.092031,-0.234724,0.026266,0.353534,-0.200413,0.138323
-0.329373,-0.047372,0.683235,-0.003947,0.014418,0.063395,0.997877,-0.083578,-0.056338,-0.954452,-0.512280,0.000005,-0.890547,-0.826178,0.546551,-0.181156,0.741429,0.045845,-0.238893,0.126780,-0.004170,0.427601,-0.174740,-0.165447,-0.092987,-0.244288,0.025180,0.361328,-0.189016,0.138911
-0.326749,-0.039079,0.683414,-0.005611,0.014507,0.060852,0.998026,-0.083450,-0.055967,-0.905564,-0.452134,-0.001764,-0.908410,-0.765467,0.504629,-0.241490,0.752793,0.050884,-0.234782,0.116683,-0.003022,0.430252,-0.188744,-0.152296,-0.096779,-0.252972,0.024104,0.372688,-0.175061,0.138759
-0.324520,-0.030993,0.683604,-0.007190,0.014608,0.057850,0.998192,-0.083339,-0.055476,-0.855686,-0.392362,-0.003555,-0.919623,-0.709373,0.468201,-0.300385,0.756200,0.054627,-0.230687,0.106761,-0.001014,0.432965,-0.201421,-0.138937,-0.103784,-0.261457,0.022618,0.387979,-0.158970,0.138962
-0.322732,-0.023173,0.683740,-0.008855,0.014755,0.054623,0.998359,-0.083235,-0.054866,-0.807131,-0.333886,-0.005287,-0.924598,-0.658338,0.436518,-0.356711,0.751514,0.056802,-0.227333,0.097722,0.002399,0.436092,-0.213614,-0.126539,-0.114779,-0.269439,0.020053,0.408702,-0.139784,0.136834
-0.321423,-0.015675,0.683739,-0.010655,0.015034,0.051588,0.998498,-0.083119,-0.054131,-0.761469,-0.278760,-0.006874,-0.923802,-0.612444,0.408431,-0.410518,0.739416,0.056964,-0.225539,0.089761,0.007325,0.440756,-0.226168,-0.114224,-0.130005,-0.276533,0.015831,0.435513,-0.117775,0.130726
-0.320552,-0.008518,0.683590,-0.012597,0.015222,0.048728,0.998617,-0.082995,-0.053272,-0.720060,-0.228179,-0.008289,-0.917983,-0.570366,0.382559,-0.460589,0.720832,0.055178,-0.225534,0.083021,0.013602,0.448229,-0.239117,-0.102227,-0.148839,-0.282644,0.009600,0.468628,-0.096474,0.120545
-0.320123,-0.001782,0.683300,-0.014673,0.015501,0.046208,0.998704,-0.082866,-0.052283,-0.683933,-0.182784,-0.009504,-0.907926,-0.532701,0.359207,-0.506987,0.697110,0.052014,-0.227839,0.077560,0.021041,0.458883,-0.252414,-0.090689,-0.170992,-0.287514,0.000692,0.508376,-0.081454,0.108429
-0.320088,0.004536,0.682859,-0.016870,0.015886,0.043845,0.998770,-0.082733,-0.051180,-0.653032,-0.142257,-0.010515,-0.894635,-0.499665,0.337987,-0.550066,0.668718,0.048022,-0.232672,0.073253,0.029059,0.472810,-0.266065,-0.079743,-0.196536,-0.291012,-0.010177,0.555616,-0.073807,0.095080
-0.320415,0.010449,0.682254,-0.019013,0.016340,0.041605,0.998820,-0.082601,-0.049984,-0.627196,-0.106547,-0.011354,-0.878617,-0.470980,0.317625,-0.590031,0.636368,0.043551,-0.239823,0.069524,0.036782,0.489772,-0.279641,-0.069088,-0.225223,-0.293363,-0.021439,0.610360,-0.074265,0.081513
-0.320913,0.015958,0.681467,-0.021182,0.016737,0.039502,0.998855,-0.082468,-0.048728,-0.606132,-0.074793,-0.011934,-0.860633,-0.444944,0.297692,-0.626565,0.600300,0.039995,-0.248802,0.066447,0.043680,0.509230,-0.293606,-0.059512,-0.255837,-0.293986,-0.032294,0.671946,-0.083158,0.067970
-0.321575,0.021083,0.680440,-0.023248,0.017062,0.037455,0.998882,-0.082332,-0.047418,-0.588657,-0.046934,-0.012382,-0.840910,-0.421220,0.277946,-0.659123,0.561418,0.037536,-0.258929,0.063527,0.049226,0.530276,-0.308057,-0.049548,-0.287375,-0.292907,-0.042146,0.738430,-0.100921,0.054888
-0.322328,0.025841,0.679304,-0.025090,0.017332,0.035272,0.998912,-0.082186,-0.046071,-0.573941,-0.022354,-0.012675,-0.819278,-0.399905,0.258442,-0.687110,0.520332,0.036388,-0.269587,0.060417,0.052928,0.551825,-0.320973,-0.038904,-0.318956,-0.290172,-0.050502,0.807857,-0.127997,0.043959
-0.323117,0.030251,0.678117,-0.026711,0.017555,0.032929,0.998946,-0.082017,-0.044700,-0.561223,-0.000736,-0.012842,-0.795608,-0.381082,0.239506,-0.710054,0.477870,0.036509,-0.279976,0.056920,0.054967,0.571851,-0.333482,-0.024175,-0.349810,-0.285427,-0.057565,0.878410,-0.160421,0.035801
-0.323892,0.034352,0.676949,-0.028107,0.017579,0.030441,0.998987,-0.081817,-0.043308,-0.550168,0.017818,-0.012917,-0.770272,-0.365100,0.221219,-0.728291,0.434311,0.037057,-0.289004,0.052876,0.055862,0.589551,-0.344896,-0.008218,-0.379025,-0.278800,-0.062674,0.947341,-0.192513,0.029447
-0.324663,0.038135,0.675744,-0.029269,0.017534,0.028013,0.999025,-0.081586,-0.041887,-0.540868,0.033234,-0.012909,-0.743798,-0.352035,0.203669,-0.741569,0.390579,0.037711,-0.296324,0.048567,0.056291,0.604352,-0.353567,0.007971,-0.405636,-0.270458,-0.066733,1.011372,-0.223099,0.024215
-0.325408,0.041645,0.674725,-0.030155,0.017350,0.025539,0.999068,-0.081322,-0.040432,-0.533072,0.045733,-0.012783,-0.716510,-0.341842,0.187458,-0.750177,0.347428,0.038069,-0.301381,0.044155,0.057102,0.615076,-0.359576,0.023312,-0.428790,-0.260779,-0.071011,1.068246,-0.251170,0.019044
-0.326140,0.044866,0.674137,-0.030839,0.017063,0.023069,0.999112,-0.081019,-0.038931,-0.526610,0.055317,-0.012621,-0.689023,-0.334360,0.173117,-0.754629,0.305620,0.037775,-0.303952,0.039965,0.058695,0.621284,-0.363133,0.038242,-0.448034,-0.249804,-0.076221,1.115977,-0.275667,0.013189
-0.326842,0.047816,0.674245,-0.031338,0.016749,0.020612,0.999156,-0.080677,-0.037370,-0.521341,0.062348,-0.012446,-0.661626,-0.329852,0.160900,-0.755809,0.265688,0.037045,-0.304140,0.035981,0.061383,0.623010,-0.364485,0.052274,-0.462821,-0.238018,-0.083199,1.153296,-0.297363,0.008029
-0.327509,0.050509,0.674648,-0.031685,0.016374,0.018164,0.999199,-0.080293,-0.035751,-0.517391,0.067151,-0.012273,-0.634730,-0.328508,0.150896,-0.754246,0.228384,0.035946,-0.302001,0.032433,0.065423,0.620364,-0.363951,0.064418,-0.472890,-0.225547,-0.092160,1.179452,-0.315690,0.003221
-0.328190,0.052966,0.675133,-0.031830,0.016064,0.015890,0.999238,-0.079868,-0.034084,-0.514663,0.069882,-0.012097,-0.608469,-0.329729,0.142514,-0.750432,0.194012,0.034345,-0.298043,0.028950,0.070265,0.613843,-0.362025,0.070889,-0.478613,-0.212387,-0.101865,1.194641,-0.329493,0.001562
-0.328844,0.055226,0.675672,-0.031726,0.015848,0.013747,0.999276,-0.079409,-0.032388,-0.512746,0.071121,-0.011914,-0.582791,-0.332629,0.135019,-0.744713,0.162930,0.032557,-0.292320,0.025600,0.075859,0.603761,-0.357669,0.074505,-0.480066,-0.198929,-0.111799,1.198595,-0.338995,0.002129
-0.329456,0.057299,0.676539,-0.031419,0.015577,0.011775,0.999316,-0.078912,-0.030682,-0.511039,0.071208,-0.011747,-0.557553,-0.336272,0.128121,-0.737597,0.134887,0.030683,-0.284821,0.022307,0.082042,0.589909,-0.352791,0.077119,-0.477232,-0.185341,-0.121736,1.191725,-0.344237,0.004745
-0.330009,0.059217,0.677783,-0.030932,0.015357,0.010042,0.999353,-0.078391,-0.028975,-0.509255,0.070456,-0.011640,-0.532975,-0.339942,0.121284,-0.729131,0.109130,0.028825,-0.276072,0.018827,0.088429,0.573115,-0.348978,0.079310,-0.470489,-0.171761,-0.130986,1.174259,-0.346902,0.009977
-0.330469,0.061017,0.678990,-0.030157,0.015076,0.008531,0.999395,-0.077852,-0.027271,-0.507321,0.069234,-0.011527,-0.508543,-0.343912,0.113809,-0.719689,0.085790,0.026808,-0.265896,0.014821,0.095010,0.554377,-0.343887,0.080911,-0.459369,-0.158870,-0.139436,1.146565,-0.348670,0.018549
-0.330842,0.062713,0.680209,-0.029193,0.014748,0.007250,0.999439,-0.077307,-0.025571,-0.505185,0.067766,-0.011416,-0.484357,-0.348388,0.105677,-0.709854,0.064956,0.024589,-0.254552,0.010323,0.101423,0.533562,-0.337804,0.080960,-0.444448,-0.146567,-0.146205,1.109771,-0.348604,0.029384
-0.331151,0.064315,0.681344,-0.027946,0.014383,0.006374,0.999486,-0.076765,-0.023872,-0.502854,0.065905,-0.011282,-0.460663,-0.352914,0.096228,-0.699594,0.046183,0.021344,-0.242210,0.004937,0.107735,0.511280,-0.330935,0.079494,-0.426092,-0.135258,-0.151602,1.064078,-0.348136,0.041937
-0.331332,0.065856,0.682168,-0.026420,0.013865,0.005747,0.999538,-0.076235,-0.022159,-0.500192,0.063648,-0.011147,-0.438119,-0.357428,0.085381,-0.689009,0.029047,0.017026,-0.228790,-0.000804,0.114667,0.488197,-0.321719,0.076636,-0.404226,-0.125728,-0.156268,1.010424,-0.348240,0.052595
-0.331471,0.067307,0.683146,-0.024637,0.013310,0.005432,0.999593,-0.075724,-0.020429,-0.497441,0.060952,-0.011007,-0.416863,-0.362129,0.073180,-0.678289,0.013558,0.011882,-0.215178,-0.006939,0.122033,0.464605,-0.312995,0.073780,-0.379557,-0.117740,-0.160383,0.949168,-0.349575,0.060460
-0.331532,0.068637,0.684088,-0.022687,0.012718,0.005261,0.999648,-0.075232,-0.018679,-0.495023,0.058622,-0.010893,-0.396810,-0.367207,0.060115,-0.667637,0.000315,0.006399,-0.201005,-0.013372,0.130781,0.440710,-0.304863,0.070755,-0.352252,-0.110592,-0.165412,0.881157,-0.353456,0.067845
-0.331543,0.069959,0.684639,-0.020251,0.012150,0.005270,0.999707,-0.074751,-0.016917,-0.492673,0.055713,-0.010728,-0.377460,-0.372533,0.045462,-0.657210,-0.009934,-0.000118,-0.186949,-0.020881,0.140093,0.417779,-0.296070,0.068184,-0.322608,-0.105238,-0.169723,0.807369,-0.357645,0.074569
-0.331544,0.071244,0.685066,-0.017485,0.011646,0.005328,0.999765,-0.074282,-0.015162,-0.490005,0.052413,-0.010576,-0.358453,-0.377124,0.029995,-0.646414,-0.017738,-0.006921,-0.173631,-0.029101,0.149829,0.395806,-0.288003,0.065057,-0.292205,-0.100931,-0.172968,0.729442,-0.361000,0.082180
-0.331535,0.072401,0.685317,-0.014626,0.011291,0.005306,0.999815,-0.073818,-0.013445,-0.486817,0.049077,-0.010452,-0.338852,-0.380871,0.014408,-0.635477,-0.023548,-0.013236,-0.161530,-0.037458,0.159117,0.375634,-0.280845,0.062979,-0.262117,-0.097416,-0.174708,0.650706,-0.360463,0.090456
-0.331647,0.073380,0.685559,-0.012138,0.011298,0.005057,0.999850,-0.073354,-0.011808,-0.483164,0.046805,-0.010363,-0.317600,-0.383751,0.000851,-0.624939,-0.028015,-0.017649,-0.151662,-0.044578,0.167928,0.357905,-0.275163,0.062056,-0.234344,-0.094177,-0.175385,0.576635,-0.350105,0.092527
-0.331922,0.074171,0.685730,-0.009965,0.011526,0.004384,0.999874,-0.072874,-0.010292,-0.478711,0.045267,-0.010214,-0.292806,-0.385173,-0.010140,-0.614984,-0.031545,-0.018967,-0.143862,-0.050909,0.174550,0.342836,-0.270441,0.062370,-0.209490,-0.090508,-0.174659,0.508475,-0.337771,0.091000
-0.332335,0.074799,0.685952,-0.008190,0.011941,0.003020,0.999891,-0.072359,-0.008917,-0.472409,0.044418,-0.009946,-0.261332,-0.383489,-0.017532,-0.605015,-0.034460,-0.016900,-0.137806,-0.056495,0.177871,0.329632,-0.266091,0.062528,-0.188553,-0.086530,-0.172210,0.449484,-0.322027,0.088248
-0.332941,0.075330,0.686217,-0.006700,0.012605,0.000923,0.999898,-0.071791,-0.007710,-0.462635,0.043126,-0.009478,-0.219971,-0.378020,-0.021743,-0.594757,-0.038097,-0.013078,-0.133995,-0.061510,0.177207,0.318697,-0.261769,0.062031,-0.172320,-0.083096,-0.166517,0.400692,-0.300792,0.083322
-0.333741,0.075640,0.686760,-0.005869,0.013434,-0.001915,0.999891,-0.071143,-0.006692,-0.448656,0.041267,-0.008860,-0.166345,-0.368061,-0.021284,-0.583606,-0.044398,-0.007622,-0.131670,-0.064775,0.175139,0.309068,-0.258775,0.060885,-0.160572,-0.079104,-0.160524,0.362097,-0.276932,0.077798
-0.334675,0.075811,0.687417,-0.005639,0.014447,-0.005200,0.999866,-0.070403,-0.005874,-0.429965,0.037235,-0.008084,-0.099576,-0.353660,-0.016067,-0.571441,-0.055393,-0.000966,-0.130769,-0.066359,0.172141,0.301212,-0.256616,0.059973,-0.152806,-0.075283,-0.154776,0.334107,-0.251976,0.070868
-0.335742,0.075880,0.688034,-0.005686,0.015520,-0.008385,0.999828,-0.069567,-0.005260,-0.406610,0.028768,-0.007169,-0.021391,-0.334180,-0.006598,-0.557117,-0.073907,0.005051,-0.131010,-0.066738,0.169710,0.295295,-0.254821,0.059091,-0.148254,-0.071969,-0.150895,0.314530,-0.229857,0.062447
-0.336785,0.075874,0.688572,-0.005774,0.016449,-0.011061,0.999787,-0.068650,-0.004828,-0.378457,0.013216,-0.006244,0.064667,-0.309269,0.006319,-0.539931,-0.102340,0.010298,-0.131710,-0.066824,0.167016,0.290573,-0.252977,0.058243,-0.145102,-0.069028,-0.147661,0.299186,-0.216089,0.059201
-0.337750,0.075773,0.689132,-0.005962,0.017341,-0.012793,0.999750,-0.067684,-0.004558,-0.346157,-0.010651,-0.005398,0.154226,-0.278433,0.023716,-0.519924,-0.142144,0.012962,-0.132874,-0.066396,0.165324,0.286887,-0.252189,0.057623,-0.142938,-0.066819,-0.145553,0.286781,-0.203765,0.058515
-0.338573,0.075562,0.689568,-0.006264,0.018156,-0.013427,0.999725,-0.066702,-0.004431,-0.310477,-0.043802,-0.004705,0.242132,-0.242451,0.046758,-0.498355,-0.193232,0.012712,-0.134441,-0.065188,0.165821,0.285010,-0.252027,0.057197,-0.140462,-0.064905,-0.145194,0.275647,-0.193292,0.059318
-0.339121,0.075283,0.689948,-0.006616,0.018818,-0.012944,0.999717,-0.065742,-0.004421,-0.272124,-0.087231,-0.004200,0.323476,-0.201101,0.077576,-0.476501,-0.252867,0.010701,-0.136295,-0.063477,0.167425,0.284783,-0.253056,0.056836,-0.137348,-0.063346,-0.145877,0.265377,-0.185835,0.060668
-0.339287,0.074926,0.690064,-0.007141,0.019232,-0.011562,0.999723,-0.064839,-0.004487,-0.231386,-0.140811,-0.003912,0.393905,-0.154958,0.117373,-0.456402,-0.316379,0.008664,-0.137891,-0.061356,0.168348,0.286204,-0.253196,0.056283,-0.133444,-0.061582,-0.146603,0.256037,-0.180693,0.061630
-0.339008,0.074530,0.690116,-0.007686,0.019396,-0.009672,0.999736,-0.064014,-0.004593,-0.188611,-0.203976,-0.003866,0.450365,-0.105312,0.166548,-0.439784,-0.377871,0.006920,-0.138903,-0.059195,0.167831,0.288008,-0.253399,0.055538,-0.128520,-0.059645,-0.146931,0.247023,-0.177173,0.061607
-0.338221,0.074229,0.690122,-0.008142,0.019346,-0.007994,0.999748,-0.063269,-0.004701,-0.143693,-0.275799,-0.004001,0.492373,-0.053655,0.225020,-0.427970,-0.430439,0.006720,-0.139165,-0.057461,0.165327,0.289834,-0.253911,0.054591,-0.122837,-0.057749,-0.145992,0.238227,-0.174950,0.061067
-0.336910,0.074058,0.690066,-0.008555,0.019117,-0.006775,0.999758,-0.062592,-0.004786,-0.097492,-0.354460,-0.004216,0.520612,-0.000264,0.292209,-0.421879,-0.467817,0.006961,-0.138329,-0.056021,0.162356,0.291506,-0.254913,0.053472,-0.116634,-0.056058,-0.144599,0.230133,-0.173464,0.060438
-0.335068,0.074054,0.689937,-0.008935,0.018758,-0.006370,0.999764,-0.061956,-0.004837,-0.050747,-0.437463,-0.004516,0.535821,0.053613,0.366529,-0.421570,-0.485065,0.008093,-0.136328,-0.054886,0.159051,0.292851,-0.256218,0.052191,-0.110254,-0.054609,-0.142280,0.223292,-0.172088,0.060032
-0.332779,0.074234,0.689858,-0.009180,0.018245,-0.006602,0.999770,-0.061340,-0.004846,-0.004099,-0.523133,-0.004855,0.538501,0.106748,0.445538,-0.426987,-0.479825,0.009519,-0.133144,-0.054222,0.155871,0.293318,-0.258748,0.051289,-0.103937,-0.053735,-0.139487,0.217633,-0.171996,0.060098
-0.330127,0.074547,0.689781,-0.009310,0.017680,-0.007239,0.999774,-0.060732,-0.004812,0.040909,-0.609326,-0.005216,0.528746,0.158220,0.527156,-0.437887,-0.452365,0.010339,-0.128844,-0.054035,0.153894,0.293100,-0.262546,0.051027,-0.097792,-0.053393,-0.137326,0.213170,-0.173594,0.060452
-0.327234,0.074938,0.689684,-0.009339,0.017084,-0.007951,0.999779,-0.060125,-0.004743,0.083002,-0.694213,-0.005677,0.506720,0.207611,0.609920,-0.453597,-0.404369,0.010199,-0.124038,-0.054139,0.152812,0.292713,-0.267051,0.051012,-0.091958,-0.053452,-0.135498,0.210216,-0.176230,0.061120
-0.324272,0.075321,0.689620,-0.009443,0.016433,-0.008477,0.999784,-0.059513,-0.004649,0.121361,-0.776127,-0.006201,0.473067,0.254856,0.693318,-0.473477,-0.337656,0.009530,-0.118980,-0.054226,0.152483,0.292468,-0.272506,0.051001,-0.086647,-0.053553,-0.134086,0.208606,-0.180618,0.061756
-0.321281,0.075581,0.689586,-0.009635,0.015713,-0.008500,0.999794,-0.058908,-0.004530,0.155368,-0.853732,-0.006801,0.428317,0.301035,0.777522,-0.497489,-0.255474,0.007671,-0.113867,-0.054131,0.152675,0.292786,-0.279094,0.050927,-0.081573,-0.053554,-0.133205,0.208632,-0.186254,0.062318
-0.318373,0.075745,0.689516,-0.009793,0.014904,-0.008255,0.999807,-0.058323,-0.004388,0.185531,-0.926395,-0.007478,0.374579,0.345149,0.862482,-0.525234,-0.160447,0.005786,-0.109024,-0.054131,0.152715,0.293938,-0.286310,0.051004,-0.077208,-0.053569,-0.132463,0.210565,-0.193367,0.062842
-0.315599,0.075776,0.689307,-0.009905,0.013929,-0.007360,0.999827,-0.057777,-0.004208,0.212183,-0.994636,-0.008197,0.313886,0.386511,0.948704,-0.556892,-0.056123,0.003565,-0.104816,-0.054196,0.152581,0.296737,-0.293700,0.051509,-0.073575,-0.053748,-0.132191,0.214865,-0.202536,0.063563
-0.312982,0.075679,0.688895,-0.010035,0.012783,-0.005771,0.999851,-0.057285,-0.003965,0.235367,-1.058240,-0.008916,0.248064,0.424612,1.036401,-0.591373,0.053206,0.000601,-0.101199,-0.054244,0.152228,0.301349,-0.300629,0.051998,-0.071004,-0.054126,-0.132638,0.222456,-0.212948,0.064219
-0.310551,0.075493,0.688251,-0.010191,0.011341,-0.003587,0.999877,-0.056864,-0.003618,0.255605,-1.117488,-0.009595,0.179128,0.457939,1.124751,-0.626934,0.162965,-0.002908,-0.098229,-0.054176,0.151552,0.307982,-0.306862,0.052819,-0.070182,-0.054905,-0.133252,0.234972,-0.224506,0.064917
-0.308348,0.075310,0.687472,-0.010363,0.009856,-0.000986,0.999897,-0.056531,-0.003145,0.273049,-1.172659,-0.010108,0.109056,0.484918,1.212130,-0.661895,0.268146,-0.007322,-0.096628,-0.054162,0.150882,0.316858,-0.313476,0.054422,-0.072749,-0.056478,-0.134413,0.254551,-0.236739,0.065844
-0.306331,0.075085,0.686441,-0.010634,0.008266,0.001975,0.999907,-0.056302,-0.002533,0.287090,-1.223468,-0.010333,0.039757,0.504704,1.297207,-0.694960,0.363373,-0.012633,-0.096848,-0.053530,0.150469,0.329197,-0.320896,0.059453,-0.079768,-0.058898,-0.136233,0.283851,-0.248171,0.068516
-0.304568,0.074844,0.685371,-0.011398,0.006800,0.005117,0.999899,-0.056190,-0.001816,0.297829,-1.269492,-0.010313,-0.026814,0.516066,1.377763,-0.724568,0.445240,-0.018090,-0.099735,-0.051969,0.149336,0.345482,-0.330335,0.067173,-0.093281,-0.061528,-0.138212,0.326182,-0.255816,0.073623
-0.303059,0.074629,0.684124,-0.012747,0.005680,0.008276,0.999868,-0.056198,-0.001090,0.305035,-1.310259,-0.010002,-0.090159,0.518745,1.451593,-0.749270,0.511041,-0.022868,-0.106624,-0.048875,0.147497,0.367717,-0.341464,0.075675,-0.115199,-0.064730,-0.140198,0.385686,-0.257586,0.078110
-0.301774,0.074460,0.682691,-0.014681,0.005098,0.010993,0.999819,-0.056317,-0.000512,0.308978,-1.345089,-0.009380,-0.149405,0.513101,1.516359,-0.766978,0.559519,-0.025857,-0.117889,-0.044056,0.145149,0.396115,-0.354531,0.083766,-0.146792,-0.068582,-0.142738,0.464670,-0.256758,0.079522
-0.300807,0.074244,0.681026,-0.017281,0.005523,0.013275,0.999747,-0.056542,-0.000319,0.308776,-1.373519,-0.008554,-0.204527,0.499141,1.570496,-0.776211,0.590765,-0.025331,-0.135303,-0.037426,0.140948,0.431602,-0.368568,0.088329,-0.189860,-0.072782,-0.144952,0.564509,-0.255498,0.078524
-0.300091,0.073950,0.679080,-0.020385,0.007058,0.015122,0.999653,-0.056860,-0.000778,0.303805,-1.395711,-0.007621,-0.255185,0.478041,1.613613,-0.776829,0.606942,-0.020771,-0.159200,-0.029245,0.134144,0.474027,-0.383722,0.089804,-0.244272,-0.078030,-0.146620,0.684941,-0.254118,0.076564
-0.299585,0.073520,0.677172,-0.024022,0.009571,0.016544,0.999529,-0.057252,-0.002132,0.293414,-1.412105,-0.006550,-0.301617,0.451356,1.645514,-0.768641,0.611336,-0.012205,-0.188415,-0.019762,0.124776,0.520885,-0.402352,0.089526,-0.308505,-0.083997,-0.147136,0.822802,-0.255309,0.071915
-0.299204,0.073029,0.675083,-0.027881,0.013071,0.017659,0.999370,-0.057699,-0.004566,0.277583,-1.423579,-0.005448,-0.343335,0.420581,1.665233,-0.751180,0.607294,-0.001535,-0.221721,-0.010652,0.112678,0.570913,-0.423816,0.086322,-0.380871,-0.090669,-0.145531,0.973848,-0.258425,0.064709
-0.298914,0.072470,0.672842,-0.031733,0.017787,0.018934,0.999159,-0.058180,-0.008201,0.255120,-1.430859,-0.004220,-0.380779,0.386670,1.673101,-0.724144,0.597691,0.010539,-0.258293,-0.001928,0.099469,0.621604,-0.445271,0.081513,-0.458964,-0.098310,-0.142343,1.130739,-0.267281,0.055175
-0.298833,0.071767,0.670740,-0.035386,0.023700,0.020922,0.998874,-0.058703,-0.013120,0.224406,-1.435146,-0.002839,-0.413920,0.349904,1.670767,-0.688382,0.585107,0.021659,-0.297227,0.005501,0.085404,0.669903,-0.465709,0.075755,-0.540237,-0.106466,-0.137475,1.284590,-0.283032,0.046956
-0.298910,0.070957,0.668881,-0.038823,0.030289,0.023163,0.998518,-0.059276,-0.019273,0.185364,-1.437869,-0.001486,-0.442150,0.310199,1.660428,-0.645691,0.571245,0.032332,-0.335840,0.011664,0.070838,0.713333,-0.483938,0.069740,-0.621147,-0.114576,-0.130568,1.427971,-0.301016,0.042614
-0.298987,0.070172,0.667595,-0.041861,0.036552,0.025225,0.998136,-0.059903,-0.026439,0.139147,-1.440242,0.000126,-0.464116,0.268076,1.644701,-0.599303,0.558016,0.041763,-0.369801,0.016561,0.057325,0.748361,-0.500481,0.065433,-0.696742,-0.122873,-0.122502,1.553298,-0.318593,0.041564
-0.299134,0.069363,0.666970,-0.044737,0.042140,0.026551,0.997756,-0.060578,-0.034276,0.086590,-1.443038,0.001741,-0.480349,0.222683,1.626588,-0.552586,0.546532,0.050799,-0.397025,0.021257,0.045915,0.773405,-0.513616,0.062069,-0.764311,-0.129864,-0.114782,1.653905,-0.334070,0.042150
-0.299303,0.068565,0.666759,-0.047062,0.046683,0.027564,0.997420,-0.061300,-0.042381,0.028042,-1.447272,0.003308,-0.491867,0.174653,1.608398,-0.508732,0.537214,0.058740,-0.415968,0.025482,0.037187,0.787789,-0.519871,0.058350,-0.820985,-0.136633,-0.108561,1.726049,-0.344647,0.044871
-0.299509,0.067835,0.667461,-0.048856,0.050027,0.027845,0.997163,-0.062072,-0.050356,-0.035664,-1.453926,0.004846,-0.500525,0.123724,1.592363,-0.470470,0.531861,0.066377,-0.425754,0.029901,0.031796,0.789583,-0.520192,0.053497,-0.865168,-0.143256,-0.105157,1.767174,-0.350986,0.047669
-0.299637,0.067156,0.669039,-0.050229,0.051586,0.027228,0.997033,-0.062887,-0.057807,-0.102867,-1.463443,0.006401,-0.507401,0.070437,1.580228,-0.438701,0.531321,0.073628,-0.424838,0.034684,0.029501,0.779311,-0.515959,0.047264,-0.895071,-0.149271,-0.105218,1.777109,-0.352515,0.049462
-0.299551,0.066489,0.671364,-0.051246,0.051290,0.025583,0.997040,-0.063722,-0.064338,-0.171153,-1.475696,0.007908,-0.515208,0.015680,1.571885,-0.412360,0.535575,0.080931,-0.412616,0.040185,0.030210,0.757057,-0.507158,0.040169,-0.909485,-0.154457,-0.109651,1.756360,-0.350194,0.050436
-0.299259,0.065757,0.674348,-0.051929,0.049481,0.023844,0.997139,-0.064557,-0.069663,-0.238729,-1.490434,0.009506,-0.527238,-0.039148,1.566406,-0.389699,0.546883,0.086413,-0.391011,0.046088,0.033250,0.724397,-0.494523,0.032631,-0.909255,-0.158561,-0.118280,1.707056,-0.345172,0.050428
-0.298711,0.064946,0.677503,-0.052420,0.046702,0.022294,0.997283,-0.065378,-0.073611,-0.304074,-1.508127,0.010949,-0.549265,-0.092296,1.562376,-0.368498,0.567500,0.089401,-0.362680,0.052427,0.038520,0.684728,-0.478689,0.026427,-0.895953,-0.160726,-0.130897,1.632179,-0.337794,0.049588
-0.297804,0.064058,0.680786,-0.052503,0.043468,0.021603,0.997440,-0.066187,-0.076160,-0.368011,-1.528624,0.012645,-0.584566,-0.140969,1.557254,-0.345912,0.601181,0.088891,-0.330166,0.057961,0.045360,0.640124,-0.462002,0.021539,-0.871313,-0.160888,-0.145536,1.535540,-0.329094,0.049621
-0.296582,0.063119,0.683797,-0.052264,0.040238,0.021523,0.997590,-0.066986,-0.077401,-0.428829,-1.550930,0.014738,-0.635287,-0.184435,1.550305,-0.321430,0.652881,0.085253,-0.296456,0.062544,0.053375,0.595056,-0.446261,0.017374,-0.838374,-0.158421,-0.160464,1.421302,-0.318685,0.051081
-0.294937,0.062054,0.685939,-0.051609,0.037389,0.022482,0.997714,-0.067782,-0.077513,-0.484470,-1.576133,0.016886,-0.702913,-0.221218,1.540838,-0.295648,0.725641,0.078158,-0.264074,0.065535,0.061506,0.553703,-0.429800,0.011783,-0.800009,-0.153518,-0.173886,1.294312,-0.307425,0.055198
-0.292858,0.060854,0.687105,-0.050272,0.035024,0.024227,0.997827,-0.068592,-0.076706,-0.534885,-1.601814,0.019390,-0.788106,-0.250768,1.528228,-0.270541,0.821679,0.068987,-0.235071,0.066693,0.069582,0.518709,-0.414018,0.005657,-0.758620,-0.147049,-0.184136,1.159054,-0.295948,0.062855
-0.290120,0.059508,0.687303,-0.048108,0.033048,0.026586,0.997941,-0.069439,-0.075201,-0.581159,-1.626661,0.022285,-0.889097,-0.272838,1.513259,-0.248968,0.942610,0.059096,-0.210337,0.065643,0.077008,0.492547,-0.402388,0.000767,-0.715878,-0.140180,-0.189702,1.020692,-0.285709,0.074406
-0.286592,0.057994,0.686514,-0.045238,0.031555,0.029209,0.998050,-0.070340,-0.073190,-0.624378,-1.649115,0.025366,-1.002835,-0.288546,1.496501,-0.232937,1.086246,0.049244,-0.191052,0.062558,0.082670,0.477646,-0.397098,-0.002843,-0.674377,-0.133642,-0.189490,0.885954,-0.275502,0.087587
-0.282308,0.056323,0.684604,-0.041589,0.031029,0.031665,0.998151,-0.071295,-0.070901,-0.666027,-1.667787,0.028450,-1.124457,-0.301089,1.478732,-0.224129,1.248152,0.040747,-0.179520,0.057124,0.085552,0.476419,-0.397911,-0.006077,-0.637578,-0.128011,-0.183100,0.761295,-0.265957,0.101610
-0.277385,0.054476,0.681534,-0.037662,0.031704,0.033491,0.998226,-0.072290,-0.068556,-0.705153,-1.681373,0.031191,-1.250078,-0.314098,1.460935,-0.221797,1.420190,0.034776,-0.177140,0.050633,0.085185,0.490164,-0.404126,-0.009245,-0.608097,-0.123951,-0.171349,0.653173,-0.257312,0.114489
-0.271865,0.052441,0.677586,-0.034121,0.033813,0.033886,0.998271,-0.073301,-0.066353,-0.742173,-1.689011,0.033261,-1.376356,-0.330305,1.443697,-0.223528,1.591850,0.033079,-0.184094,0.044697,0.081350,0.517899,-0.416829,-0.012048,-0.588546,-0.120550,-0.156591,0.568412,-0.246105,0.125969
-0.265975,0.050169,0.681379,-0.031208,0.037172,0.032358,0.998297,-0.074275,-0.064478,-0.778315,-1.688040,0.034898,-1.499829,-0.352255,1.428431,-0.226704,1.753536,0.035525,-0.199277,0.040529,0.075948,0.557361,-0.437398,-0.012765,-0.581418,-0.117658,-0.141392,0.510858,-0.225652,0.134797
-0.259880,0.047847,0.682816,-0.028756,0.041762,0.028914,0.998295,-0.075157,-0.063077,-0.812174,-1.680537,0.035529,-1.616704,-0.381303,1.415874,-0.228734,1.897642,0.039757,-0.220817,0.037415,0.069867,0.605581,-0.464173,-0.012734,-0.587477,-0.115232,-0.126871,0.482140,-0.200959,0.139591
-0.253733,0.045570,0.681708,-0.026818,0.047094,0.023451,0.998255,-0.075883,-0.062238,-0.840887,-1.667650,0.035052,-1.723897,-0.416906,1.407257,-0.226952,2.018551,0.044100,-0.246180,0.034929,0.063324,0.659125,-0.495250,-0.012271,-0.605614,-0.112243,-0.113713,0.480864,-0.174837,0.140128
-0.247642,0.043352,0.678736,-0.025379,0.052942,0.016374,0.998141,-0.076410,-0.061992,-0.863212,-1.651548,0.033823,-1.819218,-0.456020,1.403361,-0.220644,2.113611,0.047891,-0.272478,0.033414,0.058158,0.713113,-0.529183,-0.010896,-0.632572,-0.108090,-0.103361,0.501219,-0.149322,0.136972
-0.241666,0.040941,0.674527,-0.024405,0.058807,0.008937,0.997931,-0.076724,-0.062321,-0.878391,-1.634650,0.032213,-1.899547,-0.493836,1.404014,-0.209843,2.183096,0.050280,-0.296328,0.033891,0.055820,0.762011,-0.564023,-0.008792,-0.664176,-0.103355,-0.097129,0.536834,-0.126874,0.130427
-0.235684,0.038252,0.669473,-0.023803,0.063954,0.002358,0.997666,-0.076854,-0.063133,-0.885721,-1.619966,0.030738,-1.961366,-0.524411,1.408935,-0.197470,2.229476,0.050648,-0.314011,0.036371,0.055920,0.802009,-0.596664,-0.007083,-0.695229,-0.097945,-0.095204,0.579874,-0.107614,0.121517
-0.229596,0.035275,0.664821,-0.023097,0.067596,-0.002308,0.997443,-0.076849,-0.064288,-0.884722,-1.610084,0.029662,-2.001211,-0.543223,1.417395,-0.185943,2.255951,0.048421,-0.322695,0.039952,0.058182,0.829290,-0.625533,-0.006183,-0.720052,-0.093081,-0.096423,0.620921,-0.095374,0.110985
-0.223262,0.032230,0.662034,-0.022045,0.069775,-0.005009,0.997307,-0.076784,-0.065633,-0.874958,-1.606048,0.028883,-2.018369,-0.548179,1.428325,-0.176200,2.264712,0.045092,-0.321486,0.043529,0.061322,0.842077,-0.647531,-0.006778,-0.734057,-0.089183,-0.099037,0.652670,-0.095900,0.100254
-0.216653,0.029044,0.661271,-0.020766,0.070739,-0.005806,0.997262,-0.076727,-0.067047,-0.857786,-1.607974,0.028467,-2.013583,-0.538629,1.441112,-0.169654,2.258379,0.042493,-0.310738,0.047492,0.064808,0.839061,-0.660634,-0.009316,-0.735268,-0.086431,-0.103236,0.670167,-0.102957,0.090401
-0.209763,0.025765,0.662285,-0.019256,0.070742,-0.004820,0.997297,-0.076723,-0.068439,-0.834384,-1.615742,0.028112,-1.987867,-0.515981,1.454528,-0.167516,2.238116,0.041861,-0.291151,0.052196,0.068876,0.820660,-0.662934,-0.015242,-0.723369,-0.085038,-0.108578,0.671759,-0.110976,0.080491
-0.202655,0.022509,0.664989,-0.017186,0.069839,-0.002376,0.997407,-0.076809,-0.069740,-0.805734,-1.628077,0.027505,-1.942310,-0.483662,1.467610,-0.169891,2.204592,0.042969,-0.265002,0.056812,0.072925,0.790993,-0.652040,-0.024407,-0.699510,-0.085430,-0.114025,0.657676,-0.118180,0.072482
-0.195314,0.019463,0.668823,-0.014513,0.067710,0.000833,0.997599,-0.077012,-0.070847,-0.773302,-1.643248,0.026410,-1.877785,-0.445139,1.479421,-0.176349,2.156799,0.045146,-0.233538,0.060204,0.075936,0.753943,-0.629017,-0.036806,-0.664599,-0.087037,-0.117958,0.629332,-0.121630,0.066663
-0.187879,0.016787,0.673389,-0.010942,0.064822,0.004145,0.997828,-0.077330,-0.071710,-0.739550,-1.659082,0.024583,-1.796553,-0.405837,1.489066,-0.185249,2.095030,0.046992,-0.199792,0.061659,0.079118,0.713545,-0.593216,-0.052112,-0.622131,-0.090042,-0.120584,0.589873,-0.120871,0.063084
-0.180538,0.014369,0.678196,-0.006596,0.061530,0.007343,0.998056,-0.077759,-0.072279,-0.707176,-1.673000,0.021944,-1.701397,-0.370046,1.495677,-0.194758,2.018998,0.047634,-0.166589,0.061519,0.083327,0.675470,-0.545680,-0.070551,-0.575441,-0.093845,-0.122044,0.543202,-0.116561,0.061200
-0.173401,0.012075,0.682755,-0.001815,0.057952,0.010522,0.998262,-0.078278,-0.072496,-0.678931,-1.684618,0.018761,-1.593034,-0.340282,1.499624,-0.205471,1.930432,0.046364,-0.136530,0.060902,0.088751,0.646674,-0.486419,-0.091639,-0.527135,-0.097699,-0.122397,0.493335,-0.109510,0.060136
-0.166567,0.009830,0.686675,0.003333,0.054049,0.013589,0.998440,-0.078869,-0.072318,-0.656359,-1.692753,0.015218,-1.471361,-0.318219,1.500806,-0.215746,1.829825,0.041963,-0.112576,0.060186,0.095796,0.635393,-0.421391,-0.110400,-0.480087,-0.101367,-0.121173,0.445127,-0.101330,0.058814
-0.160176,0.007564,0.689778,0.008427,0.050298,0.016539,0.998562,-0.079521,-0.071753,-0.642027,-1.697782,0.011941,-1.337654,-0.304453,1.498895,-0.224767,1.718784,0.034597,-0.098299,0.060339,0.103981,0.648135,-0.360334,-0.122429,-0.437382,-0.104248,-0.118356,0.402121,-0.093292,0.056212
-0.154353,0.005310,0.691969,0.013086,0.046974,0.018919,0.998631,-0.080215,-0.070873,-0.636379,-1.699484,0.009208,-1.195422,-0.299125,1.494926,-0.231908,1.600241,0.025753,-0.095746,0.061702,0.112317,0.688441,-0.307826,-0.125972,-0.401478,-0.106102,-0.113919,0.367618,-0.086524,0.052078
-0.149101,0.003089,0.693291,0.017059,0.044360,0.020179,0.998666,-0.080916,-0.069797,-0.637829,-1.697200,0.007113,-1.050543,-0.302046,1.490528,-0.236161,1.477565,0.018099,-0.106737,0.064324,0.117620,0.758401,-0.262832,-0.120536,-0.374290,-0.106804,-0.107163,0.343917,-0.081887,0.046198
-0.144411,0.000981,0.693761,0.020061,0.042386,0.019819,0.998703,-0.081569,-0.068627,-0.643860,-1.691167,0.005625,-0.908785,-0.312344,1.487578,-0.237557,1.353181,0.014064,-0.131026,0.067235,0.117305,0.856202,-0.231192,-0.107207,-0.356279,-0.105732,-0.097415,0.332137,-0.079636,0.038936
-0.140182,-0.000937,0.693519,0.022377,0.041278,0.017761,0.998739,-0.082110,-0.067500,-0.652301,-1.682870,0.004736,-0.775100,-0.328411,1.488005,-0.237021,1.232508,0.013556,-0.167873,0.068602,0.110762,0.977930,-0.212646,-0.088604,-0.347874,-0.103458,-0.085101,0.332674,-0.079675,0.031490
-0.136366,-0.002658,0.692976,0.024275,0.040886,0.014626,0.998762,-0.082494,-0.066545,-0.661434,-1.673485,0.004337,-0.653785,-0.347309,1.491275,-0.234649,1.120414,0.014209,-0.215836,0.066596,0.098286,1.116882,-0.208068,-0.067022,-0.348058,-0.100790,-0.071281,0.344408,-0.083780,0.023326
-0.132920,-0.004264,0.692133,0.025450,0.041122,0.011130,0.998768,-0.082705,-0.065850,-0.670413,-1.664547,0.004365,-0.549526,-0.366562,1.497637,-0.232207,1.021367,0.015128,-0.273297,0.061566,0.079989,1.264251,-0.215261,-0.048449,-0.355478,-0.096965,-0.057220,0.365832,-0.091318,0.014916
-0.129675,-0.005875,0.691831,0.026099,0.041671,0.007892,0.998759,-0.082759,-0.065441,-0.677384,-1.657195,0.004514,-0.466127,-0.384389,1.506850,-0.230778,0.939165,0.015032,-0.338183,0.051054,0.055292,1.414402,-0.215591,-0.033224,-0.367944,-0.092114,-0.043849,0.394914,-0.102105,0.008006
-0.126817,-0.007715,0.691437,0.026418,0.043018,0.005990,0.998707,-0.082699,-0.065316,-0.683915,-1.651895,0.004808,-0.405212,-0.400326,1.517624,-0.230960,0.876149,0.018999,-0.407769,0.028349,0.022461,1.551564,-0.204411,0.023462,-0.384096,-0.089164,-0.037164,0.428611,-0.115855,0.002191
-0.124292,-0.009358,0.690631,0.026539,0.045048,0.005613,0.998616,-0.082567,-0.065447,-0.690933,-1.650756,0.005200,-0.366668,-0.414030,1.527813,-0.232805,0.834010,0.021456,-0.479602,0.000468,-0.005131,1.669314,-0.203501,0.091212,-0.402677,-0.087383,-0.034843,0.464465,-0.132077,-0.001938
-0.122085,-0.010991,0.689519,0.026566,0.047898,0.007215,0.998473,-0.082435,-0.065797,-0.698942,-1.653872,0.005639,-0.350614,-0.424790,1.536169,-0.235333,0.813997,0.020542,-0.551929,-0.028925,-0.026194,1.766832,-0.213646,0.161685,-0.422777,-0.086552,-0.036117,0.499831,-0.149831,-0.005530
-0.120081,-0.012510,0.688196,0.026517,0.051398,0.010272,0.998273,-0.082355,-0.066302,-0.707503,-1.661064,0.006051,-0.357378,-0.432876,1.541715,-0.237074,0.815280,0.016965,-0.623934,-0.057929,-0.041590,1.843109,-0.225469,0.233248,-0.443263,-0.086426,-0.040060,0.533031,-0.168333,-0.009449
-0.118434,-0.013953,0.686848,0.026155,0.055548,0.014004,0.998015,-0.082369,-0.066920,-0.714784,-1.669174,0.006471,-0.386876,-0.440160,1.545378,-0.236349,0.836385,0.013774,-0.694760,-0.084798,-0.052280,1.896131,-0.236481,0.306469,-0.464029,-0.086396,-0.046161,0.563449,-0.185271,-0.012510
-0.117033,-0.015202,0.685683,0.025802,0.060280,0.017744,0.997690,-0.082497,-0.067623,-0.718946,-1.679007,0.006990,-0.441497,-0.446612,1.546824,-0.232074,0.876219,0.012651,-0.762175,-0.109765,-0.059297,1.925142,-0.243911,0.381727,-0.483699,-0.087283,-0.053120,0.588885,-0.200254,-0.015095
-0.115848,-0.015874,0.684729,0.025498,0.065383,0.020779,0.997318,-0.082713,-0.068359,-0.720327,-1.689097,0.007606,-0.520506,-0.452267,1.545502,-0.223599,0.932977,0.011736,-0.824348,-0.118203,-0.056293,1.935577,-0.253225,0.409458,-0.502056,-0.088167,-0.058442,0.608940,-0.212930,-0.017036
-0.114566,-0.016171,0.683957,0.025235,0.070368,0.022771,0.996942,-0.082982,-0.069080,-0.716343,-1.699097,0.008306,-0.622947,-0.456715,1.542611,-0.210683,1.005785,0.006380,-0.880692,-0.114476,-0.049639,1.929584,-0.266036,0.360599,-0.518980,-0.086197,-0.056580,0.624305,-0.222965,-0.019518
-0.113101,-0.016498,0.683421,0.024937,0.075300,0.023983,0.996561,-0.083274,-0.069740,-0.706127,-1.707596,0.009058,-0.745690,-0.459023,1.539120,-0.195035,1.092884,0.002693,-0.929182,-0.106604,-0.047189,1.906071,-0.265883,0.281130,-0.534082,-0.083654,-0.053375,0.635953,-0.230738,-0.021430
-0.111398,-0.016772,0.683156,0.024716,0.079924,0.024273,0.996199,-0.083544,-0.070316,-0.690460,-1.714695,0.009936,-0.883501,-0.459376,1.535721,-0.178377,1.191932,0.001321,-0.968608,-0.097242,-0.046958,1.864087,-0.248561,0.190182,-0.547290,-0.081474,-0.050444,0.645490,-0.236338,-0.023509
-0.109453,-0.017093,0.682947,0.024254,0.084229,0.024086,0.995860,-0.083777,-0.070817,-0.671050,-1.719295,0.010979,-1.029736,-0.457929,1.532407,-0.161776,1.299531,0.002148,-0.998118,-0.086754,-0.047324,1.804200,-0.225001,0.096961,-0.558753,-0.079267,-0.048209,0.653522,-0.241453,-0.025910
-0.107152,-0.017423,0.682740,0.023596,0.088239,0.023705,0.995538,-0.083957,-0.071233,-0.650799,-1.723266,0.012151,-1.178932,-0.454632,1.528157,-0.145905,1.411795,0.004362,-1.017542,-0.075124,-0.047467,1.730285,-0.199991,0.004781,-0.568715,-0.076956,-0.046577,0.661181,-0.246698,-0.028344
-0.104486,-0.017796,0.682332,0.022565,0.091913,0.023328,0.995238,-0.084070,-0.071563,-0.632445,-1.725989,0.013321,-1.323817,-0.451129,1.523501,-0.132167,1.525300,0.007445,-1.027670,-0.062419,-0.047419,1.647957,-0.173245,-0.084822,-0.578119,-0.074152,-0.045440,0.670327,-0.253322,-0.031364
-0.101613,-0.018447,0.681708,0.021170,0.095447,0.023353,0.994935,-0.084129,-0.071855,-0.616377,-1.727621,0.014528,-1.459096,-0.448698,1.519134,-0.121641,1.637482,0.013740,-1.029981,-0.061399,-0.053332,1.554436,-0.149313,-0.126584,-0.587998,-0.071883,-0.046744,0.682436,-0.261862,-0.035961
-0.098588,-0.019039,0.680697,0.019413,0.098764,0.023382,0.994647,-0.084142,-0.072156,-0.603958,-1.728364,0.015575,-1.581310,-0.447779,1.514128,-0.114743,1.744549,0.022268,-1.025802,-0.060954,-0.056767,1.461012,-0.127838,-0.140474,-0.598716,-0.070324,-0.050633,0.698811,-0.272247,-0.038440
-0.095545,-0.019545,0.679167,0.017398,0.101581,0.023398,0.994400,-0.084115,-0.072518,-0.595637,-1.728535,0.016448,-1.688968,-0.449436,1.508745,-0.110387,1.843871,0.030152,-1.016657,-0.059559,-0.060101,1.374685,-0.105124,-0.142159,-0.610588,-0.068467,-0.054355,0.719848,-0.285273,-0.041384
-0.092553,-0.019904,0.676930,0.015193,0.103791,0.023269,0.994211,-0.084062,-0.072954,-0.590418,-1.728043,0.016969,-1.781488,-0.453763,1.502152,-0.108037,1.933620,0.036968,-1.004435,-0.057211,-0.064561,1.298736,-0.085847,-0.138875,-0.623539,-0.065930,-0.057453,0.745801,-0.301986,-0.043986
-0.089676,-0.020001,0.674012,0.012855,0.105155,0.022575,0.994116,-0.083981,-0.073453,-0.587285,-1.727311,0.017196,-1.860335,-0.461044,1.494668,-0.106815,2.012205,0.043091,-0.988817,-0.054470,-0.070810,1.236941,-0.080833,-0.132407,-0.637330,-0.062640,-0.059947,0.776980,-0.320905,-0.045396
-0.086897,-0.019831,0.670496,0.010459,0.105611,0.021255,0.994125,-0.083863,-0.073984,-0.584476,-1.726518,0.017162,-1.926826,-0.470925,1.486619,-0.106254,2.078686,0.048849,-0.970846,-0.051360,-0.077223,1.191225,-0.090260,-0.125781,-0.651323,-0.059081,-0.061684,0.812209,-0.341464,-0.046095
-0.084300,-0.019309,0.666505,0.008328,0.105114,0.019121,0.994241,-0.083696,-0.074529,-0.579560,-1.724910,0.016827,-1.981737,-0.483075,1.477943,-0.104824,2.132353,0.054964,-0.951877,-0.048513,-0.082629,1.160190,-0.112594,-0.118860,-0.664859,-0.056003,-0.062815,0.850053,-0.362990,-0.045235
-0.081866,-0.018456,0.662314,0.006604,0.103715,0.016041,0.994456,-0.083465,-0.075049,-0.571209,-1.722073,0.016216,-2.025902,-0.496467,1.468729,-0.101562,2.172392,0.062276,-0.932198,-0.046550,-0.086284,1.141427,-0.145346,-0.110630,-0.676790,-0.053982,-0.063022,0.888276,-0.384320,-0.043103
-0.079603,-0.017275,0.658153,0.005347,0.101158,0.012098,0.994782,-0.083155,-0.075491,-0.558514,-1.718101,0.015439,-2.058702,-0.509810,1.459162,-0.096272,2.198287,0.070541,-0.910544,-0.045457,-0.087639,1.130586,-0.187887,-0.100036,-0.685294,-0.053015,-0.062208,0.923720,-0.405171,-0.041827
-0.077550,-0.015833,0.654462,0.004675,0.097783,0.007329,0.995170,-0.082753,-0.075792,-0.541727,-1.712618,0.014596,-2.080206,-0.522043,1.449306,-0.088647,2.210761,0.079537,-0.887438,-0.045684,-0.087322,1.124080,-0.236959,-0.085551,-0.689541,-0.052809,-0.060459,0.953849,-0.423296,-0.040088
-0.075784,-0.014127,0.651636,0.004616,0.093874,0.001738,0.995572,-0.082249,-0.075906,-0.522668,-1.705200,0.013887,-2.091567,-0.532709,1.438871,-0.078681,2.211182,0.088542,-0.862770,-0.047219,-0.084550,1.117853,-0.288068,-0.071632,-0.688887,-0.053496,-0.057355,0.975344,-0.437394,-0.038299
-0.074304,-0.012316,0.649948,0.005300,0.089300,-0.004297,0.995981,-0.081635,-0.075796,-0.502928,-1.694960,0.013267,-2.093681,-0.541078,1.427695,-0.066587,2.201933,0.097009,-0.836584,-0.049263,-0.079297,1.108753,-0.325413,-0.059293,-0.681905,-0.055063,-0.053062,0.985454,-0.447275,-0.037438
-0.073217,-0.010425,0.649712,0.006760,0.084273,-0.010875,0.996360,-0.080901,-0.075409,-0.485032,-1.680523,0.012728,-2.088320,-0.547292,1.415561,-0.052401,2.186164,0.105050,-0.807769,-0.051999,-0.072674,1.092091,-0.347483,-0.047724,-0.668041,-0.057417,-0.047880,0.982757,-0.451599,-0.036575
-0.072533,-0.008584,0.651082,0.008891,0.079079,-0.017819,0.996669,-0.080035,-0.074716,-0.472311,-1.660039,0.012323,-2.078349,-0.550730,1.401880,-0.036698,2.168132,0.112263,-0.775495,-0.055162,-0.065359,1.065586,-0.356059,-0.037372,-0.647583,-0.060444,-0.041875,0.966275,-0.449257,-0.035536
-0.072190,-0.006795,0.653968,0.011648,0.073475,-0.025250,0.996909,-0.079022,-0.073679,-0.466752,-1.632622,0.011929,-2.066012,-0.551066,1.386483,-0.019310,2.151479,0.118592,-0.738662,-0.058041,-0.057367,1.029099,-0.352350,-0.029343,-0.619966,-0.063953,-0.035103,0.935870,-0.440251,-0.034334
-0.072161,-0.005150,0.658204,0.014920,0.067663,-0.033077,0.997048,-0.077841,-0.072271,-0.470820,-1.596893,0.011671,-2.053757,-0.548580,1.369624,0.000122,2.139030,0.124224,-0.698219,-0.060368,-0.048451,0.983963,-0.336672,-0.023179,-0.585806,-0.068059,-0.028016,0.892334,-0.424729,-0.033367
-0.072453,-0.003689,0.663464,0.018467,0.061798,-0.041271,0.997064,-0.076467,-0.070510,-0.486855,-1.551592,0.011603,-2.043278,-0.543257,1.351110,0.021472,2.133085,0.129474,-0.655568,-0.061856,-0.037954,0.930622,-0.312739,-0.022198,-0.546387,-0.072433,-0.020954,0.836960,-0.403053,-0.033055
-0.072963,-0.002597,0.669304,0.022488,0.056010,-0.049408,0.996953,-0.074878,-0.068434,-0.515747,-1.496258,0.011758,-2.034396,-0.534628,1.331288,0.044595,2.135398,0.134751,-0.612178,-0.062743,-0.026108,0.874001,-0.279234,-0.023088,-0.502869,-0.077614,-0.015130,0.772688,-0.375982,-0.031810
-0.073721,-0.001779,0.675510,0.026903,0.050704,-0.057291,0.996706,-0.073057,-0.066105,-0.558131,-1.432497,0.012316,-2.026203,-0.521741,1.309542,0.068632,2.147325,0.138901,-0.571940,-0.063394,-0.012579,0.817985,-0.237883,-0.027927,-0.457609,-0.084185,-0.010422,0.702462,-0.344251,-0.029230
-0.074603,-0.001308,0.681851,0.031686,0.045669,-0.064409,0.996374,-0.071015,-0.063605,-0.614655,-1.362332,0.013441,-2.015527,-0.502484,1.285636,0.092445,2.168928,0.141149,-0.537349,-0.063364,0.002715,0.768058,-0.185047,-0.038225,-0.412004,-0.092316,-0.007395,0.629429,-0.310830,-0.027667
-0.075572,-0.001280,0.687452,0.036506,0.040867,-0.070259,0.996022,-0.068781,-0.061001,-0.685391,-1.290474,0.015624,-1.998624,-0.474899,1.260193,0.115019,2.198848,0.141065,-0.511291,-0.061998,0.017975,0.729279,-0.120249,-0.052693,-0.367615,-0.100730,-0.005995,0.557580,-0.277389,-0.026976
-0.076672,-0.001827,0.692153,0.041057,0.036691,-0.074322,0.995713,-0.066399,-0.058396,-0.770999,-1.221380,0.019426,-1.972705,-0.437569,1.233957,0.134567,2.235471,0.139021,-0.496321,-0.059666,0.031760,0.705607,-0.045810,-0.071825,-0.326809,-0.108569,-0.005392,0.490059,-0.245582,-0.026916
-0.077961,-0.003037,0.695743,0.045086,0.033383,-0.076104,0.995520,-0.063932,-0.055916,-0.871112,-1.161181,0.025052,-1.934501,-0.389074,1.208419,0.149693,2.276859,0.134105,-0.494426,-0.055212,0.043586,0.700213,0.026396,-0.091526,-0.292132,-0.115068,-0.006004,0.430895,-0.216602,-0.026918
-0.079503,-0.004821,0.698310,0.048585,0.030975,-0.075355,0.995491,-0.061454,-0.053689,-0.984472,-1.116966,0.032539,-1.881632,-0.329871,1.185863,0.159652,2.320111,0.125757,-0.507044,-0.048180,0.053888,0.718607,0.088284,-0.107551,-0.265502,-0.120510,-0.007818,0.383265,-0.192408,-0.026479
-0.081454,-0.006960,0.699913,0.051043,0.029372,-0.072225,0.995648,-0.059026,-0.051820,-1.109342,-1.094183,0.041514,-1.812346,-0.261415,1.167939,0.164511,2.361601,0.112435,-0.534438,-0.037749,0.062116,0.761768,0.135176,-0.119332,-0.248021,-0.123776,-0.010301,0.349051,-0.173794,-0.026529
-0.083820,-0.009274,0.700662,0.052514,0.028797,-0.066795,0.995968,-0.056712,-0.050388,-1.243287,-1.094740,0.051021,-1.726012,-0.187740,1.157176,0.164734,2.398159,0.093907,-0.576118,-0.024372,0.066707,0.829606,0.166566,-0.126148,-0.240776,-0.124516,-0.013112,0.329644,-0.161197,-0.026788
-0.086588,-0.011495,0.700515,0.053076,0.029409,-0.059817,0.996363,-0.054554,-0.049490,-1.382360,-1.117388,0.060309,-1.625176,-0.115139,1.155485,0.161184,2.427732,0.069589,-0.631444,-0.008815,0.066204,0.920789,0.179772,-0.127694,-0.244646,-0.122510,-0.015286,0.325533,-0.153475,-0.025558
-0.089648,-0.013287,0.699740,0.053110,0.030833,-0.052299,0.996741,-0.052576,-0.049197,-1.522300,-1.156409,0.068178,-1.513701,-0.050998,1.163056,0.154948,2.449137,0.040269,-0.697536,0.008155,0.061696,1.032305,0.173321,-0.126784,-0.258405,-0.118875,-0.016336,0.335000,-0.151137,-0.022944
-0.092962,-0.014365,0.698373,0.052871,0.032914,-0.044959,0.997046,-0.050786,-0.049557,-1.658157,-1.205355,0.074183,-1.397542,-0.002479,1.177997,0.147568,2.463279,0.006348,-0.771848,0.026619,0.054501,1.159984,0.148434,-0.122949,-0.280788,-0.114491,-0.016728,0.356578,-0.153319,-0.019481
-0.096500,-0.014470,0.696599,0.052717,0.035346,-0.038448,0.997243,-0.049164,-0.050575,-1.784060,-1.256170,0.077916,-1.284959,0.023429,1.196941,0.139887,2.471680,-0.029790,-0.851284,0.044869,0.045121,1.298762,0.115341,-0.120445,-0.309693,-0.110111,-0.015473,0.387115,-0.159159,-0.015606
-0.100168,-0.013682,0.694734,0.052762,0.037865,-0.033057,0.997341,-0.047666,-0.052204,-1.893279,-1.301141,0.079288,-1.185787,0.020987,1.215421,0.132334,2.476435,-0.065526,-0.931411,0.061682,0.033453,1.440314,0.081915,-0.121592,-0.342371,-0.106341,-0.012449,0.423636,-0.166909,-0.012671
-0.103868,-0.012187,0.692988,0.053212,0.039934,-0.028904,0.997366,-0.046245,-0.054357,-1.979045,-1.333771,0.078735,-1.111592,-0.013455,1.229811,0.125330,2.478524,-0.097244,-1.007380,0.074961,0.020238,1.577561,0.050289,-0.126764,-0.375835,-0.103642,-0.007407,0.462536,-0.175683,-0.010364
-0.107642,-0.010332,0.691069,0.053970,0.040833,-0.025906,0.997371,-0.044869,-0.056894,-2.035044,-1.349011,0.077276,-1.073922,-0.080425,1.236484,0.119694,2.477108,-0.123022,-1.073868,0.084788,0.007632,1.703998,0.020633,-0.135016,-0.406266,-0.102361,-0.001406,0.499817,-0.184900,-0.008767
-0.111460,-0.008556,0.689153,0.054878,0.040046,-0.023134,0.997421,-0.043521,-0.059617,-2.055029,-1.343882,0.075281,-1.081733,-0.177302,1.233081,0.117190,2.469686,-0.141791,-1.126190,0.091094,-0.002611,1.814425,-0.007362,-0.144916,-0.429776,-0.102688,0.004994,0.531947,-0.193599,-0.008346
-0.115273,-0.007304,0.687525,0.055682,0.037463,-0.019733,0.997550,-0.042201,-0.062318,-2.033030,-1.317480,0.072742,-1.139438,-0.298792,1.219584,0.120994,2.453793,-0.154158,-1.161113,0.094482,-0.009272,1.904651,-0.032721,-0.154595,-0.443850,-0.104369,0.010603,0.555776,-0.200117,-0.009340
-0.118810,-0.006905,0.686349,0.056280,0.033008,-0.014841,0.997759,-0.040918,-0.064779,-1.968047,-1.270851,0.068542,-1.245946,-0.439344,1.197949,0.133854,2.427245,-0.161496,-1.176694,0.094566,-0.012105,1.971304,-0.054186,-0.163075,-0.446791,-0.107042,0.014315,0.569373,-0.203695,-0.010900
-0.121752,-0.007311,0.685683,0.056589,0.026773,-0.008083,0.998006,-0.039706,-0.066803,-1.864375,-1.209209,0.062538,-1.391404,-0.594134,1.169712,0.157936,2.389025,-0.164317,-1.172072,0.090186,-0.011281,2.012822,-0.069562,-0.169236,-0.437848,-0.111004,0.015875,0.571509,-0.204480,-0.012317
-0.124257,-0.008425,0.685461,0.056501,0.018800,0.000713,0.998225,-0.038629,-0.068195,-1.727621,-1.141293,0.055008,-1.559179,-0.757694,1.137768,0.194127,2.337337,-0.164257,-1.147965,0.081660,-0.007622,2.029618,-0.078165,-0.172887,-0.417202,-0.115589,0.014681,0.562465,-0.201963,-0.012495
-0.126478,-0.010045,0.685784,0.055907,0.009806,0.011527,0.998321,-0.037762,-0.068825,-1.564064,-1.074828,0.045943,-1.735352,-0.924976,1.105567,0.242133,2.271337,-0.162428,-1.107011,0.070611,-0.001960,2.022927,-0.079778,-0.174681,-0.387195,-0.120465,0.010474,0.543499,-0.196483,-0.012124
-0.128276,-0.011974,0.686464,0.054921,0.000257,0.023996,0.998202,-0.037160,-0.068640,-1.380499,-1.017145,0.035464,-1.906093,-1.090597,1.077016,0.301550,2.191038,-0.159186,-1.051720,0.058029,0.004332,1.994887,-0.074829,-0.176239,-0.350355,-0.124968,0.004024,0.517271,-0.188779,-0.010717
-0.129779,-0.014100,0.686954,0.053369,-0.009250,0.037494,0.997828,-0.036871,-0.067663,-1.184796,-0.975943,0.024074,-2.059283,-1.251354,1.054790,0.370663,2.098381,-0.155283,-0.985965,0.045796,0.009168,1.947613,-0.065516,-0.175879,-0.310492,-0.128185,-0.004454,0.487463,-0.179354,-0.007937
-0.131037,-0.016017,0.687022,0.051189,-0.018329,0.051414,0.997196,-0.036916,-0.065963,-0.984877,-0.958165,0.012689,-2.186516,-1.405651,1.039938,0.445589,1.995363,-0.150985,-0.913164,0.035062,0.012359,1.885215,-0.051229,-0.173356,-0.271025,-0.129956,-0.014309,0.458014,-0.169179,-0.004050
-0.132304,-0.017493,0.686681,0.048208,-0.026474,0.064972,0.996370,-0.037301,-0.063652,-0.784877,-0.967245,0.002596,-2.284260,-1.552264,1.031497,0.522075,1.883944,-0.146323,-0.836506,0.027476,0.013572,1.810910,-0.033587,-0.169277,-0.235297,-0.129877,-0.024587,0.431734,-0.159790,0.000030
-0.133779,-0.018460,0.685762,0.044305,-0.033546,0.077666,0.995429,-0.038021,-0.060862,-0.585313,-1.002603,-0.005887,-2.356358,-1.689634,1.028970,0.597423,1.765264,-0.142028,-0.757991,0.024591,0.012727,1.727800,-0.015200,-0.164727,-0.205348,-0.127188,-0.034844,0.411414,-0.151059,0.003548
-0.135351,-0.018782,0.684446,0.039600,-0.039436,0.088993,0.994463,-0.039046,-0.057753,-0.390618,-1.058689,-0.013009,-2.411514,-1.816470,1.031939,0.670744,1.641188,-0.138503,-0.679195,0.026598,0.010858,1.637991,0.002552,-0.160458,-0.182550,-0.122479,-0.044650,0.398364,-0.144259,0.005279
-0.136783,-0.018495,0.682652,0.034382,-0.044687,0.098762,0.993512,-0.040337,-0.054454,-0.204011,-1.129601,-0.018867,-2.454153,-1.932052,1.039875,0.742344,1.514085,-0.136333,-0.600332,0.032879,0.008320,1.543321,0.018159,-0.156289,-0.166209,-0.116289,-0.053624,0.393629,-0.139758,0.006592
-0.138267,-0.017611,0.681152,0.028545,-0.048905,0.107017,0.992643,-0.041854,-0.051081,-0.028281,-1.210380,-0.023712,-2.487696,-2.037771,1.050550,0.812414,1.387735,-0.135818,-0.523294,0.042511,0.005431,1.445085,0.031283,-0.150496,-0.156796,-0.109088,-0.061596,0.396804,-0.137153,0.007094
-0.139877,-0.015975,0.679592,0.022336,-0.051996,0.113924,0.991876,-0.043569,-0.047738,0.132464,-1.295684,-0.027622,-2.515364,-2.133676,1.061244,0.881620,1.265496,-0.137605,-0.448874,0.053363,0.003500,1.343509,0.030839,-0.145604,-0.154149,-0.101635,-0.068041,0.406221,-0.136772,0.006685
-0.141684,-0.013817,0.677941,0.015806,-0.053940,0.119869,0.991197,-0.045479,-0.044520,0.274647,-1.379196,-0.031152,-2.538703,-2.220584,1.069478,0.950917,1.150616,-0.140834,-0.376680,0.063465,0.001988,1.241560,0.009696,-0.142081,-0.157528,-0.093664,-0.072883,0.420472,-0.137551,0.006162
-0.143837,-0.011085,0.676254,0.009506,-0.055053,0.125030,0.990579,-0.047596,-0.041480,0.392078,-1.456162,-0.033885,-2.559381,-2.298786,1.075236,1.021859,1.044583,-0.145494,-0.307703,0.071624,0.002614,1.141043,-0.031463,-0.140573,-0.165352,-0.086646,-0.077626,0.437521,-0.138946,0.005845
-0.146370,-0.007955,0.674411,0.003646,-0.055536,0.129089,0.990070,-0.049902,-0.038628,0.478453,-1.520642,-0.035653,-2.578079,-2.367671,1.079363,1.094525,0.948705,-0.148999,-0.243678,0.077671,0.006025,1.044239,-0.088347,-0.138207,-0.176686,-0.081217,-0.082578,0.456321,-0.140650,0.008344
-0.149238,-0.004730,0.672586,-0.001646,-0.055207,0.132093,0.989697,-0.052388,-0.035973,0.531527,-1.564195,-0.036117,-2.590016,-2.427058,1.081418,1.167676,0.865151,-0.150175,-0.186690,0.081617,0.012491,0.953517,-0.154771,-0.132859,-0.191776,-0.077847,-0.088182,0.477041,-0.141031,0.014743
-0.152906,-0.001544,0.670943,-0.006386,-0.053895,0.133931,0.989503,-0.055024,-0.033519,0.549730,-1.586756,-0.036273,-2.597702,-2.475099,1.079961,1.238896,0.796446,-0.148493,-0.138617,0.083680,0.022339,0.870475,-0.224559,-0.124960,-0.211882,-0.077065,-0.094922,0.499826,-0.138107,0.024373
-0.157289,0.001484,0.669729,-0.010499,-0.051913,0.134287,0.989526,-0.057742,-0.031272,0.529681,-1.585095,-0.035870,-2.603831,-2.509797,1.073462,1.304233,0.746231,-0.143399,-0.099815,0.084526,0.034593,0.796711,-0.294656,-0.115755,-0.237433,-0.078831,-0.102377,0.525654,-0.128874,0.036034
-0.162417,0.004297,0.669524,-0.013826,-0.049720,0.132733,0.989807,-0.060467,-0.029227,0.471746,-1.558031,-0.034958,-2.604613,-2.529149,1.060530,1.359399,0.719008,-0.133309,-0.070198,0.083950,0.047435,0.734496,-0.351313,-0.104396,-0.267451,-0.082748,-0.109699,0.555563,-0.108615,0.050776
-0.168461,0.006917,0.670020,-0.016294,-0.047669,0.128776,0.990393,-0.063125,-0.027343,0.375748,-1.506823,-0.032830,-2.597658,-2.529887,1.040334,1.399972,0.718785,-0.118172,-0.050541,0.082511,0.059640,0.682159,-0.388916,-0.091491,-0.301014,-0.088530,-0.115229,0.589331,-0.079579,0.067850
-0.175285,0.009163,0.670536,-0.018429,-0.045765,0.122463,0.991246,-0.065627,-0.025576,0.247358,-1.434980,-0.029814,-2.580013,-2.509338,1.009560,1.420861,0.750421,-0.097429,-0.040074,0.080882,0.069162,0.640354,-0.407711,-0.076095,-0.337811,-0.094628,-0.117937,0.629715,-0.047633,0.086571
-0.182666,0.011031,0.670490,-0.020480,-0.044553,0.114556,0.992206,-0.067890,-0.023855,0.093318,-1.349403,-0.025637,-2.549848,-2.463254,0.963873,1.417479,0.819173,-0.075155,-0.036325,0.079498,0.074808,0.608273,-0.411326,-0.062523,-0.376219,-0.100613,-0.118942,0.678642,-0.017038,0.102798
-0.190271,0.012630,0.669630,-0.022617,-0.044029,0.105416,0.993195,-0.069851,-0.022110,-0.079695,-1.262069,-0.020042,-2.510505,-2.386606,0.900470,1.387130,0.929760,-0.051608,-0.036926,0.079125,0.076437,0.584050,-0.405629,-0.052035,-0.414264,-0.106101,-0.119097,0.736416,0.008280,0.114803
-0.197181,0.013954,0.667787,-0.024962,-0.044272,0.095871,0.994095,-0.071487,-0.020311,-0.266893,-1.179797,-0.011392,-2.458371,-2.280740,0.818176,1.331110,1.082943,-0.027640,-0.039714,0.080214,0.073710,0.566224,-0.396700,-0.044129,-0.448817,-0.110175,-0.117922,0.802619,0.025108,0.120692
-0.203333,0.015048,0.668042,-0.027452,-0.044947,0.086430,0.994865,-0.072827,-0.018440,-0.462103,-1.112629,0.000485,-2.389708,-2.148381,0.719712,1.255158,1.271344,-0.004692,-0.043728,0.081932,0.067631,0.553409,-0.387540,-0.038657,-0.478278,-0.111799,-0.115719,0.875565,0.031568,0.120971
-0.208702,0.015939,0.669426,-0.030196,-0.045865,0.077607,0.995471,-0.073893,-0.016495,-0.661586,-1.069834,0.015995,-2.304480,-1.992862,0.612748,1.165988,1.481635,0.016434,-0.048759,0.084784,0.059904,0.545237,-0.379497,-0.034987,-0.501904,-0.110543,-0.113300,0.952932,0.024586,0.115040
-0.213567,0.016925,0.670719,-0.033047,-0.046855,0.069790,0.995913,-0.074710,-0.014485,-0.859897,-1.060431,0.034649,-2.199551,-1.818420,0.506930,1.070098,1.699200,0.034541,-0.054446,0.087831,0.051757,0.541074,-0.371746,-0.032707,-0.519644,-0.107133,-0.111947,1.033035,0.007098,0.105638
-0.218250,0.018377,0.671753,-0.035484,-0.048103,0.063135,0.996213,-0.075304,-0.012428,-1.053412,-1.088174,0.054422,-2.070552,-1.629086,0.414191,0.974054,1.909421,0.048760,-0.060205,0.089938,0.044386,0.539328,-0.364880,-0.031314,-0.530609,-0.103155,-0.111458,1.111705,-0.013855,0.094325
-0.223123,0.020364,0.672336,-0.037252,-0.049190,0.057543,0.996434,-0.075732,-0.010368,-1.238902,-1.149011,0.072215,-1.915747,-1.431082,0.346583,0.883632,2.098386,0.060269,-0.066289,0.090400,0.039032,0.538443,-0.360732,-0.029008,-0.535188,-0.099566,-0.111066,1.183970,-0.033778,0.083447
-0.228427,0.022790,0.672518,-0.038121,-0.050090,0.052901,0.996614,-0.076028,-0.008339,-1.413305,-1.232580,0.085808,-1.738845,-1.231082,0.313315,0.802353,2.253662,0.068207,-0.072665,0.088375,0.035407,0.538482,-0.358705,-0.026046,-0.533409,-0.096046,-0.108854,1.245119,-0.049940,0.073937
-0.234463,0.025553,0.672555,-0.037849,-0.050532,0.048572,0.996822,-0.076208,-0.006365,-1.573978,-1.325847,0.094411,-1.546489,-1.031082,0.321101,0.729241,2.368425,0.072615,-0.080074,0.083386,0.034360,0.540208,-0.356000,-0.023078,-0.525858,-0.093517,-0.105749,1.290842,-0.061344,0.067474
-0.240908,0.028446,0.672442,-0.036498,-0.050791,0.044299,0.997059,-0.076260,-0.004455,-1.719253,-1.417766,0.098164,-1.345711,-0.831082,0.371416,0.658384,2.444983,0.074873,-0.088268,0.076295,0.036464,0.543381,-0.352085,-0.020145,-0.511790,-0.092835,-0.102445,1.318277,-0.068594,0.064425
-0.246973,0.031488,0.672022,-0.033831,-0.051111,0.039803,0.997326,-0.076164,-0.002591,-1.847118,-1.498760,0.097145,-1.145079,-0.631082,0.456936,0.582208,2.491565,0.074993,-0.095614,0.066739,0.041064,0.547169,-0.347988,-0.017210,-0.489808,-0.094242,-0.099138,1.325772,-0.072722,0.065120
-0.252038,0.034516,0.671263,-0.030113,-0.051388,0.034766,0.997619,-0.075904,-0.000760,-1.957893,-1.560824,0.092061,-0.954796,-0.438516,0.563679,0.495834,2.518243,0.074223,-0.101572,0.055667,0.048266,0.550730,-0.344876,-0.013825,-0.459906,-0.097566,-0.095535,1.312516,-0.074515,0.067289
-0.256016,0.037291,0.670247,-0.025733,-0.051567,0.028830,0.997922,-0.075461,0.001037,-2.052595,-1.599536,0.084795,-0.785155,-0.271105,0.674051,0.398895,2.533741,0.073726,-0.105866,0.043987,0.057668,0.553170,-0.343427,-0.010422,-0.423007,-0.101488,-0.091564,1.279030,-0.074543,0.069635
-0.259091,0.039771,0.669187,-0.020683,-0.051274,0.021984,0.998228,-0.074812,0.002786,-2.131414,-1.616151,0.077755,-0.644031,-0.139558,0.772716,0.293511,2.544428,0.073214,-0.109671,0.031783,0.069196,0.555785,-0.341328,-0.007243,-0.380821,-0.105874,-0.087673,1.226735,-0.074465,0.071949
-0.261503,0.042057,0.668113,-0.015248,-0.050846,0.014254,0.998488,-0.073935,0.004484,-2.193912,-1.616072,0.072356,-0.534748,-0.050369,0.849279,0.183752,2.554189,0.072442,-0.113221,0.019571,0.082733,0.558701,-0.338363,-0.004433,-0.334184,-0.111081,-0.084983,1.156529,-0.087151,0.073818
-0.263727,0.044074,0.667056,-0.009950,-0.050260,0.005943,0.998669,-0.072820,0.006126,-2.240633,-1.604659,0.068835,-0.457341,-0.007895,0.897058,0.075637,2.566909,0.072350,-0.117002,0.008465,0.098132,0.560993,-0.335742,-0.001645,-0.284484,-0.115732,-0.084225,1.074032,-0.114807,0.074806
-0.265853,0.046063,0.665991,-0.004722,-0.049383,-0.002319,0.998766,-0.071483,0.007699,-2.271892,-1.585551,0.066832,-0.412220,-0.013863,0.913013,-0.023510,2.578669,0.071072,-0.121653,-0.001720,0.114279,0.563536,-0.333538,0.000919,-0.234244,-0.120164,-0.085591,0.985837,-0.153212,0.074718
-0.268542,0.047973,0.665205,-0.000365,-0.048203,-0.010052,0.998787,-0.069953,0.009181,-2.287062,-1.561883,0.065860,-0.400215,-0.069049,0.900220,-0.105706,2.580713,0.068836,-0.128249,-0.009277,0.131533,0.567223,-0.330422,0.002612,-0.186991,-0.123778,-0.089481,0.896533,-0.197690,0.072936
-0.272458,0.049369,0.666688,0.003365,-0.046453,-0.016502,0.998779,-0.068269,0.010559,-2.283771,-1.532595,0.065290,-0.423272,-0.166915,0.866543,-0.163292,2.573341,0.064686,-0.139515,-0.013892,0.148674,0.573762,-0.324707,0.002514,-0.145768,-0.126310,-0.095661,0.810425,-0.244357,0.069567
-0.277374,0.050064,0.666673,0.006566,-0.044011,-0.021213,0.998784,-0.066453,0.011810,-2.260176,-1.496096,0.064894,-0.484929,-0.290336,0.823877,-0.193445,2.554447,0.058464,-0.158014,-0.015690,0.163320,0.587195,-0.313423,0.000453,-0.112563,-0.128134,-0.102057,0.731467,-0.290726,0.065226
-0.283116,0.049689,0.665733,0.008959,-0.040992,-0.024013,0.998831,-0.064574,0.012902,-2.213979,-1.450369,0.064664,-0.588242,-0.429558,0.783136,-0.194712,2.523672,0.050833,-0.184951,-0.013670,0.172753,0.608780,-0.294088,-0.003587,-0.088520,-0.127607,-0.106628,0.662405,-0.334735,0.058696
-0.289492,0.048083,0.667472,0.010783,-0.037396,-0.024749,0.998936,-0.062684,0.013788,-2.141915,-1.392101,0.064242,-0.734340,-0.578759,0.753016,-0.166666,2.481468,0.042362,-0.220003,-0.008569,0.176042,0.637826,-0.265316,-0.011487,-0.073954,-0.124269,-0.108619,0.606857,-0.363839,0.051395
-0.295925,0.045360,0.669501,0.012276,-0.033392,-0.023440,0.999092,-0.060826,0.014438,-2.042214,-1.318652,0.062361,-0.920214,-0.734762,0.739164,-0.110553,2.425974,0.031320,-0.261534,-0.001417,0.172778,0.673271,-0.230257,-0.022618,-0.068795,-0.119383,-0.107867,0.563960,-0.375082,0.042847
-0.302412,0.041643,0.671101,0.013503,-0.029417,-0.020286,0.999270,-0.059043,0.014840,-1.916231,-1.231425,0.057691,-1.134523,-0.896599,0.743247,-0.029183,2.359623,0.018010,-0.307419,0.007232,0.164440,0.714385,-0.194040,-0.035935,-0.071009,-0.113107,-0.104447,0.530783,-0.373348,0.033703
-0.308978,0.037112,0.671769,0.014852,-0.025402,-0.015706,0.999444,-0.057370,0.015001,-1.766603,-1.135684,0.049923,-1.362496,-1.063019,0.764846,0.073102,2.286654,0.003034,-0.356514,0.016190,0.152322,0.760611,-0.159974,-0.049983,-0.078482,-0.106660,-0.098390,0.505475,-0.363562,0.023816
-0.315256,0.032390,0.672604,0.016542,-0.021589,-0.010253,0.999577,-0.055822,0.014939,-1.597073,-1.040603,0.039443,-1.590472,-1.231541,0.802696,0.188817,2.202044,-0.013249,-0.406090,0.024513,0.139105,0.810259,-0.131131,-0.063066,-0.088536,-0.101321,-0.091462,0.485394,-0.351341,0.013183
-0.321253,0.027507,0.675859,0.017943,-0.018246,-0.004232,0.999664,-0.054434,0.014697,-1.412158,-0.955689,0.027023,-1.805963,-1.397612,0.852638,0.310541,2.105706,-0.028554,-0.452557,0.031908,0.124935,0.860021,-0.110909,-0.074457,-0.098663,-0.095678,-0.084195,0.468379,-0.339247,0.002545
-0.326730,0.023105,0.678646,0.019405,-0.015443,0.001748,0.999691,-0.053198,0.014323,-1.221397,-0.889176,0.013412,-1.999068,-1.556940,0.909976,0.431506,1.998326,-0.042709,-0.492997,0.037063,0.112119,0.907350,-0.101327,-0.084074,-0.107659,-0.090925,-0.078592,0.453537,-0.328156,-0.006826
-0.331640,0.019418,0.681094,0.020640,-0.013239,0.007491,0.999671,-0.052129,0.013881,-1.032927,-0.848776,-0.000574,-2.161172,-1.705688,0.969634,0.545777,1.881370,-0.056251,-0.525863,0.040241,0.101953,0.951338,-0.102920,-0.090389,-0.114504,-0.087306,-0.075229,0.439250,-0.318671,-0.013964
-0.336068,0.016725,0.683298,0.021669,-0.011713,0.012452,0.999619,-0.051218,0.013435,-0.850316,-0.841155,-0.013577,-2.288904,-1.841313,1.027348,0.649445,1.757074,-0.067602,-0.550739,0.041719,0.094934,0.991697,-0.111054,-0.094263,-0.118458,-0.084495,-0.072941,0.424433,-0.310774,-0.018270
-0.340105,0.014968,0.685289,0.022303,-0.010795,0.016150,0.999563,-0.050448,0.013040,-0.673304,-0.867731,-0.024481,-2.386696,-1.961135,1.080886,0.741240,1.628322,-0.075389,-0.567454,0.041859,0.090580,1.026402,-0.120132,-0.096518,-0.119671,-0.082043,-0.071243,0.408803,-0.304173,-0.020093
-0.343564,0.014100,0.687249,0.022571,-0.010168,0.018746,0.999518,-0.049796,0.012723,-0.502783,-0.924061,-0.033045,-2.462965,-2.065490,1.129207,0.821757,1.499599,-0.080402,-0.576146,0.040751,0.088010,1.052840,-0.127699,-0.098288,-0.118868,-0.080018,-0.070243,0.392313,-0.299736,-0.020094
-0.346253,0.013843,0.688760,0.021964,-0.010041,0.020152,0.999505,-0.049243,0.012491,-0.340459,-1.002879,-0.039446,-2.524947,-2.155054,1.171534,0.893716,1.374472,-0.081568,-0.575974,0.039174,0.085886,1.068855,-0.132995,-0.100675,-0.116131,-0.076935,-0.069321,0.376704,-0.296194,-0.018314
-0.348103,0.014285,0.690074,0.021113,-0.010209,0.020471,0.999515,-0.048758,0.012349,-0.188373,-1.095997,-0.044253,-2.577476,-2.232902,1.208910,0.960545,1.255136,-0.081291,-0.567311,0.037047,0.086034,1.072734,-0.135378,-0.104256,-0.112270,-0.074302,-0.070403,0.362109,-0.294035,-0.015711
-0.349254,0.015064,0.691164,0.019779,-0.010735,0.020009,0.999547,-0.048311,0.012292,-0.044408,-1.196491,-0.048030,-2.622038,-2.301163,1.242425,1.025018,1.142835,-0.079398,-0.550135,0.034798,0.088062,1.062518,-0.136832,-0.108407,-0.106623,-0.071690,-0.072749,0.348102,-0.293618,-0.012496
-0.349746,0.016040,0.691953,0.017954,-0.011479,0.018850,0.999595,-0.047868,0.012311,0.090091,-1.298360,-0.051005,-2.660285,-2.361708,1.272140,1.089070,1.038618,-0.075459,-0.525269,0.032701,0.090794,1.037862,-0.137987,-0.112402,-0.099921,-0.068360,-0.075942,0.335323,-0.293933,-0.009702
-0.349801,0.017039,0.692429,0.015552,-0.012400,0.017539,0.999648,-0.047422,0.012383,0.211479,-1.395925,-0.053326,-2.693491,-2.414626,1.297660,1.153390,0.943055,-0.070768,-0.493451,0.030798,0.093507,0.998886,-0.139911,-0.116440,-0.092533,-0.063808,-0.080037,0.323645,-0.294770,-0.007108
-0.349614,0.017934,0.692656,0.012513,-0.013333,0.016603,0.999695,-0.046974,0.012497,0.315738,-1.484542,-0.055071,-2.722688,-2.460806,1.318867,1.217294,0.856987,-0.065372,-0.456848,0.029428,0.095633,0.947815,-0.140905,-0.120813,-0.084940,-0.057669,-0.084352,0.312923,-0.296190,-0.005373
-0.349373,0.018573,0.692593,0.008931,-0.014452,0.016084,0.999726,-0.046533,0.012653,0.400548,-1.558798,-0.056207,-2.748366,-2.499265,1.335292,1.280054,0.780783,-0.059238,-0.416598,0.029112,0.096432,0.886652,-0.145272,-0.121482,-0.077249,-0.049976,-0.089258,0.303549,-0.297782,-0.004268
-0.349205,0.018962,0.692327,0.005063,-0.015532,0.016501,0.999730,-0.046114,0.012856,0.465303,-1.615273,-0.056829,-2.770574,-2.530476,1.346802,1.340108,0.715056,-0.053516,-0.374254,0.029093,0.095878,0.818990,-0.155391,-0.117157,-0.069771,-0.041295,-0.094909,0.295172,-0.299431,-0.003455
-0.349148,0.019218,0.691988,0.001178,-0.016554,0.018036,0.999700,-0.045741,0.013103,0.510802,-1.651723,-0.056952,-2.789021,-2.554856,1.353566,1.396439,0.659942,-0.048783,-0.331853,0.028991,0.094933,0.748992,-0.170032,-0.108583,-0.062673,-0.032549,-0.100814,0.287647,-0.301656,-0.002372
-0.349252,0.019360,0.691763,-0.002430,-0.017377,0.020990,0.999626,-0.045446,0.013392,0.537287,-1.668242,-0.056703,-2.803307,-2.573611,1.356089,1.447897,0.615175,-0.046417,-0.292055,0.028330,0.093519,0.680954,-0.185483,-0.096830,-0.056378,-0.024317,-0.106265,0.280591,-0.304871,-0.000670
-0.349556,0.019451,0.691693,-0.005520,-0.017900,0.025324,0.999504,-0.045272,0.013711,0.546368,-1.666125,-0.056244,-2.812905,-2.587885,1.354989,1.493975,0.579760,-0.046773,-0.256956,0.027032,0.091606,0.618008,-0.200946,-0.082853,-0.051016,-0.017312,-0.110896,0.273955,-0.308625,0.001409
-0.350072,0.019489,0.691845,-0.007976,-0.018109,0.030744,0.999331,-0.045255,0.014052,0.540913,-1.648403,-0.055713,-2.817147,-2.598662,1.351373,1.534934,0.552446,-0.048535,-0.227647,0.025199,0.089185,0.563044,-0.215395,-0.067269,-0.046675,-0.011838,-0.114510,0.267699,-0.313084,0.003532
-0.350816,0.019587,0.692209,-0.009720,-0.018065,0.036681,0.999116,-0.045417,0.014403,0.524985,-1.618455,-0.055060,-2.816497,-2.606789,1.346451,1.571449,0.531730,-0.051724,-0.203963,0.022738,0.086847,0.516502,-0.231043,-0.051375,-0.043192,-0.008419,-0.118007,0.261651,-0.317679,0.006130
-0.351725,0.019764,0.692747,-0.010779,-0.017708,0.042715,0.998872,-0.045765,0.014739,0.502559,-1.581430,-0.054440,-2.811853,-2.613231,1.341182,1.604344,0.516006,-0.055340,-0.186036,0.019475,0.085538,0.479509,-0.243280,-0.039626,-0.040569,-0.006703,-0.121193,0.255753,-0.322014,0.009283
-0.352773,0.020112,0.693476,-0.011205,-0.017099,0.047895,0.998643,-0.046283,0.015041,0.477435,-1.542239,-0.053949,-2.804507,-2.618194,1.336901,1.634361,0.503629,-0.057958,-0.174100,0.015933,0.085134,0.451460,-0.249126,-0.033072,-0.038991,-0.006716,-0.123682,0.249984,-0.326049,0.012511
-0.353941,0.020550,0.694219,-0.011284,-0.016265,0.051799,0.998461,-0.046938,0.015290,0.452887,-1.505671,-0.053702,-2.795855,-2.622029,1.333946,1.661816,0.493306,-0.058909,-0.166888,0.012664,0.084764,0.430443,-0.249823,-0.030187,-0.038532,-0.007595,-0.125900,0.244731,-0.328930,0.015463
-0.355114,0.021164,0.694807,-0.011337,-0.015329,0.053873,0.998366,-0.047681,0.015471,0.432000,-1.474234,-0.053648,-2.787990,-2.624169,1.331942,1.687567,0.483798,-0.057434,-0.162821,0.010361,0.084416,0.414897,-0.248637,-0.029271,-0.039106,-0.008769,-0.127984,0.240581,-0.330202,0.017711
-0.356223,0.021991,0.695246,-0.011531,-0.014423,0.053815,0.998380,-0.048449,0.015574,0.416675,-1.449647,-0.053743,-2.782746,-2.624853,1.331037,1.711366,0.474466,-0.053085,-0.160315,0.008829,0.085133,0.403412,-0.246655,-0.029497,-0.040531,-0.009891,-0.130214,0.237455,-0.330302,0.019270
-0.357184,0.023141,0.695563,-0.011679,-0.013532,0.051886,0.998493,-0.049174,0.015599,0.408028,-1.432479,-0.053938,-2.781139,-2.623657,1.331235,1.733865,0.464570,-0.048204,-0.158927,0.007224,0.086444,0.395240,-0.244498,-0.030871,-0.042814,-0.011370,-0.131978,0.235550,-0.329395,0.020914
-0.357952,0.024502,0.695764,-0.011862,-0.012735,0.048521,0.998671,-0.049805,0.015550,0.405599,-1.422324,-0.054267,-2.782614,-2.620847,1.331963,1.754952,0.454106,-0.042695,-0.158036,0.005689,0.088049,0.389527,-0.242841,-0.031321,-0.045747,-0.012781,-0.132917,0.234813,-0.328030,0.023020
-0.358529,0.026071,0.695860,-0.012119,-0.012123,0.044212,0.998875,-0.050308,0.015449,0.408251,-1.418302,-0.054640,-2.786367,-2.616253,1.332332,1.774291,0.443463,-0.037600,-0.157575,0.003905,0.089109,0.386074,-0.241473,-0.029877,-0.048892,-0.014181,-0.132184,0.234925,-0.326416,0.025444
-0.358931,0.027753,0.695810,-0.012553,-0.011770,0.039686,0.999064,-0.050673,0.015326,0.413779,-1.418751,-0.055016,-2.791190,-2.609584,1.330889,1.791756,0.433419,-0.033040,-0.156944,0.002175,0.089877,0.383864,-0.240644,-0.026829,-0.051704,-0.015360,-0.130377,0.235592,-0.324565,0.028011
-0.359229,0.029518,0.695646,-0.013063,-0.011610,0.035295,0.999224,-0.050912,0.015210,0.420221,-1.421800,-0.055312,-2.795867,-2.600584,1.327130,1.807172,0.424773,-0.029535,-0.156246,0.000389,0.090639,0.382450,-0.240131,-0.022905,-0.053951,-0.016468,-0.128053,0.236483,-0.322489,0.030664
-0.359513,0.031326,0.695421,-0.013521,-0.011653,0.031368,0.999349,-0.051043,0.015134,0.425669,-1.425874,-0.055520,-2.799016,-2.588970,1.320540,1.820063,0.418651,-0.027508,-0.155586,-0.001629,0.091548,0.382184,-0.239000,-0.019128,-0.055645,-0.017892,-0.125714,0.237482,-0.320239,0.033458
-0.359879,0.033146,0.695159,-0.013863,-0.011829,0.028117,0.999439,-0.051097,0.015142,0.428859,-1.429461,-0.055594,-2.799336,-2.573990,1.310723,1.830284,0.416535,-0.026786,-0.155224,-0.003682,0.092118,0.382865,-0.237536,-0.015515,-0.057042,-0.019588,-0.123521,0.238742,-0.318016,0.036936
-0.360377,0.034887,0.694704,-0.014435,-0.012171,0.025389,0.999499,-0.051104,0.015266,0.428942,-1.431147,-0.055517,-2.795970,-2.555550,1.296540,1.835690,0.420404,-0.025420,-0.155187,-0.005137,0.092680,0.384007,-0.237010,-0.010999,-0.058264,-0.021033,-0.121818,0.240903,-0.315372,0.040512
-0.361058,0.036536,0.694127,-0.015085,-0.012588,0.023242,0.999537,-0.051079,0.015539,0.425420,-1.430239,-0.055239,-2.787695,-2.532176,1.276773,1.835823,0.432168,-0.024264,-0.155708,-0.006417,0.093308,0.386152,-0.236626,-0.006029,-0.060161,-0.022405,-0.120655,0.244536,-0.312499,0.044054
-0.361954,0.038192,0.693163,-0.015683,-0.013203,0.021478,0.999559,-0.051047,0.015990,0.418765,-1.426604,-0.054739,-2.773684,-2.502653,1.251213,1.829522,0.454399,-0.023528,-0.156527,-0.007750,0.094218,0.389202,-0.236801,-0.000615,-0.063061,-0.024341,-0.120406,0.251303,-0.308197,0.046829
-0.363034,0.039847,0.691871,-0.016134,-0.013898,0.020109,0.999571,-0.051026,0.016635,0.409033,-1.420080,-0.053878,-2.753380,-2.465583,1.219161,1.815595,0.489226,-0.024987,-0.158106,-0.009451,0.095356,0.393773,-0.237302,0.005357,-0.067883,-0.027064,-0.120798,0.261990,-0.302764,0.049953
-0.364288,0.041464,0.690261,-0.016504,-0.014691,0.019110,0.999573,-0.051025,0.017486,0.395994,-1.410496,-0.052498,-2.725853,-2.419063,1.179244,1.792473,0.538927,-0.028878,-0.160805,-0.011201,0.097166,0.400404,-0.238795,0.011868,-0.075225,-0.030671,-0.121593,0.277459,-0.297070,0.054043
-0.365639,0.042990,0.688146,-0.016960,-0.015572,0.018371,0.999566,-0.051051,0.018549,0.379382,-1.397144,-0.050292,-2.690927,-2.360582,1.130670,1.758190,0.606321,-0.034570,-0.164335,-0.012449,0.100385,0.409102,-0.241865,0.018397,-0.085433,-0.034867,-0.123438,0.299142,-0.291325,0.060016
-0.366996,0.044387,0.685403,-0.017551,-0.016402,0.017924,0.999551,-0.051109,0.019809,0.359272,-1.380198,-0.047131,-2.649637,-2.286717,1.072201,1.711005,0.693619,-0.041353,-0.169362,-0.012894,0.104967,0.420563,-0.246283,0.024639,-0.099104,-0.039808,-0.126256,0.327913,-0.285556,0.068202
-0.368124,0.045590,0.681918,-0.018373,-0.017071,0.017517,0.999532,-0.051197,0.021232,0.335301,-1.359374,-0.042610,-2.603722,-2.193479,1.004021,1.649799,0.802431,-0.048315,-0.176015,-0.012006,0.110621,0.435426,-0.251954,0.030462,-0.116641,-0.045350,-0.130154,0.364672,-0.279412,0.078162
-0.368713,0.046552,0.680849,-0.019417,-0.017538,0.017057,0.999512,-0.051328,0.022764,0.307491,-1.334689,-0.036420,-2.556330,-2.078058,0.928557,1.573429,0.932036,-0.054417,-0.184669,-0.009469,0.116313,0.453857,-0.260331,0.036724,-0.137604,-0.051889,-0.135219,0.410324,-0.272186,0.088644
-0.368543,0.047202,0.679703,-0.020847,-0.017344,0.016389,0.999498,-0.051494,0.024305,0.274945,-1.306942,-0.028582,-2.511331,-1.941645,0.849103,1.484034,1.076918,-0.058854,-0.195995,-0.005037,0.122489,0.476183,-0.271470,0.043041,-0.162697,-0.059381,-0.142820,0.464103,-0.267277,0.097864
-0.367609,0.047396,0.678529,-0.022677,-0.016651,0.015470,0.999484,-0.051692,0.025743,0.236391,-1.278004,-0.019318,-2.471956,-1.786158,0.771200,1.385675,1.228255,-0.060188,-0.209644,0.001532,0.128367,0.502130,-0.285237,0.047955,-0.191306,-0.068415,-0.152611,0.527328,-0.265763,0.101579
-0.366056,0.047103,0.677388,-0.024762,-0.015396,0.014095,0.999475,-0.051922,0.026964,0.189857,-1.249707,-0.008933,-2.441183,-1.613866,0.701922,1.282134,1.376770,-0.057223,-0.224991,0.009802,0.132935,0.530069,-0.301080,0.051547,-0.223489,-0.079010,-0.164094,0.599931,-0.266683,0.099878
-0.364024,0.046306,0.676294,-0.026975,-0.013553,0.012398,0.999467,-0.052179,0.027862,0.133824,-1.225287,0.002136,-2.420179,-1.428134,0.647186,1.176686,1.513180,-0.050470,-0.242137,0.019119,0.135333,0.559051,-0.317671,0.053609,-0.258761,-0.091308,-0.175689,0.680216,-0.269850,0.092496
-0.361629,0.045014,0.675304,-0.029545,-0.011333,0.010242,0.999447,-0.052461,0.028369,0.067652,-1.207529,0.013558,-2.408270,-1.233331,0.612987,1.072296,1.629422,-0.040943,-0.259804,0.029669,0.135971,0.587486,-0.333591,0.053131,-0.295718,-0.104602,-0.187152,0.765252,-0.275436,0.079715
-0.359242,0.043422,0.674612,-0.031944,-0.008516,0.007272,0.999427,-0.052760,0.028426,-0.007870,-1.199318,0.024676,-2.404031,-1.040586,0.603843,0.973123,1.719576,-0.028002,-0.277817,0.040417,0.135305,0.613109,-0.348653,0.050660,-0.333561,-0.119137,-0.197302,0.851472,-0.283603,0.063335
-0.357198,0.041461,0.674140,-0.034528,-0.005757,0.004237,0.999378,-0.053076,0.028038,-0.093000,-1.203343,0.035285,-2.403083,-0.858311,0.619943,0.884118,1.778281,-0.014431,-0.294490,0.051347,0.133837,0.635301,-0.361307,0.045959,-0.370297,-0.133846,-0.205873,0.935362,-0.294248,0.045610
-0.355786,0.039202,0.673969,-0.037066,-0.003098,0.001023,0.999308,-0.053410,0.027238,-0.186660,-1.220763,0.045415,-2.400068,-0.690840,0.659665,0.806824,1.805693,-0.000537,-0.309556,0.062088,0.131287,0.652865,-0.370393,0.038828,-0.404797,-0.147944,-0.210785,1.013643,-0.304540,0.030045
-0.355106,0.036970,0.674215,-0.039374,-0.000482,-0.003102,0.999220,-0.053740,0.026088,-0.285266,-1.250419,0.055135,-2.389560,-0.542336,0.718411,0.740170,1.806147,0.014564,-0.322311,0.072187,0.128558,0.664405,-0.376034,0.030693,-0.436360,-0.161141,-0.211852,1.082044,-0.313225,0.020708
-0.355089,0.034829,0.674860,-0.041788,0.001863,-0.007451,0.999097,-0.054047,0.024667,-0.384390,-1.290609,0.064541,-2.367831,-0.414481,0.789257,0.683421,1.784791,0.028077,-0.332484,0.081928,0.125651,0.670426,-0.377934,0.021962,-0.463341,-0.173165,-0.209660,1.136981,-0.320715,0.017187
-0.355551,0.032909,0.675878,-0.044135,0.003885,-0.012313,0.998942,-0.054310,0.023057,-0.479874,-1.338329,0.073767,-2.331491,-0.308614,0.866111,0.635998,1.747175,0.040321,-0.339392,0.091291,0.123397,0.670895,-0.376953,0.012957,-0.484572,-0.184228,-0.205189,1.176185,-0.326845,0.018401
-0.356430,0.031455,0.677079,-0.045919,0.005631,-0.017829,0.998770,-0.054508,0.021330,-0.569551,-1.390632,0.082823,-2.277005,-0.225753,0.943016,0.597715,1.697618,0.051364,-0.342913,0.098973,0.121837,0.666527,-0.373615,0.004117,-0.499839,-0.195414,-0.198667,1.198921,-0.330756,0.023401
-0.357576,0.030342,0.678483,-0.047486,0.006598,-0.022992,0.998585,-0.054634,0.019568,-0.653643,-1.444947,0.091698,-2.201361,-0.159934,1.014478,0.566845,1.638768,0.059049,-0.342526,0.105707,0.121120,0.657672,-0.368002,-0.004026,-0.508275,-0.207034,-0.191826,1.205020,-0.333087,0.030623
-0.358926,0.029931,0.680015,-0.048307,0.007405,-0.028834,0.998389,-0.054663,0.017817,-0.731785,-1.498235,0.099638,-2.104380,-0.107578,1.078268,0.540280,1.574816,0.065519,-0.339165,0.110309,0.121795,0.644651,-0.360854,-0.011463,-0.511064,-0.219792,-0.184655,1.194695,-0.334153,0.038658
-0.360397,0.030128,0.681720,-0.048481,0.007810,-0.034913,0.998183,-0.054574,0.016125,-0.805269,-1.547478,0.105924,-1.986843,-0.065281,1.132653,0.515814,1.508835,0.070517,-0.332721,0.113014,0.123681,0.627878,-0.353431,-0.017870,-0.507880,-0.233794,-0.177743,1.168214,-0.335253,0.046498
-0.361851,0.030719,0.683450,-0.048239,0.007910,-0.040243,0.997993,-0.054378,0.014526,-0.876817,-1.591817,0.109952,-1.850736,-0.028671,1.177253,0.491899,1.442976,0.071974,-0.324040,0.114043,0.126080,0.609118,-0.346251,-0.022727,-0.498737,-0.247947,-0.171021,1.126190,-0.335868,0.052915
-0.363154,0.031635,0.684987,-0.047194,0.007699,-0.045415,0.997823,-0.054082,0.013042,-0.949752,-1.629589,0.111342,-1.698026,0.003920,1.213023,0.467339,1.378887,0.071998,-0.313444,0.112906,0.129265,0.589382,-0.339345,-0.026442,-0.483970,-0.261921,-0.163606,1.070229,-0.335338,0.057568
-0.364341,0.032628,0.686307,-0.045464,0.007294,-0.050004,0.997687,-0.053694,0.011680,-1.025895,-1.660266,0.109870,-1.532391,0.033894,1.241405,0.441180,1.317614,0.071082,-0.301807,0.109865,0.132255,0.569368,-0.332746,-0.029151,-0.464278,-0.275345,-0.155138,1.002327,-0.332736,0.060977
-0.365428,0.033338,0.687417,-0.043173,0.006822,-0.054005,0.997584,-0.053229,0.010427,-1.106438,-1.681569,0.105720,-1.359639,0.062330,1.264321,0.413253,1.259952,0.070103,-0.290409,0.105689,0.134571,0.549876,-0.326848,-0.030124,-0.440773,-0.287376,-0.145703,0.924502,-0.329242,0.064055
-0.366357,0.033588,0.688210,-0.040156,0.006557,-0.057737,0.997502,-0.052691,0.009256,-1.190571,-1.691917,0.099418,-1.186395,0.089512,1.283634,0.383872,1.206840,0.069541,-0.280024,0.099902,0.135726,0.532130,-0.321822,-0.030251,-0.414531,-0.297681,-0.134850,0.839284,-0.325204,0.067494
-0.367118,0.033117,0.688752,-0.036565,0.006615,-0.061265,0.997430,-0.052089,0.008124,-1.276552,-1.690225,0.091775,-1.019195,0.115653,1.300494,0.353252,1.159018,0.070242,-0.271228,0.093244,0.135214,0.516101,-0.317399,-0.030324,-0.386985,-0.306250,-0.122416,0.749807,-0.321440,0.071504
-0.367735,0.031742,0.689025,-0.032592,0.007005,-0.064850,0.997338,-0.051424,0.006997,-1.361341,-1.675619,0.083811,-0.864309,0.140727,1.316002,0.321789,1.116582,0.073714,-0.263968,0.086310,0.132834,0.501877,-0.313246,-0.030454,-0.359212,-0.312743,-0.108990,0.660597,-0.317356,0.076117
-0.368356,0.029543,0.689080,-0.028132,0.008133,-0.069467,0.997154,-0.050676,0.005828,-1.442511,-1.646845,0.076423,-0.727754,0.163711,1.331169,0.289944,1.079388,0.080867,-0.258998,0.079154,0.128708,0.489032,-0.308533,-0.031475,-0.333575,-0.317707,-0.095250,0.575327,-0.313240,0.081722
-0.369106,0.026320,0.689000,-0.023373,0.009878,-0.074700,0.996883,-0.049813,0.004560,-1.515615,-1.604027,0.070226,-0.614626,0.183393,1.346789,0.258508,1.047213,0.090927,-0.256751,0.072408,0.123040,0.477734,-0.303241,-0.033682,-0.311850,-0.321409,-0.081720,0.497610,-0.311060,0.087960
-0.369846,0.021934,0.688783,-0.018688,0.011969,-0.080131,0.996537,-0.048825,0.003169,-1.578006,-1.549281,0.065580,-0.528100,0.201248,1.363575,0.228322,1.018826,0.102280,-0.256182,0.067315,0.116561,0.468001,-0.297679,-0.037101,-0.293281,-0.322470,-0.069821,0.430562,-0.310639,0.094657
-0.370512,0.016392,0.688523,-0.014218,0.014201,-0.085326,0.996150,-0.047715,0.001658,-1.627758,-1.485033,0.062535,-0.469251,0.217789,1.381510,0.199528,0.993641,0.114546,-0.256173,0.064094,0.109126,0.458836,-0.292148,-0.042008,-0.277341,-0.321158,-0.059019,0.375300,-0.310702,0.100597
-0.371177,0.009795,0.688239,-0.010034,0.016547,-0.090444,0.995714,-0.046480,0.000027,-1.663908,-1.411834,0.060836,-0.438312,0.232328,1.400626,0.172331,0.971087,0.128116,-0.256796,0.062639,0.100272,0.449850,-0.286142,-0.048467,-0.265443,-0.317364,-0.048201,0.331786,-0.310722,0.107378
-0.371769,0.002149,0.687907,-0.006246,0.018864,-0.095273,0.995253,-0.045122,-0.001709,-1.685126,-1.330522,0.060235,-0.434497,0.245188,1.420741,0.147150,0.950033,0.141307,-0.257260,0.063492,0.090698,0.440637,-0.279436,-0.056482,-0.257221,-0.311480,-0.038471,0.299983,-0.307485,0.114488
-0.372069,-0.006522,0.690105,-0.002812,0.020818,-0.099297,0.994836,-0.043652,-0.003532,-1.689376,-1.242799,0.060336,-0.456105,0.257497,1.441520,0.123819,0.929668,0.151060,-0.256501,0.066684,0.081379,0.431130,-0.271785,-0.065850,-0.251735,-0.303355,-0.030153,0.278041,-0.301380,0.123149
-0.371846,-0.016275,0.692548,0.000280,0.022094,-0.101833,0.994556,-0.042084,-0.005410,-1.673774,-1.148427,0.060789,-0.501835,0.270169,1.462481,0.101847,0.909690,0.155222,-0.253397,0.072421,0.073910,0.421222,-0.263319,-0.076284,-0.248149,-0.293592,-0.023932,0.264667,-0.293218,0.133677
-0.370795,-0.026876,0.694208,0.002824,0.023037,-0.103350,0.994374,-0.040456,-0.007307,-1.635780,-1.046138,0.061116,-0.570484,0.284724,1.483563,0.080468,0.889796,0.153418,-0.247177,0.081240,0.069514,0.410037,-0.254545,-0.087847,-0.245657,-0.281889,-0.020402,0.257592,-0.282708,0.145621
-0.368656,-0.038023,0.695379,0.005116,0.023725,-0.104418,0.994237,-0.038769,-0.009235,-1.569257,-0.929173,0.060485,-0.661081,0.300404,1.503882,0.059565,0.870205,0.148406,-0.237931,0.091795,0.068270,0.397009,-0.245546,-0.100334,-0.244495,-0.269655,-0.018275,0.254595,-0.271747,0.157809
-0.365234,-0.049258,0.696196,0.007160,0.024264,-0.105028,0.994147,-0.037021,-0.011241,-1.473419,-0.795441,0.057950,-0.768422,0.317897,1.521728,0.038910,0.852167,0.140064,-0.225961,0.103406,0.069923,0.382370,-0.236769,-0.113784,-0.244606,-0.257357,-0.017684,0.255122,-0.261556,0.169680
-0.360721,-0.060241,0.696556,0.008674,0.024627,-0.104791,0.994151,-0.035219,-0.013369,-1.350032,-0.646381,0.053237,-0.880955,0.338381,1.536270,0.018356,0.837396,0.128705,-0.211742,0.116425,0.074055,0.367043,-0.228428,-0.127840,-0.244814,-0.244689,-0.019214,0.259321,-0.252631,0.179235
-0.355509,-0.070638,0.696791,0.009739,0.024669,-0.103365,0.994290,-0.033380,-0.015674,-1.201645,-0.483013,0.046894,-0.985329,0.362056,1.547130,-0.002854,0.828640,0.115203,-0.196341,0.129973,0.079582,0.352163,-0.221185,-0.142507,-0.244526,-0.232006,-0.021489,0.266343,-0.248227,0.185722
-0.350272,-0.080083,0.696808,0.010331,0.024775,-0.101180,0.994506,-0.031521,-0.018199,-1.032320,-0.307241,0.039596,-1.068955,0.387587,1.554250,-0.025270,0.828711,0.101884,-0.182271,0.143798,0.084431,0.339429,-0.214955,-0.157318,-0.245285,-0.219709,-0.022858,0.276737,-0.247190,0.186395
-0.345838,-0.088629,0.696576,0.010399,0.024847,-0.098140,0.994808,-0.029664,-0.020943,-0.846296,-0.131468,0.031356,-1.119984,0.412816,1.558700,-0.048493,0.838640,0.091236,-0.171616,0.157585,0.086776,0.330135,-0.209091,-0.171980,-0.247203,-0.207079,-0.022689,0.290104,-0.247857,0.181937
-0.342701,-0.096392,0.696107,0.010147,0.024616,-0.094299,0.995188,-0.027834,-0.023844,-0.650401,0.034466,0.022677,-1.128498,0.435627,1.561017,-0.071536,0.857476,0.083067,-0.165090,0.171013,0.085204,0.325857,-0.202341,-0.187301,-0.250131,-0.194232,-0.020520,0.306170,-0.249591,0.173666
-0.340935,-0.103588,0.695312,0.009576,0.024214,-0.089784,0.995621,-0.026068,-0.026810,-0.468551,0.177187,0.014831,-1.092931,0.455434,1.561900,-0.093917,0.883567,0.075002,-0.162829,0.184612,0.079779,0.327237,-0.195872,-0.202583,-0.254720,-0.180921,-0.016870,0.324431,-0.252118,0.163061
-0.340585,-0.110581,0.694293,0.008708,0.023743,-0.084871,0.996071,-0.024385,-0.029738,-0.311242,0.290826,0.008808,-1.020083,0.471093,1.562759,-0.114472,0.914100,0.066505,-0.165478,0.198864,0.071634,0.335253,-0.189674,-0.217323,-0.261272,-0.166672,-0.012396,0.344519,-0.255017,0.150988
-0.341359,-0.117576,0.693129,0.007787,0.023046,-0.080015,0.996497,-0.022807,-0.032510,-0.181553,0.374218,0.004894,-0.921630,0.482151,1.563899,-0.132146,0.946091,0.056674,-0.171826,0.213691,0.062534,0.349629,-0.183243,-0.231569,-0.269062,-0.152006,-0.007869,0.365814,-0.258393,0.137243
-0.342950,-0.124836,0.691901,0.006758,0.022282,-0.075475,0.996876,-0.021343,-0.035008,-0.080994,0.426603,0.002575,-0.810509,0.488116,1.565574,-0.145574,0.976191,0.045419,-0.181690,0.229805,0.053973,0.370091,-0.176366,-0.245040,-0.277999,-0.136339,-0.004248,0.387377,-0.261273,0.123224
-0.344858,-0.132554,0.690723,0.005596,0.021413,-0.071189,0.997217,-0.019997,-0.037137,-0.011079,0.449468,0.001189,-0.698768,0.489468,1.567723,-0.153819,1.000831,0.032762,-0.194333,0.247074,0.046978,0.396421,-0.167921,-0.258047,-0.287021,-0.119607,-0.002465,0.408091,-0.263950,0.110694
-0.346441,-0.140511,0.689581,0.004643,0.020444,-0.067395,0.997506,-0.018760,-0.038854,0.029419,0.451968,0.000867,-0.595269,0.487831,1.569312,-0.157068,1.018733,0.018620,-0.208882,0.264628,0.042211,0.427925,-0.159201,-0.267669,-0.295229,-0.103175,-0.001957,0.427546,-0.266706,0.098401
-0.347479,-0.148506,0.688475,0.004032,0.019710,-0.064028,0.997745,-0.017618,-0.040203,0.041740,0.439879,0.001313,-0.506617,0.484800,1.569662,-0.155941,1.030754,0.004989,-0.226437,0.281166,0.038697,0.464928,-0.148699,-0.268980,-0.302752,-0.087523,-0.002411,0.445646,-0.269226,0.086448
-0.348332,-0.156275,0.687392,0.003792,0.019122,-0.060800,0.997960,-0.016552,-0.041273,0.041295,0.419624,0.001894,-0.432070,0.480064,1.568184,-0.151005,1.038355,-0.006635,-0.247718,0.295504,0.035861,0.506270,-0.137838,-0.259414,-0.309644,-0.073507,-0.003801,0.462318,-0.271264,0.074545
-0.349155,-0.163681,0.686379,0.003985,0.018662,-0.057605,0.998157,-0.015557,-0.042129,0.036539,0.393904,0.002434,-0.367791,0.473927,1.564659,-0.143307,1.042783,-0.016303,-0.271941,0.306470,0.033588,0.551559,-0.130146,-0.239946,-0.315877,-0.061333,-0.005528,0.477340,-0.272911,0.062826
-0.349996,-0.170688,0.685458,0.004663,0.018383,-0.054226,0.998349,-0.014622,-0.042862,0.030824,0.362878,0.002879,-0.310792,0.466666,1.559531,-0.133985,1.044910,-0.023665,-0.299216,0.313414,0.032059,0.600561,-0.128093,-0.214565,-0.321669,-0.051398,-0.007420,0.490630,-0.273760,0.051733
-0.350824,-0.177273,0.684688,0.005874,0.018321,-0.050676,0.998530,-0.013742,-0.043547,0.025791,0.326247,0.003141,-0.259537,0.458872,1.553531,-0.124452,1.045415,-0.028867,-0.328913,0.315818,0.030991,0.652053,-0.132715,-0.183221,-0.327093,-0.043886,-0.009733,0.502301,-0.274201,0.041415
-0.351639,-0.183365,0.684249,0.007683,0.018377,-0.047046,0.998694,-0.012916,-0.044241,0.023437,0.283460,0.003314,-0.212774,0.450965,1.547104,-0.115643,1.045035,-0.032826,-0.359463,0.313213,0.031060,0.704243,-0.144083,-0.147243,-0.331534,-0.038937,-0.013008,0.511473,-0.274848,0.031935
-0.352417,-0.189020,0.684187,0.009775,0.018448,-0.043247,0.998846,-0.012146,-0.044975,0.022899,0.234982,0.003323,-0.171345,0.443403,1.540713,-0.107652,1.043885,-0.035927,-0.388852,0.305872,0.032414,0.754512,-0.160968,-0.111799,-0.334132,-0.036035,-0.017028,0.517266,-0.275957,0.023842
-0.353072,-0.194233,0.684553,0.011860,0.018366,-0.039297,0.998988,-0.011429,-0.045722,0.024264,0.181025,0.003217,-0.135828,0.436216,1.534556,-0.100386,1.041666,-0.039126,-0.414582,0.294818,0.036623,0.799535,-0.183894,-0.082610,-0.334096,-0.034521,-0.022654,0.518732,-0.277647,0.016574
-0.353500,-0.199008,0.685359,0.013960,0.018048,-0.035442,0.999111,-0.010763,-0.046431,0.029634,0.121578,0.003016,-0.105807,0.429792,1.528792,-0.093664,1.038178,-0.042804,-0.435132,0.280423,0.043641,0.838198,-0.208849,-0.064147,-0.330806,-0.033954,-0.029489,0.515406,-0.279511,0.011001
-0.353737,-0.203385,0.686525,0.015964,0.017469,-0.031812,0.999214,-0.010144,-0.047060,0.040318,0.056901,0.002684,-0.081360,0.423910,1.523733,-0.087251,1.033310,-0.046512,-0.450178,0.263586,0.052801,0.868374,-0.231521,-0.056259,-0.324380,-0.034095,-0.037763,0.507515,-0.280907,0.008067
-0.353855,-0.207311,0.688170,0.017922,0.016705,-0.028774,0.999286,-0.009559,-0.047554,0.055470,-0.012668,0.002214,-0.063051,0.418085,1.519265,-0.080978,1.027158,-0.049678,-0.459249,0.244578,0.063613,0.888383,-0.248592,-0.054942,-0.315080,-0.034906,-0.047296,0.494749,-0.282102,0.008538
-0.353765,-0.210829,0.690072,0.019659,0.015583,-0.026079,0.999345,-0.008989,-0.047862,0.073774,-0.085871,0.001671,-0.051438,0.412635,1.515106,-0.074517,1.019541,-0.052917,-0.461686,0.224213,0.075711,0.897477,-0.258559,-0.060267,-0.302399,-0.036056,-0.057768,0.477612,-0.282574,0.012111
-0.353472,-0.213948,0.692245,0.021370,0.014128,-0.023596,0.999393,-0.008425,-0.047937,0.094056,-0.162309,0.001005,-0.047623,0.407651,1.511112,-0.067800,1.010580,-0.056279,-0.458105,0.202776,0.088653,0.895858,-0.263077,-0.070962,-0.286686,-0.037725,-0.067901,0.456718,-0.282660,0.019819
-0.352917,-0.216720,0.694726,0.022833,0.012291,-0.021189,0.999439,-0.007871,-0.047743,0.116061,-0.240914,0.000232,-0.052500,0.403522,1.507441,-0.061087,1.000401,-0.060339,-0.448238,0.181380,0.102836,0.884009,-0.263033,-0.085454,-0.268213,-0.039408,-0.079030,0.432565,-0.283976,0.031246
-0.352208,-0.219172,0.697273,0.024107,0.010248,-0.019036,0.999476,-0.007321,-0.047267,0.139865,-0.320701,-0.000664,-0.065938,0.399826,1.504163,-0.054599,0.989699,-0.063865,-0.433328,0.160177,0.117062,0.862829,-0.261038,-0.100774,-0.248427,-0.041035,-0.090127,0.407432,-0.285804,0.047654
-0.351444,-0.221298,0.699758,0.025091,0.008137,-0.017115,0.999506,-0.006770,-0.046516,0.163318,-0.400415,-0.001661,-0.088619,0.396231,1.501276,-0.048336,0.978676,-0.066898,-0.414585,0.139677,0.131329,0.834354,-0.258350,-0.113609,-0.228515,-0.042748,-0.101280,0.382775,-0.288324,0.067427
-0.350639,-0.223058,0.702361,0.025932,0.005993,-0.015395,0.999527,-0.006213,-0.045513,0.184237,-0.479398,-0.002681,-0.120542,0.392597,1.498457,-0.042334,0.967609,-0.069471,-0.392794,0.119840,0.145982,0.800257,-0.255168,-0.124632,-0.208861,-0.044475,-0.112253,0.358694,-0.293304,0.091062
-0.349869,-0.224588,0.704705,0.026141,0.003968,-0.014151,0.999550,-0.005641,-0.044295,0.203780,-0.555860,-0.003802,-0.160366,0.388161,1.496080,-0.035972,0.956398,-0.069582,-0.368402,0.102212,0.160709,0.760655,-0.253903,-0.132129,-0.190270,-0.045145,-0.123452,0.336741,-0.299196,0.116175
-0.349129,-0.225795,0.706932,0.026052,0.002159,-0.013287,0.999570,-0.005050,-0.042915,0.222413,-0.630223,-0.004925,-0.206894,0.382890,1.493767,-0.029104,0.944946,-0.068312,-0.342767,0.085771,0.175084,0.718544,-0.254059,-0.136708,-0.173526,-0.045287,-0.134450,0.317434,-0.306522,0.141856
-0.348441,-0.226687,0.708891,0.025566,0.000715,-0.013010,0.999588,-0.004426,-0.041438,0.240372,-0.702442,-0.006065,-0.258661,0.376481,1.491409,-0.021423,0.933277,-0.064871,-0.316625,0.071115,0.188781,0.674681,-0.255864,-0.139280,-0.159380,-0.044797,-0.145446,0.301230,-0.314958,0.166002
-0.347848,-0.227225,0.710446,0.024727,-0.000453,-0.013451,0.999604,-0.003747,-0.039924,0.257320,-0.772445,-0.007193,-0.313393,0.368678,1.488880,-0.012644,0.921436,-0.058897,-0.291449,0.057826,0.200305,0.631733,-0.257934,-0.139626,-0.148029,-0.043572,-0.155196,0.289115,-0.323560,0.188232
-0.347274,-0.227365,0.711676,0.023789,-0.001372,-0.014327,0.999613,-0.003010,-0.038421,0.273086,-0.840807,-0.008281,-0.369899,0.360067,1.485750,-0.002826,0.909289,-0.051520,-0.267891,0.045317,0.209822,0.590760,-0.261637,-0.139490,-0.139047,-0.042392,-0.163163,0.280083,-0.332170,0.206324
-0.346700,-0.227179,0.712567,0.022541,-0.002185,-0.015488,0.999624,-0.002209,-0.036956,0.286976,-0.907382,-0.009311,-0.426647,0.351076,1.482474,0.007696,0.896912,-0.043142,-0.245273,0.034416,0.216344,0.551411,-0.265145,-0.140353,-0.131750,-0.040282,-0.169372,0.273187,-0.340396,0.219464
-0.346137,-0.226758,0.713007,0.021164,-0.002887,-0.016605,0.999634,-0.001344,-0.035527,0.298465,-0.972404,-0.010178,-0.481521,0.342120,1.479369,0.018656,0.884509,-0.034334,-0.224385,0.025065,0.219114,0.514145,-0.268857,-0.140008,-0.125782,-0.037753,-0.173504,0.268296,-0.346952,0.225756
-0.345482,-0.226066,0.713207,0.020018,-0.003621,-0.017236,0.999644,-0.000433,-0.034116,0.306231,-1.036843,-0.010725,-0.533211,0.334432,1.476320,0.029058,0.872525,-0.027664,-0.205994,0.016346,0.218370,0.481373,-0.272355,-0.137897,-0.120741,-0.035562,-0.174996,0.264937,-0.352763,0.226872
-0.344832,-0.225204,0.713169,0.018974,-0.004447,-0.017495,0.999657,0.000502,-0.032698,0.310141,-1.099654,-0.010919,-0.579738,0.327945,1.473708,0.038427,0.861402,-0.021908,-0.189726,0.008663,0.214974,0.452453,-0.276173,-0.133642,-0.116495,-0.033537,-0.174084,0.263129,-0.357755,0.224103
-0.344212,-0.224241,0.712959,0.018056,-0.005437,-0.017041,0.999677,0.001430,-0.031238,0.309961,-1.159620,-0.010647,-0.619125,0.322977,1.471670,0.046418,0.851352,-0.018196,-0.175365,0.001591,0.209729,0.427637,-0.280782,-0.127760,-0.112602,-0.031793,-0.171631,0.262473,-0.362405,0.218195
-0.343585,-0.223257,0.712645,0.017358,-0.006355,-0.015633,0.999707,0.002317,-0.029727,0.305821,-1.216497,-0.009918,-0.650090,0.319766,1.470320,0.052890,0.842442,-0.016772,-0.163415,-0.004691,0.202928,0.406838,-0.286250,-0.120688,-0.109342,-0.030446,-0.167591,0.262523,-0.366484,0.209538
-0.342979,-0.222327,0.712252,0.016741,-0.007312,-0.013581,0.999741,0.003132,-0.028167,0.298424,-1.269411,-0.008801,-0.672031,0.318173,1.469921,0.057892,0.834737,-0.016242,-0.153231,-0.009531,0.195349,0.389883,-0.289748,-0.112754,-0.106254,-0.029161,-0.163249,0.262888,-0.369769,0.199725
-0.342429,-0.221460,0.711849,0.016462,-0.008154,-0.011024,0.999770,0.003858,-0.026568,0.288664,-1.317483,-0.007381,-0.685368,0.317801,1.470179,0.061517,0.828505,-0.016165,-0.145527,-0.013658,0.188627,0.377080,-0.292173,-0.104407,-0.103499,-0.028668,-0.159501,0.263500,-0.371902,0.189869
-0.341903,-0.220688,0.711388,0.016321,-0.008970,-0.008337,0.999792,0.004482,-0.024953,0.277641,-1.359592,-0.005823,-0.691401,0.318520,1.471003,0.063994,0.823883,-0.015796,-0.139502,-0.016787,0.183621,0.367974,-0.294399,-0.096821,-0.100996,-0.028773,-0.157125,0.264519,-0.373109,0.180706
-0.341406,-0.220076,0.710902,0.016284,-0.009680,-0.005387,0.999806,0.005002,-0.023358,0.266297,-1.394902,-0.004198,-0.691940,0.320201,1.472429,0.065569,0.820630,-0.015653,-0.135100,-0.018931,0.180419,0.362177,-0.295324,-0.092742,-0.098631,-0.029234,-0.156552,0.265595,-0.373563,0.172420
-0.340940,-0.219605,0.710443,0.016253,-0.010184,-0.002577,0.999813,0.005421,-0.021816,0.255973,-1.423525,-0.002672,-0.689058,0.322289,1.474313,0.066376,0.818701,-0.015220,-0.132132,-0.019951,0.178627,0.358829,-0.294792,-0.092765,-0.096500,-0.029743,-0.157590,0.266188,-0.373409,0.164750
-0.340433,-0.219280,0.709967,0.016286,-0.010477,-0.000155,0.999812,0.005754,-0.020364,0.247751,-1.446046,-0.001357,-0.684528,0.324663,1.476474,0.066467,0.817897,-0.013850,-0.130377,-0.020217,0.177358,0.357307,-0.291537,-0.095367,-0.094719,-0.030262,-0.159165,0.266648,-0.372134,0.158100
-0.339881,-0.219080,0.709416,0.016373,-0.010661,0.001692,0.999808,0.006028,-0.019031,0.241924,-1.462732,-0.000318,-0.679937,0.327018,1.478443,0.065912,0.818051,-0.011260,-0.129119,-0.019838,0.177266,0.356795,-0.286653,-0.098929,-0.093197,-0.030820,-0.161962,0.267156,-0.369290,0.152402
-0.339272,-0.219018,0.708766,0.016413,-0.010702,0.003354,0.999802,0.006259,-0.017831,0.237899,-1.473954,0.000512,-0.676697,0.329452,1.480164,0.064565,0.818854,-0.009159,-0.128621,-0.019168,0.177656,0.357314,-0.281235,-0.101531,-0.092196,-0.031257,-0.164991,0.268102,-0.365394,0.146956
-0.338593,-0.219058,0.708127,0.016449,-0.010659,0.004725,0.999797,0.006461,-0.016766,0.235674,-1.480742,0.001170,-0.675052,0.331790,1.481331,0.062533,0.819949,-0.007976,-0.128755,-0.018383,0.178338,0.358731,-0.276756,-0.103027,-0.091771,-0.031559,-0.167461,0.269668,-0.361768,0.142113
-0.337823,-0.219170,0.707417,0.016416,-0.010577,0.006061,0.999791,0.006641,-0.015822,0.235032,-1.484133,0.001722,-0.674779,0.334061,1.481889,0.059796,0.820723,-0.008787,-0.129552,-0.017780,0.178391,0.361667,-0.272045,-0.103684,-0.091900,-0.031655,-0.168691,0.272190,-0.358027,0.138031
-0.336949,-0.219290,0.706593,0.016396,-0.010601,0.007322,0.999783,0.006802,-0.014982,0.235741,-1.485013,0.002167,-0.675677,0.336299,1.481635,0.056536,0.821078,-0.010864,-0.130501,-0.017397,0.178126,0.365562,-0.268195,-0.103399,-0.092295,-0.031806,-0.168872,0.275463,-0.353699,0.133518
-0.335979,-0.219466,0.705599,0.016446,-0.010712,0.008576,0.999771,0.006948,-0.014215,0.237354,-1.484064,0.002574,-0.677310,0.338359,1.480645,0.053192,0.820826,-0.013497,-0.132011,-0.016870,0.177662,0.371428,-0.265420,-0.099962,-0.093086,-0.032066,-0.168296,0.279727,-0.348427,0.127922
-0.334933,-0.219567,0.704127,0.016348,-0.010996,0.009787,0.999758,0.007076,-0.013484,0.239390,-1.481779,0.002941,-0.679270,0.340099,1.478702,0.050006,0.819993,-0.016523,-0.134474,-0.016326,0.177170,0.380361,-0.263454,-0.094394,-0.094227,-0.032444,-0.167460,0.285903,-0.341039,0.119265
-0.333891,-0.219651,0.702420,0.016129,-0.011334,0.010980,0.999745,0.007190,-0.012754,0.241546,-1.478546,0.003270,-0.681250,0.341093,1.475924,0.047258,0.818596,-0.019658,-0.138512,-0.015201,0.176429,0.392393,-0.263402,-0.090159,-0.096047,-0.032550,-0.166165,0.293455,-0.333092,0.108814
-0.332828,-0.219673,0.700539,0.015905,-0.011777,0.012068,0.999731,0.007289,-0.011999,0.243545,-1.474575,0.003568,-0.682955,0.341172,1.472133,0.045188,0.816789,-0.022912,-0.144498,-0.013341,0.175784,0.408989,-0.264435,-0.090050,-0.098421,-0.032608,-0.164924,0.302585,-0.325080,0.096966
-0.331765,-0.219588,0.698440,0.015724,-0.012315,0.013141,0.999714,0.007376,-0.011207,0.244673,-1.470145,0.003820,-0.684298,0.340042,1.466646,0.043626,0.815089,-0.026645,-0.153080,-0.010738,0.175071,0.431650,-0.264363,-0.096775,-0.101515,-0.033119,-0.163309,0.313857,-0.317099,0.084471
-0.330734,-0.219429,0.696312,0.015768,-0.012807,0.014158,0.999693,0.007449,-0.010382,0.244125,-1.464551,0.004045,-0.685118,0.337005,1.458829,0.042071,0.814447,-0.030818,-0.165271,-0.006599,0.175550,0.461941,-0.263262,-0.108406,-0.105961,-0.034416,-0.162336,0.327223,-0.310361,0.071761
-0.329793,-0.219183,0.694131,0.015960,-0.013120,0.015146,0.999672,0.007516,-0.009537,0.240474,-1.456833,0.004276,-0.684708,0.331030,1.447725,0.039709,0.815483,-0.035238,-0.182184,-0.000981,0.176702,0.501778,-0.263312,-0.120808,-0.112197,-0.036523,-0.161134,0.343425,-0.305456,0.059442
-0.329009,-0.218833,0.691899,0.016268,-0.013148,0.016506,0.999645,0.007575,-0.008711,0.231095,-1.445444,0.004611,-0.682837,0.321402,1.432209,0.035489,0.818953,-0.041051,-0.204579,0.006272,0.178106,0.551905,-0.265308,-0.134643,-0.120610,-0.039220,-0.159511,0.362467,-0.302176,0.047826
-0.328486,-0.218452,0.689910,0.016806,-0.012932,0.018013,0.999613,0.007632,-0.007942,0.214735,-1.429066,0.004968,-0.680206,0.306627,1.411103,0.029082,0.825739,-0.047391,-0.232171,0.015968,0.179880,0.611970,-0.270302,-0.146849,-0.131142,-0.042459,-0.157088,0.383421,-0.301805,0.038477
-0.328267,-0.217980,0.688003,0.017484,-0.012527,0.019765,0.999573,0.007686,-0.007279,0.190179,-1.406545,0.005380,-0.678528,0.285690,1.383204,0.020423,0.837019,-0.054918,-0.264810,0.028048,0.181634,0.681861,-0.277661,-0.154890,-0.143507,-0.046197,-0.153868,0.406344,-0.303516,0.030523
-0.328445,-0.217436,0.686242,0.018293,-0.011968,0.021836,0.999523,0.007726,-0.006732,0.156454,-1.376855,0.005834,-0.679758,0.257823,1.347274,0.009607,0.854053,-0.063879,-0.301531,0.042574,0.182763,0.759269,-0.285706,-0.157089,-0.157290,-0.050503,-0.149799,0.430245,-0.306890,0.024342
-0.329055,-0.216830,0.684650,0.019197,-0.011275,0.023978,0.999465,0.007744,-0.006299,0.113430,-1.339035,0.006428,-0.686077,0.222081,1.303050,-0.003149,0.877727,-0.073553,-0.340776,0.059717,0.183007,0.840549,-0.295371,-0.151850,-0.172017,-0.054877,-0.145160,0.453941,-0.310884,0.019783
-0.330062,-0.216032,0.683115,0.020080,-0.010574,0.026002,0.999404,0.007732,-0.005937,0.061302,-1.293344,0.007149,-0.699478,0.177795,1.250312,-0.016941,0.908404,-0.083266,-0.380600,0.078678,0.181434,0.921689,-0.304671,-0.141158,-0.186765,-0.059374,-0.139288,0.476529,-0.314707,0.014557
-0.331420,-0.215125,0.681779,0.020923,-0.010028,0.027916,0.999341,0.007686,-0.005565,0.001213,-1.240691,0.007941,-0.722558,0.125043,1.189580,-0.029854,0.945796,-0.093441,-0.418604,0.099359,0.177377,0.997473,-0.311345,-0.130327,-0.200521,-0.063272,-0.132708,0.496537,-0.318084,0.009603
-0.332958,-0.213982,0.680589,0.021686,-0.009834,0.029166,0.999291,0.007605,-0.005072,-0.063725,-1.182665,0.008606,-0.757709,0.063163,1.122331,-0.039891,0.989391,-0.102729,-0.452688,0.120579,0.170552,1.064261,-0.313760,-0.122400,-0.212400,-0.066666,-0.124792,0.513691,-0.320142,0.006419
-0.334536,-0.212601,0.679754,0.022416,-0.009901,0.030065,0.999248,0.007481,-0.004353,-0.131517,-1.120559,0.009228,-0.806050,-0.007227,1.050312,-0.045824,1.038040,-0.112277,-0.481313,0.142052,0.161410,1.117966,-0.312088,-0.118839,-0.221575,-0.069946,-0.116681,0.526280,-0.321399,0.003939
-0.335900,-0.210992,0.679255,0.023227,-0.010333,0.030416,0.999214,0.007314,-0.003304,-0.199525,-1.055651,0.009675,-0.868514,-0.084839,0.975612,-0.046743,1.090623,-0.121193,-0.502757,0.162647,0.150743,1.156546,-0.304397,-0.119073,-0.227467,-0.073383,-0.108311,0.534208,-0.321436,0.002502
-0.336787,-0.209115,0.678928,0.024027,-0.011169,0.030010,0.999198,0.007124,-0.001856,-0.265273,-0.988610,0.009763,-0.944455,-0.168481,0.900962,-0.041365,1.146949,-0.128335,-0.516013,0.182333,0.139277,1.178356,-0.291159,-0.121183,-0.229701,-0.076869,-0.099876,0.537783,-0.319653,0.001815
-0.337092,-0.207005,0.678772,0.024773,-0.012223,0.029067,0.999196,0.006926,0.000023,-0.327272,-0.920511,0.009283,-1.032410,-0.256983,0.829050,-0.029899,1.206702,-0.133688,-0.521500,0.200301,0.127610,1.183822,-0.272728,-0.123140,-0.228775,-0.080347,-0.091581,0.537464,-0.315977,0.002474
-0.336764,-0.204668,0.678776,0.025374,-0.013445,0.027718,0.999203,0.006737,0.002323,-0.384908,-0.852711,0.008202,-1.130808,-0.348271,0.761792,-0.012999,1.268781,-0.137360,-0.519121,0.216677,0.116620,1.172984,-0.253586,-0.124941,-0.224793,-0.083631,-0.083703,0.533404,-0.311083,0.005499
-0.335753,-0.202073,0.678897,0.025808,-0.014704,0.026038,0.999220,0.006567,0.004998,-0.437596,-0.785697,0.006534,-1.237231,-0.440719,0.700799,0.007332,1.332545,-0.139362,-0.509707,0.231082,0.107176,1.148080,-0.234739,-0.125793,-0.218382,-0.087046,-0.076164,0.526431,-0.305748,0.009486
-0.334085,-0.199285,0.679138,0.026087,-0.015997,0.024278,0.999237,0.006427,0.007990,-0.486520,-0.719228,0.004338,-1.348055,-0.531738,0.646988,0.029376,1.397776,-0.140381,-0.494107,0.243850,0.099500,1.111137,-0.216382,-0.122888,-0.209917,-0.090740,-0.069567,0.517241,-0.300697,0.013472
-0.331887,-0.196346,0.679292,0.026128,-0.017082,0.022498,0.999259,0.006324,0.011239,-0.532892,-0.654169,0.001631,-1.460559,-0.620027,0.601329,0.051678,1.464371,-0.140395,-0.474088,0.254542,0.093121,1.065536,-0.196745,-0.116637,-0.200724,-0.094184,-0.063401,0.507498,-0.295882,0.018478
-0.329334,-0.193235,0.679249,0.025853,-0.017829,0.020836,0.999290,0.006259,0.014667,-0.578363,-0.591086,-0.001436,-1.571027,-0.704130,0.562948,0.072797,1.532244,-0.139889,-0.451475,0.263329,0.087398,1.014021,-0.177312,-0.109120,-0.192097,-0.097426,-0.057517,0.498666,-0.291302,0.024194
-0.326632,-0.189929,0.679148,0.025374,-0.018172,0.019448,0.999324,0.006221,0.018220,-0.624413,-0.531769,-0.004636,-1.677073,-0.783735,0.530912,0.091101,1.600527,-0.139408,-0.427482,0.269596,0.082209,0.959414,-0.160865,-0.103604,-0.184763,-0.100579,-0.051874,0.491318,-0.288423,0.030590
-0.323879,-0.186439,0.678914,0.024615,-0.018147,0.018363,0.999364,0.006202,0.021857,-0.672382,-0.477225,-0.007777,-1.777178,-0.858112,0.504291,0.106271,1.667926,-0.138960,-0.403581,0.274109,0.077099,0.905020,-0.146882,-0.101755,-0.179316,-0.103699,-0.046416,0.486630,-0.287551,0.036639
-0.321226,-0.182842,0.678428,0.023628,-0.017718,0.017735,0.999406,0.006180,0.025547,-0.722120,-0.427456,-0.010753,-1.869891,-0.927236,0.482596,0.118218,1.733904,-0.138274,-0.381508,0.276840,0.071529,0.854033,-0.132254,-0.102801,-0.176391,-0.106642,-0.041311,0.485590,-0.288304,0.042523
-0.318779,-0.179136,0.677570,0.022531,-0.016885,0.017474,0.999451,0.006149,0.029264,-0.773727,-0.382852,-0.013498,-1.954800,-0.991316,0.465042,0.127451,1.798681,-0.136884,-0.362578,0.277887,0.065078,0.809020,-0.113857,-0.105695,-0.176601,-0.109710,-0.036728,0.489311,-0.290397,0.048538
-0.316707,-0.175297,0.676433,0.021242,-0.015602,0.017559,0.999498,0.006102,0.032989,-0.825359,-0.344698,-0.015909,-2.032573,-1.050262,0.450546,0.134435,1.861818,-0.134942,-0.346830,0.277590,0.059129,0.770075,-0.095907,-0.114131,-0.180356,-0.112750,-0.032689,0.497985,-0.294739,0.054433
-0.314913,-0.171328,0.675019,0.019764,-0.014156,0.017892,0.999544,0.006031,0.036708,-0.875812,-0.312775,-0.017934,-2.103873,-1.103318,0.437529,0.139461,1.923295,-0.131437,-0.333198,0.276212,0.055232,0.737627,-0.082759,-0.131357,-0.187190,-0.115892,-0.029711,0.511977,-0.302218,0.060255
-0.313370,-0.167224,0.673142,0.018177,-0.012533,0.018434,0.999586,0.005935,0.040425,-0.922835,-0.286174,-0.019551,-2.168858,-1.150622,0.425325,0.142418,1.983089,-0.126487,-0.322119,0.274338,0.052727,0.712441,-0.077293,-0.154156,-0.196924,-0.119380,-0.027925,0.531600,-0.311597,0.066053
-0.312110,-0.163054,0.671360,0.016449,-0.010489,0.019139,0.999626,0.005813,0.044133,-0.965442,-0.262752,-0.020967,-2.227997,-1.191059,0.412851,0.142476,2.040787,-0.120127,-0.315270,0.272395,0.051279,0.695610,-0.079812,-0.178246,-0.210240,-0.123230,-0.027180,0.556667,-0.322556,0.071514
-0.311020,-0.158733,0.669329,0.014716,-0.008176,0.019985,0.999659,0.005666,0.047848,-1.002078,-0.241267,-0.022070,-2.281145,-1.223651,0.398761,0.139031,2.095957,-0.112547,-0.312642,0.269832,0.050801,0.687254,-0.091678,-0.200615,-0.226544,-0.127681,-0.027315,0.586595,-0.335547,0.076386
-0.310091,-0.154250,0.666882,0.013000,-0.005498,0.020807,0.999684,0.005513,0.051574,-1.031998,-0.220970,-0.022986,-2.328462,-1.247844,0.381963,0.130996,2.148059,-0.104113,-0.314747,0.266830,0.051052,0.687640,-0.113011,-0.219551,-0.245976,-0.132817,-0.027844,0.620893,-0.350724,0.081171
-0.309202,-0.149622,0.664931,0.011301,-0.002515,0.021738,0.999697,0.005357,0.055316,-1.054524,-0.201683,-0.023730,-2.369650,-1.262549,0.361548,0.117383,2.195993,-0.096176,-0.321741,0.263460,0.051947,0.696621,-0.145332,-0.235672,-0.267875,-0.138648,-0.028146,0.658604,-0.368517,0.085860
-0.308271,-0.144931,0.662563,0.009742,0.000628,0.022908,0.999690,0.005196,0.059092,-1.069321,-0.183413,-0.024343,-2.404328,-1.266780,0.337239,0.097051,2.239046,-0.089316,-0.334140,0.259800,0.051811,0.715306,-0.182877,-0.246943,-0.291517,-0.144952,-0.027769,0.698726,-0.387899,0.090555
-0.307328,-0.140183,0.659491,0.008364,0.003994,0.024305,0.999662,0.005030,0.062911,-1.076657,-0.166314,-0.024908,-2.432158,-1.260412,0.310000,0.069120,2.276509,-0.084175,-0.353017,0.256045,0.049165,0.743347,-0.222199,-0.250285,-0.316618,-0.151709,-0.026115,0.740479,-0.406866,0.095847
-0.306418,-0.135402,0.656035,0.007032,0.007502,0.025792,0.999614,0.004846,0.066786,-1.078250,-0.151204,-0.025479,-2.453544,-1.243902,0.281873,0.033910,2.307358,-0.080046,-0.376784,0.252115,0.045194,0.778283,-0.260536,-0.247354,-0.342164,-0.158896,-0.023582,0.781630,-0.426693,0.101290
-0.305489,-0.130573,0.652359,0.005702,0.010751,0.027164,0.999557,0.004641,0.070721,-1.074783,-0.138840,-0.025897,-2.468800,-1.218914,0.255334,-0.007166,2.331419,-0.076486,-0.402663,0.247849,0.040563,0.817193,-0.296762,-0.241046,-0.366691,-0.166513,-0.020440,0.821571,-0.446157,0.105805
-0.304596,-0.125720,0.648618,0.004407,0.013670,0.028234,0.999498,0.004420,0.074719,-1.067841,-0.129187,-0.026341,-2.478925,-1.187483,0.232702,-0.052105,2.349303,-0.073290,-0.428510,0.243373,0.035896,0.856857,-0.330247,-0.233484,-0.389475,-0.174341,-0.017142,0.858759,-0.464766,0.110146
-0.303681,-0.120861,0.645048,0.003121,0.016125,0.028978,0.999445,0.004180,0.078785,-1.058917,-0.122024,-0.026743,-2.484979,-1.151976,0.215358,-0.098294,2.362243,-0.070594,-0.452511,0.238557,0.031291,0.895280,-0.360240,-0.226938,-0.409555,-0.182077,-0.013477,0.892267,-0.481518,0.114570
-0.302825,-0.115973,0.641787,0.001822,0.018117,0.029176,0.999408,0.003924,0.082917,-1.049341,-0.116488,-0.027133,-2.488065,-1.115272,0.204035,-0.143259,2.371431,-0.067656,-0.473973,0.233757,0.027093,0.930727,-0.386099,-0.221056,-0.426593,-0.189574,-0.009739,0.920760,-0.495406,0.119518
-0.302021,-0.111071,0.638841,0.000458,0.019802,0.028819,0.999388,0.003658,0.087087,-1.040817,-0.111550,-0.027550,-2.489263,-1.080317,0.198672,-0.184796,2.378026,-0.064070,-0.492263,0.228805,0.023831,0.961426,-0.409685,-0.214310,-0.440378,-0.196775,-0.006492,0.943743,-0.506393,0.125149
-0.301270,-0.106164,0.636407,-0.001015,0.021129,0.028053,0.999383,0.003392,0.091277,-1.033710,-0.106436,-0.027982,-2.489310,-1.049181,0.198282,-0.221176,2.382920,-0.060276,-0.506552,0.223565,0.021526,0.986677,-0.430558,-0.207098,-0.450717,-0.203667,-0.003705,0.960691,-0.514536,0.131092
-0.300517,-0.101237,0.634569,-0.002535,0.022042,0.026955,0.999390,0.003141,0.095463,-1.028118,-0.100669,-0.028433,-2.488920,-1.023024,0.201372,-0.251676,2.386970,-0.056723,-0.516845,0.217927,0.020331,1.006372,-0.448258,-0.199557,-0.457533,-0.210088,-0.001246,0.971679,-0.519831,0.137156
-0.299776,-0.096270,0.633324,-0.003990,0.022620,0.025724,0.999405,0.002917,0.099640,-1.024398,-0.094214,-0.028855,-2.488228,-1.002064,0.206088,-0.276223,2.390292,-0.054047,-0.523409,0.211826,0.019785,1.020865,-0.462730,-0.191568,-0.460931,-0.215909,0.001162,0.976421,-0.522675,0.144911
-0.299065,-0.091362,0.632652,-0.005593,0.022947,0.024650,0.999417,0.002721,0.103796,-1.022421,-0.087559,-0.029247,-2.487411,-0.985988,0.210980,-0.295559,2.393004,-0.052383,-0.526995,0.205633,0.019733,1.030565,-0.474448,-0.183038,-0.461159,-0.221030,0.003568,0.975372,-0.522831,0.153056
-0.298385,-0.086486,0.632516,-0.007268,0.022878,0.023729,0.999430,0.002549,0.107944,-1.021733,-0.081159,-0.029547,-2.486604,-0.973849,0.215263,-0.310665,2.394943,-0.051431,-0.527734,0.199203,0.020194,1.035616,-0.483316,-0.174193,-0.458028,-0.225424,0.005671,0.968920,-0.519911,0.161336
-0.297726,-0.081617,0.632896,-0.009024,0.022314,0.022934,0.999447,0.002406,0.112115,-1.021306,-0.075627,-0.029734,-2.485665,-0.964618,0.219090,-0.322377,2.395866,-0.050879,-0.524805,0.192339,0.021090,1.035734,-0.489998,-0.165088,-0.451329,-0.229212,0.007259,0.957356,-0.513891,0.169945
-0.297100,-0.076707,0.633692,-0.010918,0.021250,0.022099,0.999470,0.002288,0.116354,-1.020767,-0.070751,-0.029821,-2.484758,-0.957411,0.222817,-0.331480,2.395515,-0.050308,-0.518209,0.185335,0.022453,1.030411,-0.495552,-0.155747,-0.441260,-0.232657,0.008215,0.940771,-0.505062,0.177897
-0.296485,-0.071696,0.634829,-0.012729,0.019673,0.021062,0.999504,0.002197,0.120703,-1.020067,-0.066494,-0.029858,-2.483822,-0.951578,0.226441,-0.338531,2.393944,-0.049178,-0.508071,0.177708,0.024438,1.020193,-0.499965,-0.145833,-0.428006,-0.235928,0.008718,0.919735,-0.493347,0.184971
-0.295869,-0.066629,0.636379,-0.014514,0.017629,0.019819,0.999543,0.002132,0.125204,-1.019353,-0.062554,-0.029877,-2.482181,-0.946878,0.229964,-0.343578,2.391015,-0.047271,-0.494374,0.169533,0.026392,1.005214,-0.502374,-0.135637,-0.411817,-0.238763,0.008728,0.894628,-0.478652,0.191994
-0.295234,-0.061537,0.638355,-0.016297,0.015235,0.018253,0.999584,0.002092,0.129875,-1.018391,-0.058681,-0.029996,-2.479322,-0.943115,0.233157,-0.346789,2.386447,-0.044079,-0.477850,0.160953,0.028335,0.985696,-0.502408,-0.125175,-0.393547,-0.241348,0.008291,0.866694,-0.460471,0.197916
-0.294561,-0.056379,0.640653,-0.017944,0.012640,0.016328,0.999626,0.002080,0.134704,-1.017170,-0.054070,-0.030177,-2.474667,-0.940476,0.235025,-0.348296,2.379680,-0.039821,-0.459104,0.151901,0.029883,0.962187,-0.500189,-0.114454,-0.374257,-0.243754,0.007542,0.837167,-0.438171,0.202409
-0.293858,-0.051209,0.643224,-0.019562,0.010148,0.014004,0.999659,0.002105,0.139627,-1.015453,-0.047702,-0.030595,-2.467747,-0.939359,0.234922,-0.348580,2.370119,-0.034535,-0.438708,0.142882,0.031337,0.934738,-0.496427,-0.102829,-0.355299,-0.246034,0.005986,0.807232,-0.411647,0.204190
-0.293039,-0.046052,0.645964,-0.021171,0.007671,0.011325,0.999682,0.002197,0.144546,-1.013629,-0.038638,-0.031254,-2.458373,-0.939241,0.231967,-0.347788,2.357338,-0.028826,-0.416678,0.134091,0.033041,0.903533,-0.492119,-0.090265,-0.337361,-0.247967,0.003121,0.778579,-0.379876,0.201822
-0.292095,-0.040951,0.649220,-0.022642,0.005392,0.008309,0.999695,0.002335,0.149352,-1.011455,-0.025958,-0.032324,-2.446094,-0.939811,0.225097,-0.346128,2.341307,-0.023726,-0.393424,0.125361,0.035341,0.869754,-0.485930,-0.077163,-0.321420,-0.249428,-0.001562,0.752092,-0.343187,0.195245
-0.291025,-0.035942,0.653498,-0.024072,0.003463,0.004997,0.999692,0.002520,0.153915,-1.008619,-0.008480,-0.033883,-2.430360,-0.940756,0.213753,-0.344008,2.321563,-0.020011,-0.369419,0.117387,0.038874,0.833449,-0.478062,-0.063824,-0.308241,-0.250213,-0.008910,0.728501,-0.301932,0.182619
-0.289817,-0.031037,0.657863,-0.025395,0.001925,0.001443,0.999675,0.002761,0.158107,-1.004190,0.014663,-0.035994,-2.411105,-0.941280,0.197378,-0.342357,2.297765,-0.018215,-0.345402,0.110275,0.044292,0.795609,-0.469690,-0.050192,-0.298239,-0.250072,-0.018969,0.708302,-0.257508,0.162183
-0.288471,-0.026325,0.662130,-0.026582,0.000804,-0.002058,0.999644,0.003056,0.161790,-0.997423,0.044191,-0.038725,-2.387954,-0.940595,0.175095,-0.342374,2.270046,-0.018760,-0.321545,0.103933,0.051491,0.757039,-0.460883,-0.036379,-0.290594,-0.247754,-0.031402,0.690036,-0.216580,0.137281
-0.286909,-0.021817,0.666126,-0.027610,-0.000004,-0.005508,0.999604,0.003398,0.164855,-0.987427,0.080765,-0.042225,-2.360586,-0.936832,0.146134,-0.345187,2.238715,-0.021676,-0.297832,0.098371,0.060955,0.718420,-0.451429,-0.022967,-0.284109,-0.242643,-0.046106,0.673222,-0.185293,0.110498
-0.285055,-0.017568,0.669872,-0.028383,-0.000668,-0.008797,0.999558,0.003778,0.167219,-0.973777,0.125080,-0.046469,-2.328614,-0.927689,0.109451,-0.352023,2.204198,-0.026641,-0.274125,0.093317,0.072444,0.680184,-0.441946,-0.010402,-0.277758,-0.234344,-0.062366,0.657849,-0.165036,0.084910
-0.282995,-0.013607,0.673225,-0.028782,-0.000835,-0.011715,0.999517,0.004156,0.168828,-0.955854,0.177611,-0.051530,-2.291068,-0.911220,0.063822,-0.364719,2.165875,-0.033000,-0.251543,0.088345,0.085555,0.642888,-0.431581,0.000972,-0.271702,-0.222987,-0.079485,0.643259,-0.155997,0.064195
-0.280714,-0.009898,0.676142,-0.028776,-0.000739,-0.014368,0.999482,0.004545,0.169632,-0.932897,0.238633,-0.057211,-2.246373,-0.885198,0.008257,-0.385184,2.122391,-0.039540,-0.230023,0.083160,0.099786,0.606831,-0.421090,0.010812,-0.265033,-0.209382,-0.095925,0.629138,-0.156931,0.049682
-0.278317,-0.006520,0.678700,-0.028429,-0.000435,-0.016762,0.999455,0.004943,0.169604,-0.904253,0.308090,-0.063235,-2.192751,-0.847465,-0.057345,-0.414815,2.072128,-0.045274,-0.209562,0.077691,0.114602,0.571983,-0.410892,0.019458,-0.257322,-0.193893,-0.111110,0.614908,-0.167544,0.042971
-0.275978,-0.003489,0.680932,-0.027726,0.000126,-0.018838,0.999438,0.005329,0.168708,-0.869487,0.385387,-0.069288,-2.128361,-0.797444,-0.132423,-0.454468,2.013037,-0.049603,-0.190471,0.071703,0.128980,0.538516,-0.400983,0.027276,-0.248734,-0.177135,-0.124735,0.600671,-0.186823,0.045357
-0.273873,-0.000704,0.682818,-0.026662,0.000903,-0.020682,0.999430,0.005694,0.166936,-0.827965,0.469540,-0.074813,-2.051353,-0.736016,-0.214884,-0.503694,1.943050,-0.052344,-0.173061,0.065013,0.142830,0.506759,-0.391121,0.034582,-0.239992,-0.161045,-0.137081,0.587584,-0.208938,0.053286
-0.272259,0.001858,0.684446,-0.025378,0.001823,-0.022244,0.999429,0.006038,0.164279,-0.779093,0.558746,-0.079205,-1.959919,-0.665350,-0.301425,-0.560924,1.860401,-0.053156,-0.157577,0.057700,0.155391,0.476754,-0.381523,0.040695,-0.231516,-0.146429,-0.147948,0.575483,-0.228041,0.064485
-0.271291,0.004289,0.685588,-0.023818,0.002945,-0.023406,0.999438,0.006359,0.160729,-0.723278,0.649235,-0.081966,-1.853212,-0.589134,-0.388948,-0.623709,1.764375,-0.052547,-0.144463,0.049663,0.166276,0.449490,-0.370902,0.045235,-0.223812,-0.134464,-0.157159,0.563608,-0.242979,0.076356
-0.271055,0.006591,0.686391,-0.022136,0.004075,-0.024194,0.999454,0.006656,0.156282,-0.661266,0.737641,-0.082775,-1.732410,-0.511602,-0.473888,-0.689174,1.656605,-0.050596,-0.133723,0.041383,0.175286,0.424793,-0.359329,0.048378,-0.216821,-0.125266,-0.164695,0.551651,-0.254400,0.085996
-0.271585,0.008703,0.686963,-0.020485,0.005315,-0.024430,0.999478,0.006924,0.150939,-0.594882,0.820719,-0.081584,-1.600162,-0.437053,-0.552801,-0.753954,1.540021,-0.047395,-0.125466,0.033369,0.182126,0.402631,-0.346752,0.051604,-0.210929,-0.118312,-0.170969,0.539779,-0.263158,0.092902
-0.272756,0.010680,0.687341,-0.018828,0.006559,-0.024030,0.999512,0.007151,0.144717,-0.526067,0.895171,-0.078550,-1.459903,-0.369223,-0.623740,-0.814977,1.418385,-0.043348,-0.119469,0.025201,0.186237,0.382962,-0.333791,0.054455,-0.205803,-0.113397,-0.175213,0.527528,-0.269704,0.098248
-0.274440,0.012595,0.687494,-0.017074,0.007850,-0.022994,0.999559,0.007335,0.137640,-0.457028,0.958856,-0.073913,-1.315729,-0.310871,-0.685670,-0.869726,1.295907,-0.038862,-0.115694,0.016835,0.188003,0.365923,-0.320464,0.056772,-0.201102,-0.110936,-0.176987,0.514300,-0.274255,0.102208
-0.276385,0.014295,0.687605,-0.015512,0.009080,-0.021458,0.999608,0.007470,0.129743,-0.390105,1.010093,-0.068376,-1.172571,-0.262684,-0.738319,-0.916575,1.176515,-0.033844,-0.113728,0.009199,0.187718,0.351175,-0.307575,0.058373,-0.196690,-0.109660,-0.176303,0.499511,-0.277255,0.105701
-0.278398,0.015730,0.687805,-0.014061,0.010389,-0.019456,0.999658,0.007550,0.121088,-0.327460,1.048654,-0.062583,-1.035352,-0.224545,-0.782677,-0.955570,1.063890,-0.028565,-0.113101,0.002311,0.186073,0.338250,-0.296393,0.060356,-0.192403,-0.109280,-0.174146,0.483192,-0.278761,0.110286
-0.280317,0.016835,0.688299,-0.013019,0.011664,-0.017264,0.999698,0.007569,0.111770,-0.270191,1.076894,-0.057075,-0.907714,-0.194938,-0.818973,-0.987279,0.960537,-0.022875,-0.113096,-0.003202,0.183612,0.326249,-0.287591,0.063236,-0.187770,-0.108602,-0.171084,0.465134,-0.278852,0.116434
-0.282006,0.017659,0.688955,-0.012273,0.012952,-0.015121,0.999726,0.007526,0.101899,-0.219358,1.096221,-0.052213,-0.791081,-0.172192,-0.848457,-1.012938,0.867523,-0.018162,-0.113392,-0.007657,0.180699,0.315475,-0.281288,0.066200,-0.182944,-0.107353,-0.167161,0.445892,-0.277451,0.125107
-0.283396,0.018248,0.689585,-0.011560,0.014255,-0.013035,0.999747,0.007420,0.091588,-0.175220,1.107571,-0.048172,-0.686442,-0.154908,-0.872950,-1.034117,0.784313,-0.015153,-0.114078,-0.011572,0.177911,0.306153,-0.276280,0.069198,-0.177941,-0.105710,-0.162407,0.425852,-0.274790,0.135482
-0.284497,0.018604,0.690208,-0.010975,0.015547,-0.011140,0.999757,0.007263,0.080969,-0.137268,1.113059,-0.045015,-0.594348,-0.141456,-0.893139,-1.052248,0.709834,-0.014275,-0.114826,-0.014522,0.176241,0.298069,-0.272484,0.072241,-0.172765,-0.103290,-0.158100,0.405904,-0.269918,0.147146
-0.285283,0.018715,0.690831,-0.010710,0.016718,-0.009575,0.999757,0.007062,0.070168,-0.105408,1.114542,-0.042759,-0.514362,-0.130240,-0.909582,-1.068498,0.642904,-0.015661,-0.115256,-0.016296,0.176145,0.291131,-0.270171,0.074294,-0.167624,-0.100062,-0.154749,0.386734,-0.261025,0.157411
-0.285836,0.018699,0.691314,-0.010346,0.017821,-0.008234,0.999754,0.006818,0.059327,-0.078689,1.112914,-0.041129,-0.445287,-0.120436,-0.923797,-1.084111,0.582530,-0.018836,-0.115347,-0.017654,0.177769,0.285173,-0.268612,0.075063,-0.162098,-0.096746,-0.152443,0.368088,-0.249377,0.162691
-0.286190,0.018532,0.691580,-0.009944,0.018752,-0.007144,0.999749,0.006536,0.048551,-0.056441,1.109325,-0.039944,-0.385573,-0.111322,-0.936505,-1.099494,0.527190,-0.023615,-0.115422,-0.018534,0.180214,0.280659,-0.266768,0.074792,-0.156600,-0.093080,-0.151058,0.350327,-0.236010,0.162996
-0.286403,0.018210,0.691740,-0.009309,0.019603,-0.006201,0.999745,0.006226,0.037932,-0.038129,1.103663,-0.039121,-0.333968,-0.102709,-0.949163,-1.115072,0.475247,-0.029626,-0.115681,-0.019473,0.183365,0.277310,-0.265629,0.074141,-0.151413,-0.089750,-0.150597,0.334033,-0.222196,0.159012
-0.286525,0.017741,0.691774,-0.008461,0.020341,-0.005392,0.999743,0.005891,0.027538,-0.022964,1.096394,-0.038577,-0.289947,-0.094101,-0.962517,-1.130790,0.425210,-0.035926,-0.115827,-0.020408,0.187525,0.274846,-0.264718,0.073852,-0.146207,-0.087116,-0.151289,0.318991,-0.209380,0.150857
-0.286554,0.017090,0.691789,-0.007641,0.020800,-0.004864,0.999743,0.005546,0.017431,-0.010508,1.088577,-0.038197,-0.252419,-0.084815,-0.976039,-1.146481,0.376567,-0.041974,-0.115133,-0.020930,0.192536,0.272581,-0.264757,0.072407,-0.140749,-0.084788,-0.153379,0.305199,-0.197796,0.139863
-0.286533,0.016294,0.691716,-0.006807,0.021110,-0.004566,0.999744,0.005196,0.007644,-0.000746,1.080089,-0.037915,-0.220366,-0.075177,-0.989689,-1.162259,0.329497,-0.047099,-0.114035,-0.021299,0.197300,0.270482,-0.264636,0.069897,-0.135439,-0.083088,-0.155432,0.292520,-0.188082,0.126150
-0.286459,0.015350,0.691614,-0.005883,0.021206,-0.004525,0.999748,0.004849,-0.001789,0.006896,1.070887,-0.037678,-0.193120,-0.065136,-1.003192,-1.178260,0.284736,-0.050301,-0.112432,-0.021587,0.200950,0.268254,-0.264307,0.067410,-0.129885,-0.081450,-0.157020,0.280488,-0.181655,0.112023
-0.286342,0.014272,0.691560,-0.005119,0.021100,-0.004755,0.999753,0.004519,-0.010861,0.012621,1.061653,-0.037487,-0.170293,-0.054793,-1.015734,-1.194360,0.242580,-0.051993,-0.110501,-0.021617,0.202879,0.266186,-0.264325,0.065389,-0.124539,-0.079398,-0.157988,0.269926,-0.176837,0.101372
-0.286172,0.013144,0.691488,-0.004491,0.020820,-0.005233,0.999759,0.004217,-0.019552,0.016794,1.052645,-0.037338,-0.151604,-0.044347,-1.026891,-1.210585,0.203715,-0.052131,-0.107976,-0.021481,0.203573,0.264177,-0.264445,0.063671,-0.119045,-0.077274,-0.157854,0.260360,-0.173268,0.093285
-0.286016,0.012019,0.691338,-0.004008,0.020485,-0.005822,0.999765,0.003944,-0.027861,0.019367,1.044033,-0.037201,-0.136747,-0.034353,-1.036292,-1.226810,0.169089,-0.051213,-0.105621,-0.021085,0.202950,0.262410,-0.263436,0.061617,-0.113704,-0.074945,-0.156518,0.251493,-0.170243,0.087411
-0.285850,0.010898,0.691166,-0.003742,0.020023,-0.006421,0.999772,0.003705,-0.035783,0.020785,1.036612,-0.037069,-0.125438,-0.025125,-1.043540,-1.242805,0.139117,-0.049368,-0.103444,-0.020327,0.200576,0.261242,-0.262140,0.059319,-0.108255,-0.072231,-0.153941,0.242907,-0.166733,0.083006
-0.285712,0.009809,0.691059,-0.003675,0.019593,-0.006854,0.999778,0.003494,-0.043321,0.021313,1.030679,-0.036948,-0.117326,-0.017215,-1.048881,-1.258192,0.113800,-0.046985,-0.101987,-0.019231,0.196875,0.260858,-0.261239,0.057179,-0.102741,-0.069183,-0.150454,0.234128,-0.162911,0.079527
-0.285571,0.008780,0.690958,-0.003711,0.019145,-0.007073,0.999785,0.003308,-0.050475,0.021606,1.026275,-0.036876,-0.111777,-0.010663,-1.052896,-1.272554,0.092673,-0.043951,-0.101127,-0.017940,0.192700,0.261521,-0.260898,0.055275,-0.097031,-0.066037,-0.147083,0.225132,-0.159291,0.076614
-0.285472,0.007781,0.690912,-0.003919,0.018862,-0.007001,0.999790,0.003139,-0.057259,0.021750,1.023673,-0.036835,-0.108105,-0.005961,-1.055897,-1.285465,0.074771,-0.040697,-0.101234,-0.016184,0.188675,0.263150,-0.261007,0.053677,-0.091687,-0.062590,-0.144564,0.216291,-0.155847,0.074506
-0.285381,0.006843,0.690868,-0.004142,0.018670,-0.006662,0.999795,0.002979,-0.063688,0.021909,1.022522,-0.036810,-0.105671,-0.002849,-1.058533,-1.296819,0.059534,-0.037398,-0.102142,-0.014313,0.184856,0.265731,-0.261554,0.052258,-0.086542,-0.059340,-0.142830,0.207675,-0.152972,0.072900
-0.285332,0.005960,0.690759,-0.004326,0.018545,-0.006177,0.999800,0.002824,-0.069779,0.021885,1.022236,-0.036765,-0.104157,-0.000874,-1.061056,-1.306588,0.046678,-0.034629,-0.103629,-0.012436,0.181719,0.268908,-0.261746,0.050659,-0.081814,-0.056478,-0.141917,0.199642,-0.150369,0.071508
-0.285263,0.005146,0.690659,-0.004472,0.018404,-0.005682,0.999804,0.002670,-0.075544,0.021921,1.022500,-0.036736,-0.103182,0.000555,-1.063616,-1.314763,0.035704,-0.032501,-0.105069,-0.010664,0.179174,0.272247,-0.262515,0.049131,-0.077507,-0.053918,-0.141570,0.192510,-0.148188,0.070329
-0.285194,0.004408,0.690521,-0.004472,0.018304,-0.005334,0.999808,0.002517,-0.081006,0.021479,1.022647,-0.036688,-0.102435,0.001711,-1.066427,-1.321566,0.026474,-0.030872,-0.106263,-0.009270,0.177710,0.275291,-0.263362,0.047516,-0.073946,-0.051986,-0.141794,0.186697,-0.146630,0.069213
-0.285117,0.003750,0.690351,-0.004355,0.018174,-0.005174,0.999812,0.002370,-0.086182,0.020845,1.022450,-0.036649,-0.101910,0.003048,-1.069245,-1.327411,0.019061,-0.029317,-0.107106,-0.008248,0.176588,0.277713,-0.263696,0.046044,-0.071249,-0.050562,-0.141952,0.182488,-0.145622,0.068152
-0.285053,0.003152,0.690237,-0.004190,0.018028,-0.005250,0.999815,0.002236,-0.091082,0.019790,1.022041,-0.036572,-0.101636,0.004808,-1.071912,-1.332511,0.013191,-0.028280,-0.107495,-0.007524,0.175579,0.279362,-0.264230,0.044849,-0.069426,-0.049495,-0.141917,0.179869,-0.144999,0.067014
-0.284973,0.002659,0.690083,-0.003862,0.017783,-0.005535,0.999819,0.002119,-0.095703,0.018502,1.020857,-0.036485,-0.101720,0.007197,-1.074496,-1.337234,0.008893,-0.027828,-0.107212,-0.007379,0.174893,0.280323,-0.264584,0.043799,-0.068178,-0.049146,-0.141624,0.178704,-0.145157,0.065865
-0.284887,0.002241,0.689924,-0.003498,0.017540,-0.005971,0.999822,0.002025,-0.100052,0.016836,1.019268,-0.036408,-0.102187,0.009813,-1.076743,-1.341568,0.005821,-0.028015,-0.106406,-0.007479,0.174804,0.280463,-0.264588,0.042681,-0.067629,-0.049169,-0.141316,0.178873,-0.145750,0.064725
-0.284779,0.001883,0.689804,-0.003116,0.017342,-0.006423,0.999824,0.001948,-0.104145,0.015024,1.017464,-0.036356,-0.102927,0.012284,-1.078672,-1.345471,0.003680,-0.028613,-0.105350,-0.007754,0.174999,0.280005,-0.264623,0.041641,-0.067734,-0.049377,-0.140922,0.180162,-0.146877,0.063830
-0.284663,0.001573,0.689698,-0.002760,0.017120,-0.006823,0.999826,0.001886,-0.107996,0.013451,1.015810,-0.036308,-0.103839,0.014693,-1.080175,-1.348975,0.002144,-0.029188,-0.104196,-0.008079,0.175324,0.279407,-0.264715,0.040606,-0.068197,-0.049752,-0.140481,0.182298,-0.148255,0.062930
-0.284550,0.001277,0.689737,-0.002496,0.016932,-0.007027,0.999829,0.001829,-0.111614,0.012466,1.014554,-0.036301,-0.104762,0.016737,-1.081136,-1.352078,0.000899,-0.029463,-0.103254,-0.008223,0.175480,0.278697,-0.265592,0.040000,-0.068862,-0.050010,-0.140139,0.184823,-0.149999,0.062112
-0.284416,0.001014,0.689793,-0.002230,0.016776,-0.006977,0.999832,0.001768,-0.115013,0.012047,1.013440,-0.036306,-0.105589,0.018050,-1.081991,-1.354686,-0.000366,-0.029516,-0.102572,-0.008365,0.175589,0.278400,-0.266742,0.040611,-0.069486,-0.050365,-0.140206,0.187395,-0.151898,0.061472
-0.284279,0.000767,0.689663,-0.001998,0.016634,-0.006671,0.999837,0.001691,-0.118209,0.012275,1.012370,-0.036342,-0.106372,0.018598,-1.082477,-1.356608,-0.001577,-0.029145,-0.102036,-0.008454,0.176018,0.278620,-0.266431,0.041273,-0.069801,-0.050757,-0.141039,0.189697,-0.153763,0.060855
-0.284135,0.000511,0.689536,-0.001858,0.016513,-0.006200,0.999843,0.001590,-0.121222,0.013013,1.011570,-0.036396,-0.107065,0.018601,-1.082611,-1.357679,-0.002701,-0.028899,-0.101769,-0.008349,0.176035,0.278971,-0.265795,0.041716,-0.069955,-0.050893,-0.141813,0.191553,-0.155377,0.060340
-0.283972,0.000261,0.689520,-0.001735,0.016393,-0.005552,0.999849,0.001460,-0.124068,0.014212,1.010955,-0.036440,-0.107701,0.018094,-1.082590,-1.358003,-0.003685,-0.028874,-0.101559,-0.008157,0.175927,0.279174,-0.265905,0.042345,-0.069770,-0.050996,-0.142688,0.192887,-0.156658,0.059899
-0.283775,0.000007,0.689536,-0.001665,0.016253,-0.004776,0.999855,0.001297,-0.126755,0.015800,1.010508,-0.036495,-0.108239,0.017173,-1.082439,-1.357646,-0.004839,-0.028920,-0.101340,-0.007926,0.175700,0.279585,-0.266510,0.043328,-0.069234,-0.050967,-0.143482,0.193713,-0.157808,0.059423
-0.283576,-0.000229,0.689509,-0.001599,0.016140,-0.003985,0.999861,0.001102,-0.129292,0.017394,1.010111,-0.036542,-0.108707,0.015932,-1.082208,-1.356813,-0.006018,-0.029122,-0.101184,-0.007800,0.175480,0.280178,-0.267062,0.043943,-0.068580,-0.050890,-0.144159,0.194164,-0.158803,0.059097
-0.283355,-0.000448,0.689334,-0.001559,0.016035,-0.003177,0.999865,0.000882,-0.131685,0.018913,1.009899,-0.036564,-0.109129,0.014526,-1.081808,-1.355646,-0.006945,-0.029525,-0.101006,-0.007620,0.175163,0.280912,-0.266398,0.043780,-0.067828,-0.050758,-0.144665,0.194364,-0.159633,0.058819
-0.283140,-0.000635,0.689219,-0.001526,0.015962,-0.002455,0.999868,0.000643,-0.133947,0.020241,1.009657,-0.036589,-0.109385,0.013059,-1.081159,-1.354262,-0.007581,-0.029906,-0.100809,-0.007481,0.174777,0.281183,-0.266070,0.042323,-0.067113,-0.050635,-0.144989,0.194453,-0.160337,0.058419
-0.282899,-0.000798,0.689339,-0.001524,0.015896,-0.001841,0.999871,0.000393,-0.136087,0.021247,1.009574,-0.036607,-0.109472,0.011685,-1.080426,-1.352837,-0.008068,-0.030211,-0.100481,-0.007310,0.174144,0.281015,-0.267737,0.040834,-0.066461,-0.050437,-0.144982,0.194579,-0.161017,0.057955
-0.282644,-0.000922,0.689416,-0.001492,0.015845,-0.001282,0.999873,0.000136,-0.138117,0.021884,1.009491,-0.036601,-0.109474,0.010330,-1.079748,-1.351419,-0.008560,-0.030295,-0.100194,-0.007246,0.173452,0.281115,-0.269445,0.039351,-0.065869,-0.050331,-0.144839,0.194807,-0.161570,0.057505
-0.282389,-0.001021,0.689362,-0.001436,0.015790,-0.000828,0.999874,-0.000124,-0.140039,0.022274,1.009275,-0.036602,-0.109458,0.009243,-1.079167,-1.350003,-0.009065,-0.030022,-0.099957,-0.007248,0.172903,0.281656,-0.270268,0.038555,-0.065301,-0.050331,-0.144830,0.195094,-0.162231,0.057042
-0.282159,-0.001073,0.689165,-0.001353,0.015807,-0.000462,0.999874,-0.000382,-0.141866,0.022236,1.008948,-0.036606,-0.109410,0.008262,-1.078599,-1.348694,-0.009533,-0.029625,-0.099951,-0.007342,0.172341,0.282429,-0.269738,0.037875,-0.065012,-0.050413,-0.144881,0.195462,-0.162746,0.056795
-0.281925,-0.001105,0.689099,-0.001274,0.015854,-0.000138,0.999874,-0.000637,-0.143609,0.021932,1.008668,-0.036607,-0.109360,0.007282,-1.078051,-1.347420,-0.010167,-0.029094,-0.099939,-0.007303,0.172017,0.282652,-0.269541,0.037881,-0.064716,-0.050612,-0.145371,0.195755,-0.163289,0.056543
-0.281664,-0.001129,0.689073,-0.001190,0.015930,0.000159,0.999872,-0.000893,-0.145278,0.021416,1.008333,-0.036620,-0.109382,0.006119,-1.077635,-1.346208,-0.011068,-0.028650,-0.099856,-0.007376,0.172009,0.282765,-0.269679,0.038599,-0.064405,-0.050854,-0.146103,0.195970,-0.163736,0.056170
-0.281435,-0.001161,0.689016,-0.001155,0.016189,0.000467,0.999868,-0.001152,-0.146880,0.020547,1.008213,-0.036608,-0.109354,0.004646,-1.077186,-1.344934,-0.012147,-0.028347,-0.099987,-0.007392,0.172137,0.282955,-0.269449,0.039560,-0.064355,-0.050987,-0.146812,0.196071,-0.164093,0.055930
-0.281189,-0.001159,0.688951,-0.001115,0.016489,0.000748,0.999863,-0.001418,-0.148428,0.019241,1.008149,-0.036576,-0.109432,0.002874,-1.076644,-1.343545,-0.013133,-0.028213,-0.100474,-0.007503,0.172133,0.283201,-0.268873,0.040258,-0.064568,-0.051124,-0.147373,0.196244,-0.164543,0.055965
-0.280938,-0.001153,0.688963,-0.001081,0.016778,0.001075,0.999858,-0.001692,-0.149927,0.018047,1.008122,-0.036561,-0.109807,0.001007,-1.075843,-1.342080,-0.013777,-0.028224,-0.100917,-0.007607,0.172128,0.283393,-0.269189,0.040543,-0.064808,-0.051264,-0.147814,0.196546,-0.164996,0.056121
-0.280708,-0.001124,0.688776,-0.001089,0.017087,0.001436,0.999852,-0.001972,-0.151376,0.016933,1.008096,-0.036550,-0.110576,-0.000900,-1.074630,-1.340535,-0.014028,-0.028361,-0.101415,-0.007674,0.171999,0.284089,-0.268239,0.040108,-0.065192,-0.051400,-0.148071,0.196911,-0.165362,0.056079
-0.280489,-0.001100,0.688731,-0.001115,0.017356,0.001813,0.999847,-0.002256,-0.152767,0.016066,1.008028,-0.036533,-0.111743,-0.002700,-1.072970,-1.338946,-0.013713,-0.028431,-0.101998,-0.007579,0.171680,0.284208,-0.267602,0.039392,-0.065472,-0.051475,-0.148270,0.197268,-0.165856,0.055945
-0.280248,-0.001061,0.688496,-0.001117,0.017589,0.002247,0.999842,-0.002544,-0.154095,0.015332,1.007844,-0.036512,-0.113384,-0.004423,-1.071115,-1.337288,-0.012751,-0.028479,-0.102354,-0.007625,0.171461,0.284737,-0.266039,0.038509,-0.065614,-0.051610,-0.148557,0.197599,-0.166430,0.055765
-0.280028,-0.001010,0.687957,-0.001145,0.017780,0.002661,0.999838,-0.002835,-0.155357,0.014785,1.007510,-0.036515,-0.115383,-0.005897,-1.068874,-1.335489,-0.011269,-0.028359,-0.102659,-0.007565,0.171148,0.285481,-0.261864,0.036012,-0.065765,-0.051632,-0.148775,0.198027,-0.167109,0.055949
-0.279785,-0.000936,0.687529,-0.001119,0.017800,0.003026,0.999836,-0.003127,-0.156553,0.014449,1.006902,-0.036539,-0.117850,-0.006844,-1.066573,-1.333650,-0.009335,-0.028033,-0.102599,-0.007531,0.171006,0.285779,-0.258406,0.033921,-0.065663,-0.051914,-0.149330,0.198565,-0.167667,0.056113
-0.279562,-0.000883,0.687071,-0.001107,0.017818,0.003419,0.999835,-0.003421,-0.157671,0.014481,1.006254,-0.036574,-0.120569,-0.007538,-1.064150,-1.331844,-0.007199,-0.027852,-0.102265,-0.007480,0.170993,0.286028,-0.254784,0.032482,-0.065399,-0.052203,-0.149963,0.199022,-0.168157,0.056006
-0.279345,-0.000807,0.686618,-0.001060,0.017873,0.003773,0.999833,-0.003717,-0.158721,0.014419,1.005413,-0.036610,-0.123152,-0.008282,-1.061856,-1.330063,-0.005201,-0.027805,-0.102041,-0.007532,0.171118,0.286141,-0.250811,0.031829,-0.065258,-0.052567,-0.150684,0.199508,-0.168606,0.055959
-0.279126,-0.000741,0.686484,-0.001058,0.017949,0.004042,0.999830,-0.004015,-0.159709,0.014165,1.004674,-0.036647,-0.125421,-0.008937,-1.059596,-1.328341,-0.003318,-0.027676,-0.101770,-0.007546,0.171273,0.285576,-0.248275,0.031325,-0.065153,-0.052774,-0.151365,0.199978,-0.169102,0.056065
-0.278882,-0.000675,0.686432,-0.001065,0.018045,0.004299,0.999827,-0.004319,-0.160652,0.013782,1.004023,-0.036665,-0.127295,-0.009745,-1.057517,-1.326629,-0.001622,-0.027699,-0.101427,-0.007657,0.171594,0.285330,-0.246463,0.030652,-0.065186,-0.052985,-0.152038,0.200603,-0.169545,0.056279
-0.278686,-0.000592,0.686382,-0.001076,0.018176,0.004483,0.999824,-0.004626,-0.161558,0.013284,1.003205,-0.036701,-0.128893,-0.010461,-1.055373,-1.324971,0.000013,-0.027946,-0.101306,-0.007714,0.171795,0.285043,-0.245087,0.030029,-0.065420,-0.053205,-0.152492,0.201251,-0.169887,0.056420
-0.277509,-0.000287,0.686158,-0.001140,0.018082,0.003738,0.999829,-0.007136,-0.161709,0.007049,0.994615,-0.036469,-0.139173,-0.016384,-1.038564,-1.311462,0.019243,-0.027537,-0.098460,-0.007906,0.172684,0.283790,-0.247115,0.030108,-0.063756,-0.053572,-0.152584,0.202084,-0.171461,0.056683
-0.276379,-0.000005,0.685947,-0.001221,0.018010,0.002965,0.999833,-0.009603,-0.161668,0.000467,0.985761,-0.036188,-0.149271,-0.022578,-1.021581,-1.297573,0.038727,-0.027358,-0.095758,-0.008125,0.173623,0.282953,-0.248335,0.029844,-0.062160,-0.053842,-0.152653,0.202832,-0.173090,0.056810
-0.275300,0.000288,0.685762,-0.001269,0.017910,0.002144,0.999837,-0.012025,-0.161442,-0.006477,0.976446,-0.035830,-0.159273,-0.028989,-1.004494,-1.282863,0.058497,-0.027009,-0.093247,-0.008385,0.174404,0.282109,-0.249853,0.028682,-0.060644,-0.054089,-0.152410,0.203520,-0.174577,0.057180
-0.274300,0.000541,0.685580,-0.001340,0.017828,0.001282,0.999839,-0.014398,-0.161030,-0.013999,0.966476,-0.035329,-0.169286,-0.035644,-0.986988,-1.266711,0.078618,-0.026700,-0.090747,-0.008480,0.175293,0.281412,-0.251055,0.027394,-0.059174,-0.054327,-0.152383,0.204052,-0.176013,0.057193
-0.273358,0.000797,0.685410,-0.001417,0.017749,0.000395,0.999841,-0.016721,-0.160437,-0.022347,0.955477,-0.034637,-0.179472,-0.042549,-0.968747,-1.247639,0.099582,-0.026340,-0.088465,-0.008547,0.176028,0.280803,-0.252195,0.026309,-0.057832,-0.054467,-0.152213,0.204680,-0.177230,0.057323
-0.272567,0.001050,0.685235,-0.001492,0.017692,-0.000558,0.999842,-0.018992,-0.159652,-0.031580,0.942761,-0.033656,-0.190022,-0.049950,-0.949219,-1.224407,0.121095,-0.025880,-0.086302,-0.008566,0.176973,0.280222,-0.252920,0.025397,-0.056566,-0.054633,-0.152194,0.205015,-0.178415,0.057304
-0.271863,0.001273,0.685090,-0.001576,0.017581,-0.001591,0.999843,-0.021218,-0.158655,-0.042094,0.928148,-0.032277,-0.201360,-0.057951,-0.928041,-1.196302,0.143238,-0.025251,-0.084249,-0.008540,0.177800,0.279734,-0.253533,0.024433,-0.055346,-0.054676,-0.151959,0.205413,-0.179568,0.057319
-0.272290,0.001289,0.685125,-0.001555,0.017713,-0.001760,0.999840,-0.021212,-0.158138,-0.048268,0.918763,-0.030747,-0.205055,-0.061433,-0.919535,-1.173938,0.149074,-0.025166,-0.085278,-0.008539,0.177755,0.280228,-0.253042,0.024571,-0.056272,-0.054723,-0.151967,0.205693,-0.179127,0.057137
-0.272794,0.001312,0.685168,-0.001574,0.017794,-0.001945,0.999839,-0.021216,-0.157510,-0.055718,0.906608,-0.028920,-0.210969,-0.065741,-0.907977,-1.145144,0.156652,-0.025097,-0.086433,-0.008489,0.177503,0.280969,-0.252605,0.024838,-0.057286,-0.054668,-0.151634,0.206017,-0.178683,0.056979
-0.273366,0.001322,0.685194,-0.001670,0.017917,-0.002063,0.999836,-0.021232,-0.156741,-0.064635,0.891004,-0.026968,-0.219975,-0.071847,-0.892415,-1.110170,0.166869,-0.025010,-0.087820,-0.008164,0.177327,0.281935,-0.251863,0.025576,-0.058469,-0.054440,-0.151551,0.206463,-0.178229,0.056679
-0.273910,0.001342,0.685215,-0.001811,0.017979,-0.002167,0.999834,-0.021241,-0.155792,-0.075658,0.871656,-0.025025,-0.233059,-0.080161,-0.872390,-1.070110,0.180797,-0.024864,-0.089001,-0.007798,0.177327,0.282628,-0.251155,0.026200,-0.059418,-0.054116,-0.151625,0.206824,-0.177928,0.056412
-0.274420,0.001323,0.685235,-0.001979,0.018014,-0.002195,0.999833,-0.021245,-0.154619,-0.088913,0.848533,-0.023181,-0.250977,-0.091290,-0.847690,-1.026583,0.198595,-0.024835,-0.090057,-0.007368,0.177223,0.283253,-0.250687,0.026536,-0.060239,-0.053679,-0.151583,0.207067,-0.177577,0.056368
-0.274848,0.001306,0.685241,-0.002114,0.018008,-0.002189,0.999833,-0.021253,-0.153199,-0.105168,0.821453,-0.021534,-0.274247,-0.105198,-0.818883,-0.980918,0.221135,-0.024911,-0.090934,-0.007014,0.177004,0.283831,-0.250252,0.026712,-0.060875,-0.053329,-0.151501,0.207252,-0.177155,0.056229
-0.275220,0.001246,0.685322,-0.002273,0.017997,-0.002049,0.999833,-0.021256,-0.151508,-0.124366,0.790599,-0.020128,-0.302861,-0.120825,-0.786636,-0.931425,0.248509,-0.025098,-0.091761,-0.006595,0.176573,0.284343,-0.250108,0.026954,-0.061401,-0.052865,-0.151322,0.207362,-0.176568,0.056225
-0.275645,0.001172,0.685391,-0.002432,0.017945,-0.001831,0.999834,-0.021242,-0.149529,-0.146228,0.756234,-0.018907,-0.336474,-0.138729,-0.751554,-0.876101,0.279421,-0.025441,-0.092562,-0.006137,0.176256,0.284884,-0.249876,0.026971,-0.061828,-0.052430,-0.151177,0.207323,-0.176193,0.055955
-0.276091,0.001108,0.685472,-0.002600,0.017902,-0.001553,0.999835,-0.021215,-0.147243,-0.170731,0.718781,-0.017857,-0.373936,-0.160968,-0.713732,-0.819999,0.312434,-0.025426,-0.093328,-0.005578,0.176184,0.285224,-0.249512,0.026771,-0.062221,-0.051948,-0.151506,0.207328,-0.175833,0.055785
-0.276583,0.001055,0.685501,-0.002701,0.017768,-0.001283,0.999838,-0.021175,-0.144635,-0.197543,0.678621,-0.016826,-0.413990,-0.185422,-0.674088,-0.763810,0.347100,-0.025504,-0.093896,-0.005202,0.176132,0.285524,-0.248839,0.026653,-0.062491,-0.051688,-0.151856,0.207370,-0.175483,0.055723
-0.277254,0.000997,0.685509,-0.002758,0.017583,-0.000942,0.999841,-0.021146,-0.141691,-0.225617,0.635980,-0.015735,-0.455223,-0.211072,-0.633270,-0.707047,0.382105,-0.025767,-0.094782,-0.004941,0.175878,0.286189,-0.248053,0.026550,-0.063012,-0.051522,-0.151972,0.207694,-0.174755,0.055846
-0.278185,0.000976,0.685515,-0.002778,0.017329,-0.000612,0.999846,-0.021117,-0.138395,-0.254162,0.590819,-0.014569,-0.496150,-0.236464,-0.591716,-0.649620,0.415764,-0.026107,-0.095938,-0.004738,0.175687,0.287146,-0.247200,0.026692,-0.063780,-0.051558,-0.152154,0.208210,-0.173959,0.055745
-0.279349,0.000975,0.685534,-0.002850,0.016861,-0.000260,0.999854,-0.021083,-0.134715,-0.282065,0.543801,-0.013344,-0.535568,-0.260971,-0.549285,-0.591799,0.446698,-0.026485,-0.097135,-0.004442,0.175491,0.288453,-0.246416,0.027110,-0.064493,-0.051541,-0.152233,0.209048,-0.172918,0.055750
-0.280814,0.001046,0.685547,-0.002887,0.016315,0.000038,0.999863,-0.021050,-0.130629,-0.308747,0.494639,-0.012109,-0.571734,-0.285402,-0.505454,-0.536394,0.474227,-0.026936,-0.098371,-0.004273,0.175583,0.289702,-0.245425,0.027513,-0.065312,-0.051759,-0.152483,0.209836,-0.171762,0.055789
-0.282486,0.001156,0.685557,-0.002947,0.015677,0.000265,0.999873,-0.021015,-0.126124,-0.333985,0.443517,-0.010924,-0.603634,-0.307871,-0.460062,-0.487140,0.498274,-0.027524,-0.099598,-0.004075,0.175852,0.290913,-0.244235,0.027653,-0.066228,-0.051984,-0.152838,0.210742,-0.170253,0.055823
-0.284433,0.001302,0.685560,-0.002990,0.014907,0.000402,0.999884,-0.020977,-0.121186,-0.356506,0.390737,-0.009785,-0.630420,-0.325318,-0.413562,-0.440200,0.518708,-0.028339,-0.100936,-0.003999,0.176004,0.292357,-0.242949,0.028147,-0.067283,-0.052321,-0.152830,0.211713,-0.168384,0.055963
-0.286684,0.001492,0.685565,-0.002997,0.014107,0.000472,0.999896,-0.020937,-0.115810,-0.375566,0.336391,-0.008704,-0.651069,-0.338144,-0.366241,-0.395959,0.533908,-0.029415,-0.102593,-0.003967,0.176362,0.293954,-0.241480,0.028739,-0.068638,-0.052822,-0.152852,0.212711,-0.166073,0.055962
-0.289172,0.001731,0.685646,-0.003077,0.013247,0.000441,0.999907,-0.020887,-0.109999,-0.390238,0.281119,-0.007726,-0.665211,-0.345852,-0.317582,-0.354962,0.542788,-0.030218,-0.104243,-0.003822,0.176799,0.295306,-0.240406,0.028459,-0.070143,-0.053186,-0.152831,0.213722,-0.163657,0.056008
-0.291822,0.002015,0.685691,-0.003116,0.012384,0.000333,0.999918,-0.020832,-0.103767,-0.399584,0.225134,-0.006836,-0.672284,-0.348137,-0.267703,-0.317656,0.545715,-0.030991,-0.105975,-0.003733,0.177465,0.296657,-0.239063,0.027718,-0.071833,-0.053757,-0.153010,0.214711,-0.161134,0.055867
-0.294605,0.002307,0.685706,-0.003135,0.011653,0.000186,0.999927,-0.020768,-0.097132,-0.402387,0.168509,-0.006133,-0.672119,-0.344156,-0.216508,-0.284408,0.543118,-0.031576,-0.108120,-0.003596,0.177862,0.298062,-0.237010,0.027462,-0.073977,-0.054364,-0.153068,0.215866,-0.158390,0.055740
-0.297411,0.002620,0.685676,-0.003143,0.010953,0.000028,0.999935,-0.020691,-0.090122,-0.398295,0.111150,-0.005610,-0.665589,-0.332962,-0.163815,-0.256003,0.535395,-0.032027,-0.110578,-0.003489,0.178088,0.299811,-0.234591,0.027750,-0.076380,-0.055056,-0.152990,0.217251,-0.155546,0.055614
-0.300148,0.002925,0.685644,-0.003124,0.010324,-0.000093,0.999942,-0.020604,-0.082766,-0.387437,0.052805,-0.005315,-0.653398,-0.315339,-0.109167,-0.233314,0.523296,-0.032448,-0.113250,-0.003435,0.178139,0.301730,-0.232269,0.028391,-0.078919,-0.055845,-0.152750,0.218738,-0.152804,0.055704
-0.302739,0.003203,0.685662,-0.003117,0.009789,-0.000156,0.999947,-0.020504,-0.075110,-0.370818,-0.007100,-0.005225,-0.636797,-0.291688,-0.052421,-0.216936,0.508066,-0.032932,-0.115967,-0.003304,0.178047,0.303462,-0.230325,0.028540,-0.081522,-0.056623,-0.152441,0.220269,-0.150143,0.055951
-0.305108,0.003479,0.685706,-0.003145,0.009445,-0.000278,0.999950,-0.020391,-0.067204,-0.348835,-0.068029,-0.005343,-0.617151,-0.262488,0.006697,-0.206731,0.491581,-0.033337,-0.118753,-0.003004,0.177943,0.305123,-0.228783,0.027867,-0.084327,-0.057294,-0.152089,0.221717,-0.147776,0.056116
-0.307106,0.003730,0.685668,-0.003081,0.009175,-0.000281,0.999953,-0.020269,-0.059094,-0.322198,-0.130015,-0.005607,-0.595618,-0.228607,0.067903,-0.202684,0.476368,-0.033791,-0.121448,-0.002751,0.177613,0.306966,-0.226835,0.028649,-0.086906,-0.058234,-0.151760,0.223155,-0.145845,0.056454
-0.308706,0.003968,0.685636,-0.003014,0.009093,-0.000257,0.999954,-0.020150,-0.050833,-0.292093,-0.192586,-0.006027,-0.573891,-0.191499,0.131234,-0.205030,0.464026,-0.034265,-0.124033,-0.002559,0.177176,0.308447,-0.224816,0.029726,-0.089379,-0.059188,-0.151330,0.224446,-0.144139,0.056718
-0.309814,0.004156,0.685628,-0.002943,0.009054,-0.000152,0.999955,-0.020033,-0.042478,-0.260063,-0.255500,-0.006516,-0.553209,-0.151494,0.196288,-0.213717,0.456122,-0.034730,-0.126171,-0.002399,0.176639,0.309693,-0.223498,0.030176,-0.091415,-0.060060,-0.150743,0.225535,-0.142912,0.057189
-0.310441,0.004295,0.685669,-0.002881,0.009225,0.000031,0.999953,-0.019923,-0.034088,-0.226781,-0.317959,-0.007079,-0.534779,-0.110059,0.262538,-0.228137,0.453759,-0.035180,-0.128121,-0.002165,0.176162,0.310586,-0.222731,0.030345,-0.093239,-0.060843,-0.150279,0.226312,-0.142071,0.057730
-0.310592,0.004387,0.685777,-0.002850,0.009531,0.000205,0.999950,-0.019824,-0.025734,-0.192875,-0.379215,-0.007656,-0.519545,-0.067990,0.329595,-0.247616,0.458238,-0.035556,-0.129688,-0.001861,0.175576,0.310950,-0.222544,0.030234,-0.094769,-0.061471,-0.149805,0.226875,-0.141674,0.058399
-0.310285,0.004446,0.685859,-0.002805,0.009951,0.000422,0.999946,-0.019735,-0.017465,-0.158459,-0.438491,-0.008240,-0.507919,-0.025593,0.396752,-0.271305,0.470381,-0.035955,-0.130931,-0.001569,0.174978,0.311182,-0.222501,0.030192,-0.095866,-0.062006,-0.149366,0.226971,-0.141688,0.058925
-0.309568,0.004419,0.685966,-0.002800,0.010452,0.000700,0.999941,-0.019662,-0.009325,-0.124452,-0.495654,-0.008841,-0.500546,0.016433,0.464000,-0.298638,0.490702,-0.036118,-0.131771,-0.001241,0.174256,0.310967,-0.222491,0.030791,-0.096496,-0.062355,-0.148967,0.226730,-0.142023,0.059478
-0.308545,0.004341,0.686114,-0.002795,0.011080,0.000899,0.999934,-0.019604,-0.001348,-0.091554,-0.550611,-0.009448,-0.497615,0.057612,0.530807,-0.329004,0.518964,-0.036112,-0.132487,-0.001056,0.173474,0.310424,-0.222973,0.030718,-0.096955,-0.062518,-0.148458,0.226150,-0.142493,0.059901
-0.307290,0.004171,0.686287,-0.002839,0.011798,0.001180,0.999926,-0.019556,0.006439,-0.060451,-0.603295,-0.010060,-0.498841,0.097720,0.596998,-0.361365,0.554594,-0.035921,-0.133082,-0.000713,0.172769,0.309753,-0.223728,0.030455,-0.097207,-0.062360,-0.148157,0.225295,-0.143194,0.060516
-0.305920,0.003950,0.686504,-0.002891,0.012666,0.001472,0.999915,-0.019528,0.014008,-0.031863,-0.653320,-0.010626,-0.503866,0.135561,0.662543,-0.394307,0.596289,-0.035943,-0.133837,-0.000358,0.172097,0.308953,-0.224749,0.030062,-0.097573,-0.062063,-0.147979,0.224201,-0.144028,0.061197
-0.304438,0.003693,0.686702,-0.002936,0.013507,0.001575,0.999903,-0.019517,0.021343,-0.004995,-0.700778,-0.011112,-0.511921,0.170498,0.726927,-0.426110,0.642711,-0.035918,-0.134340,-0.000073,0.171397,0.308033,-0.225840,0.029277,-0.097809,-0.061669,-0.147658,0.223101,-0.145100,0.061731
-0.302947,0.003386,0.686944,-0.003002,0.014547,0.001627,0.999888,-0.019516,0.028435,0.019939,-0.745767,-0.011587,-0.522532,0.202084,0.789615,-0.455336,0.691603,-0.035699,-0.135087,0.000275,0.170761,0.307021,-0.227122,0.028665,-0.098351,-0.061067,-0.147354,0.221905,-0.146082,0.062012
-0.301495,0.003074,0.687143,-0.003039,0.015366,0.001637,0.999876,-0.019534,0.035279,0.042763,-0.788417,-0.011999,-0.535399,0.229880,0.850037,-0.480962,0.740280,-0.035346,-0.135587,0.000505,0.170040,0.306248,-0.228412,0.028293,-0.098635,-0.060535,-0.146959,0.220926,-0.147153,0.062088
-0.300099,0.002783,0.687291,-0.003027,0.016092,0.001556,0.999865,-0.019563,0.041897,0.063985,-0.828918,-0.012332,-0.549993,0.254130,0.907004,-0.501345,0.786149,-0.034830,-0.135987,0.000516,0.169255,0.305642,-0.229611,0.027919,-0.098831,-0.060066,-0.146436,0.220071,-0.148228,0.062287
-0.298839,0.002553,0.687497,-0.003066,0.016828,0.001353,0.999853,-0.019599,0.048285,0.083862,-0.867379,-0.012576,-0.566195,0.274066,0.960505,-0.515855,0.827178,-0.034272,-0.136491,0.000537,0.168464,0.304902,-0.231145,0.026947,-0.099223,-0.059511,-0.145778,0.219184,-0.149207,0.062550
-0.297705,0.002402,0.687666,-0.003113,0.017467,0.000960,0.999842,-0.019633,0.054444,0.102857,-0.904025,-0.012747,-0.583781,0.289229,1.010314,-0.524607,0.862224,-0.033768,-0.136895,0.000565,0.167707,0.304341,-0.232504,0.026247,-0.099665,-0.059031,-0.145014,0.218529,-0.150059,0.062843
-0.296701,0.002366,0.687817,-0.003123,0.018117,0.000343,0.999831,-0.019657,0.060380,0.121468,-0.938803,-0.012824,-0.602674,0.300372,1.055805,-0.527695,0.890536,-0.033127,-0.137306,0.000384,0.167224,0.303716,-0.233669,0.025826,-0.100290,-0.058753,-0.144236,0.217912,-0.150760,0.062946
-0.295877,0.002423,0.687981,-0.003187,0.018719,-0.000267,0.999820,-0.019675,0.066101,0.138968,-0.971890,-0.012792,-0.622483,0.308370,1.097094,-0.525612,0.911765,-0.032409,-0.137818,0.000302,0.166826,0.303154,-0.234721,0.025577,-0.101000,-0.058472,-0.143504,0.217408,-0.151259,0.062872
-0.295162,0.002602,0.688053,-0.003198,0.019099,-0.000925,0.999812,-0.019684,0.071625,0.155515,-1.003481,-0.012616,-0.642635,0.314018,1.134217,-0.518796,0.926414,-0.031511,-0.138162,0.000026,0.166602,0.302932,-0.235435,0.025216,-0.101486,-0.058480,-0.142896,0.217014,-0.151759,0.063055
-0.294558,0.002863,0.688163,-0.003267,0.019660,-0.001621,0.999800,-0.019677,0.076961,0.171280,-1.033374,-0.012379,-0.662230,0.317894,1.167389,-0.507784,0.935552,-0.030719,-0.138852,-0.000213,0.166464,0.302584,-0.236040,0.024928,-0.102365,-0.058451,-0.142333,0.216576,-0.152114,0.063498
-0.294095,0.003167,0.688326,-0.003350,0.020329,-0.002179,0.999785,-0.019658,0.082086,0.185603,-1.061644,-0.012026,-0.680772,0.320069,1.197535,-0.493897,0.940413,-0.030158,-0.139942,-0.000360,0.166550,0.302210,-0.236645,0.025010,-0.103666,-0.058498,-0.142133,0.216246,-0.152292,0.063965
-0.293717,0.003526,0.688451,-0.003405,0.020904,-0.002777,0.999772,-0.019632,0.087011,0.198676,-1.088302,-0.011590,-0.697260,0.321610,1.224579,-0.477764,0.941951,-0.029412,-0.140958,-0.000545,0.166887,0.302051,-0.237082,0.026062,-0.104887,-0.058778,-0.142166,0.216148,-0.152397,0.064320
-0.293382,0.003948,0.688653,-0.003438,0.021385,-0.003589,0.999759,-0.019597,0.091736,0.210887,-1.113263,-0.011128,-0.711319,0.323015,1.248671,-0.459561,0.940900,-0.028513,-0.141788,-0.000914,0.167137,0.301643,-0.238180,0.027051,-0.106077,-0.059124,-0.141897,0.216198,-0.152511,0.064600
-0.293101,0.004397,0.688945,-0.003506,0.021803,-0.004369,0.999747,-0.019550,0.096269,0.221819,-1.137090,-0.010636,-0.722494,0.324319,1.270183,-0.440313,0.937915,-0.027469,-0.142550,-0.001277,0.167278,0.301327,-0.240316,0.028102,-0.107233,-0.059432,-0.141469,0.216354,-0.152552,0.064981
-0.292840,0.004823,0.689211,-0.003566,0.022069,-0.005018,0.999738,-0.019489,0.100611,0.231339,-1.159479,-0.010189,-0.730773,0.325689,1.289493,-0.420915,0.933372,-0.026742,-0.143098,-0.001679,0.167386,0.301280,-0.242707,0.029160,-0.108010,-0.059713,-0.141090,0.216429,-0.152476,0.065837
-0.292620,0.005217,0.689557,-0.003699,0.022304,-0.005600,0.999729,-0.019420,0.104764,0.239614,-1.180259,-0.009747,-0.736259,0.326954,1.306836,-0.401754,0.927617,-0.026234,-0.143582,-0.001908,0.167329,0.301148,-0.245565,0.030759,-0.108654,-0.059835,-0.140628,0.216426,-0.152554,0.066670
-0.292433,0.005620,0.689670,-0.003792,0.022496,-0.006266,0.999720,-0.019348,0.108723,0.246866,-1.199593,-0.009183,-0.739534,0.328031,1.322451,-0.383128,0.921144,-0.025692,-0.143926,-0.002180,0.167573,0.301387,-0.246789,0.031988,-0.109248,-0.060116,-0.140365,0.216563,-0.152704,0.067115
-0.292211,0.006033,0.689727,-0.003902,0.022442,-0.007022,0.999716,-0.019273,0.112511,0.253314,-1.217618,-0.008607,-0.740489,0.329121,1.336467,-0.365117,0.914289,-0.024924,-0.143573,-0.002502,0.167695,0.301394,-0.247775,0.032656,-0.109232,-0.060344,-0.139829,0.216705,-0.152997,0.067540
-0.292017,0.006412,0.689726,-0.004001,0.022430,-0.007659,0.999711,-0.019200,0.116122,0.258977,-1.234285,-0.008040,-0.739859,0.330299,1.349111,-0.347672,0.907412,-0.024283,-0.143300,-0.002772,0.167562,0.301411,-0.248192,0.032795,-0.109333,-0.060482,-0.139198,0.216883,-0.153101,0.067974
-0.291858,0.006733,0.689763,-0.004003,0.022439,-0.007985,0.999708,-0.019137,0.119561,0.263244,-1.249934,-0.007414,-0.737732,0.331920,1.360407,-0.331279,0.900746,-0.023867,-0.143191,-0.003194,0.167436,0.301526,-0.249067,0.033375,-0.109323,-0.060838,-0.138745,0.216830,-0.153325,0.068572
-0.291745,0.007034,0.689614,-0.004030,0.022442,-0.008167,0.999707,-0.019092,0.122827,0.266544,-1.264472,-0.006809,-0.734532,0.333757,1.370549,-0.315633,0.894500,-0.023676,-0.143157,-0.003538,0.167335,0.301568,-0.247956,0.032411,-0.109200,-0.061200,-0.138291,0.216593,-0.153691,0.069142
-0.291646,0.007321,0.689424,-0.004054,0.022448,-0.008304,0.999705,-0.019064,0.125920,0.269096,-1.277966,-0.006198,-0.730460,0.335651,1.379795,-0.300573,0.888882,-0.023357,-0.142986,-0.003797,0.167425,0.301575,-0.246406,0.031906,-0.109008,-0.061643,-0.138202,0.216377,-0.154109,0.069230
-0.291594,0.007591,0.689403,-0.004042,0.022506,-0.008340,0.999704,-0.019056,0.128841,0.270770,-1.290518,-0.005600,-0.725926,0.337570,1.388323,-0.286305,0.884067,-0.023080,-0.143120,-0.004143,0.167154,0.301341,-0.245965,0.031546,-0.109046,-0.062071,-0.137905,0.216269,-0.154195,0.069266
-0.291576,0.007824,0.689521,-0.004028,0.022625,-0.008229,0.999702,-0.019066,0.131594,0.271848,-1.302364,-0.005123,-0.721141,0.339586,1.396199,-0.272775,0.880006,-0.022682,-0.143478,-0.004528,0.166841,0.301251,-0.246963,0.031702,-0.109226,-0.062429,-0.137690,0.216172,-0.154032,0.069530
-0.291613,0.008031,0.689549,-0.004014,0.022802,-0.008050,0.999700,-0.019100,0.134174,0.272608,-1.313680,-0.004689,-0.716467,0.341631,1.403538,-0.260080,0.876657,-0.022393,-0.144227,-0.004817,0.166386,0.301498,-0.246990,0.031928,-0.109621,-0.062785,-0.137438,0.216094,-0.153893,0.069912
-0.291625,0.008257,0.689554,-0.004000,0.022876,-0.007967,0.999699,-0.019146,0.136590,0.273051,-1.324453,-0.004282,-0.711624,0.343643,1.410355,-0.248007,0.873702,-0.022106,-0.144580,-0.005147,0.166202,0.301630,-0.246981,0.032466,-0.109758,-0.063223,-0.137425,0.215983,-0.153994,0.070257
-0.291644,0.008429,0.689459,-0.004090,0.022864,-0.007771,0.999700,-0.019209,0.138853,0.273133,-1.334332,-0.003882,-0.706993,0.345582,1.416872,-0.236092,0.870770,-0.021814,-0.144662,-0.005224,0.166099,0.301713,-0.245933,0.032378,-0.109661,-0.063408,-0.137594,0.215881,-0.154175,0.070344
-0.291662,0.008592,0.689438,-0.004150,0.022832,-0.007600,0.999702,-0.019287,0.140970,0.272997,-1.343632,-0.003489,-0.702725,0.347149,1.423224,-0.224319,0.867875,-0.021543,-0.144692,-0.005285,0.165843,0.301918,-0.245748,0.033346,-0.109627,-0.063552,-0.137840,0.216027,-0.154349,0.070342
-0.291708,0.008736,0.689460,-0.004200,0.022791,-0.007483,0.999703,-0.019380,0.142949,0.272678,-1.352425,-0.003099,-0.698888,0.348344,1.429258,-0.212776,0.864993,-0.021376,-0.144764,-0.005366,0.165597,0.301894,-0.245684,0.033746,-0.109732,-0.063660,-0.137925,0.216339,-0.154408,0.070504
-0.291736,0.008902,0.689322,-0.004245,0.022686,-0.007421,0.999706,-0.019483,0.144801,0.272385,-1.360908,-0.002708,-0.695277,0.349284,1.434813,-0.201122,0.861976,-0.021157,-0.144488,-0.005444,0.165667,0.301941,-0.244516,0.033786,-0.109696,-0.063825,-0.138050,0.216663,-0.154527,0.070891
-0.291770,0.009047,0.689216,-0.004319,0.022481,-0.007268,0.999712,-0.019596,0.146533,0.271826,-1.369189,-0.002265,-0.691908,0.350015,1.439916,-0.189415,0.858774,-0.021303,-0.143917,-0.005443,0.165810,0.301626,-0.243314,0.033634,-0.109325,-0.063988,-0.138326,0.216769,-0.154861,0.071157
-0.291785,0.009182,0.689190,-0.004396,0.022255,-0.007055,0.999718,-0.019717,0.148147,0.271022,-1.376874,-0.001828,-0.689152,0.350403,1.444618,-0.177746,0.855220,-0.021752,-0.143294,-0.005450,0.166022,0.301382,-0.243108,0.033598,-0.108811,-0.064095,-0.138570,0.216766,-0.155240,0.071276
-0.291825,0.009265,0.689267,-0.004492,0.022077,-0.006664,0.999724,-0.019852,0.149645,0.269804,-1.383920,-0.001374,-0.686900,0.350509,1.448904,-0.166480,0.851442,-0.022412,-0.142872,-0.005340,0.166188,0.301063,-0.243559,0.033587,-0.108276,-0.064074,-0.138775,0.216660,-0.155407,0.071413
-0.291911,0.009401,0.689518,-0.004567,0.022105,-0.006562,0.999724,-0.019993,0.151016,0.268548,-1.390789,-0.000968,-0.685098,0.349739,1.452785,-0.155716,0.847753,-0.022718,-0.142967,-0.005305,0.166216,0.300621,-0.245256,0.034021,-0.108495,-0.064082,-0.138756,0.216771,-0.155238,0.071619
-0.291985,0.009524,0.689561,-0.004600,0.022080,-0.006420,0.999725,-0.020131,0.152255,0.267211,-1.397205,-0.000538,-0.683432,0.348848,1.456092,-0.145437,0.844186,-0.022786,-0.142976,-0.005361,0.166466,0.300613,-0.245592,0.034417,-0.108599,-0.064239,-0.138935,0.216964,-0.155029,0.071908
-0.292060,0.009644,0.689817,-0.004656,0.022096,-0.006232,0.999726,-0.020266,0.153364,0.265739,-1.403118,-0.000109,-0.681772,0.347821,1.458876,-0.135692,0.840710,-0.022813,-0.143040,-0.005450,0.166484,0.300205,-0.247459,0.035269,-0.108734,-0.064361,-0.139055,0.217024,-0.155000,0.072156
-0.292123,0.009763,0.689778,-0.004690,0.022068,-0.006051,0.999727,-0.020405,0.154342,0.263971,-1.408596,0.000313,-0.680045,0.346766,1.461212,-0.126712,0.837524,-0.022932,-0.143100,-0.005602,0.166465,0.300464,-0.247322,0.035586,-0.108777,-0.064540,-0.139172,0.217071,-0.155183,0.072215
-0.292161,0.009812,0.689976,-0.004766,0.021940,-0.005643,0.999732,-0.020548,0.155200,0.261942,-1.413169,0.000705,-0.678024,0.345858,1.463133,-0.118618,0.834427,-0.023274,-0.142846,-0.005510,0.166248,0.299946,-0.248621,0.035528,-0.108466,-0.064541,-0.139408,0.217146,-0.155191,0.072153
-0.292166,0.009849,0.690035,-0.004812,0.021829,-0.005230,0.999736,-0.020700,0.155951,0.259574,-1.417121,0.001106,-0.675492,0.345126,1.464495,-0.111527,0.831468,-0.023390,-0.142523,-0.005477,0.166088,0.299722,-0.249103,0.035513,-0.108024,-0.064548,-0.139612,0.217058,-0.155211,0.072194
-0.292183,0.009885,0.690202,-0.004859,0.021738,-0.004880,0.999740,-0.020862,0.156595,0.257024,-1.420700,0.001453,-0.672800,0.344324,1.465334,-0.105396,0.828737,-0.023600,-0.142217,-0.005469,0.165982,0.299358,-0.250457,0.035998,-0.107708,-0.064588,-0.139892,0.217053,-0.155196,0.072272
-0.292173,0.009941,0.690240,-0.004886,0.021654,-0.004585,0.999743,-0.021032,0.157134,0.254451,-1.423751,0.001801,-0.669916,0.343629,1.465403,-0.099967,0.826314,-0.023563,-0.141983,-0.005573,0.165905,0.299337,-0.250995,0.036440,-0.107440,-0.064669,-0.140062,0.217142,-0.155416,0.072548
-0.292135,0.010000,0.690187,-0.004936,0.021578,-0.004309,0.999746,-0.021215,0.157572,0.251770,-1.426303,0.002094,-0.666829,0.343001,1.464892,-0.095242,0.824095,-0.023762,-0.141680,-0.005628,0.165905,0.299469,-0.250879,0.036749,-0.107134,-0.064742,-0.140284,0.217163,-0.155803,0.072695
-0.292114,0.010043,0.689968,-0.004960,0.021549,-0.004086,0.999747,-0.021409,0.157913,0.249025,-1.428380,0.002333,-0.663721,0.342249,1.464000,-0.091124,0.822071,-0.023812,-0.141470,-0.005559,0.166015,0.299603,-0.249041,0.036163,-0.106933,-0.064805,-0.140614,0.217223,-0.156084,0.072808
-0.292088,0.010063,0.689940,-0.005014,0.021509,-0.003881,0.999749,-0.021614,0.158160,0.246417,-1.429857,0.002542,-0.660700,0.341487,1.462677,-0.087519,0.820075,-0.023663,-0.141126,-0.005368,0.166186,0.299211,-0.248466,0.035782,-0.106626,-0.064780,-0.141132,0.217292,-0.156045,0.072836
-0.292088,0.010115,0.689962,-0.005025,0.021579,-0.003969,0.999747,-0.021827,0.158320,0.243783,-1.431041,0.002703,-0.657792,0.340335,1.461144,-0.084208,0.818222,-0.023233,-0.141076,-0.005314,0.166462,0.298967,-0.248444,0.036046,-0.106751,-0.064848,-0.141371,0.217418,-0.155969,0.072961
-0.292092,0.010208,0.689893,-0.005000,0.021623,-0.004244,0.999745,-0.022035,0.158393,0.241528,-1.432002,0.002819,-0.655011,0.338956,1.459283,-0.080823,0.816611,-0.022736,-0.141009,-0.005394,0.166771,0.298849,-0.247754,0.036262,-0.107022,-0.065047,-0.141583,0.217714,-0.155754,0.073115
-0.292093,0.010295,0.689699,-0.004951,0.021630,-0.004565,0.999743,-0.022236,0.158389,0.239430,-1.432686,0.002901,-0.652297,0.337507,1.457228,-0.077522,0.815144,-0.022180,-0.140890,-0.005480,0.167044,0.298805,-0.246002,0.035854,-0.107218,-0.065251,-0.141697,0.217922,-0.155722,0.073206
-0.292058,0.010328,0.689403,-0.004958,0.021527,-0.004598,0.999745,-0.022431,0.158324,0.237190,-1.432927,0.002990,-0.649766,0.336494,1.455354,-0.074549,0.813561,-0.022265,-0.140454,-0.005384,0.167328,0.298910,-0.243546,0.035168,-0.106898,-0.065325,-0.141886,0.217906,-0.155657,0.073230
-0.292058,0.010323,0.689432,-0.004962,0.021455,-0.004708,0.999746,-0.022621,0.158211,0.235114,-1.432792,0.003064,-0.647570,0.335365,1.453628,-0.071863,0.811959,-0.022274,-0.139898,-0.005195,0.167763,0.298047,-0.243124,0.034814,-0.106541,-0.065317,-0.142294,0.217752,-0.155381,0.073200
-0.292015,0.010333,0.689428,-0.004962,0.021354,-0.004882,0.999748,-0.022804,0.158054,0.233273,-1.432434,0.003146,-0.645727,0.334277,1.451930,-0.069357,0.810392,-0.022134,-0.139257,-0.005139,0.168229,0.297573,-0.243061,0.034972,-0.106143,-0.065307,-0.142499,0.217517,-0.155137,0.073192
-0.291983,0.010342,0.689426,-0.004956,0.021281,-0.005060,0.999748,-0.022975,0.157855,0.231552,-1.431968,0.003214,-0.644157,0.333296,1.450356,-0.067046,0.808891,-0.022173,-0.138723,-0.005106,0.168745,0.297128,-0.242981,0.035077,-0.105804,-0.065347,-0.142685,0.217226,-0.154962,0.073223
-0.291930,0.010364,0.689132,-0.004896,0.021237,-0.005288,0.999748,-0.023128,0.157614,0.230077,-1.431486,0.003280,-0.642792,0.332502,1.448896,-0.065198,0.807577,-0.022016,-0.138273,-0.005194,0.169188,0.297162,-0.240718,0.034543,-0.105504,-0.065439,-0.142792,0.216896,-0.155026,0.073334
-0.291908,0.010344,0.689089,-0.004907,0.021238,-0.005431,0.999748,-0.023271,0.157327,0.228477,-1.430807,0.003335,-0.641601,0.331868,1.447867,-0.063905,0.806407,-0.021748,-0.137937,-0.005055,0.169476,0.296747,-0.240067,0.034254,-0.105325,-0.065383,-0.142954,0.216677,-0.155033,0.073422
-0.291885,0.010302,0.689036,-0.004940,0.021242,-0.005437,0.999747,-0.023405,0.156999,0.226850,-1.430076,0.003414,-0.640567,0.331589,1.447172,-0.063352,0.805210,-0.021606,-0.137585,-0.004869,0.169876,0.296452,-0.239443,0.034231,-0.105069,-0.065289,-0.143300,0.216410,-0.155008,0.073443
-0.291868,0.010257,0.689018,-0.004907,0.021230,-0.005473,0.999748,-0.023530,0.156631,0.225289,-1.429391,0.003495,-0.639697,0.331407,1.446785,-0.063449,0.804103,-0.021374,-0.137347,-0.004804,0.170128,0.296066,-0.239017,0.034014,-0.104847,-0.065291,-0.143601,0.216201,-0.154857,0.073418
-0.291838,0.010209,0.688965,-0.004873,0.021145,-0.005472,0.999750,-0.023646,0.156231,0.223777,-1.428797,0.003588,-0.638897,0.331377,1.446816,-0.064180,0.802974,-0.021262,-0.137061,-0.004764,0.170225,0.295962,-0.238646,0.033701,-0.104514,-0.065324,-0.143734,0.216039,-0.154584,0.073352
-0.291827,0.010163,0.688886,-0.004820,0.021093,-0.005448,0.999751,-0.023754,0.155803,0.222206,-1.428317,0.003682,-0.638036,0.331465,1.447193,-0.065461,0.801833,-0.021304,-0.136889,-0.004752,0.170311,0.295927,-0.238051,0.033187,-0.104265,-0.065377,-0.143842,0.215913,-0.154379,0.073342
-0.291828,0.010090,0.688818,-0.004760,0.021032,-0.005424,0.999753,-0.023854,0.155351,0.220630,-1.427856,0.003788,-0.637048,0.331554,1.447957,-0.067232,0.800584,-0.021272,-0.136683,-0.004708,0.170444,0.295882,-0.237523,0.033071,-0.103998,-0.065421,-0.144026,0.215816,-0.154296,0.073255
-0.291823,0.009972,0.688808,-0.004757,0.020827,-0.005118,0.999759,-0.023946,0.154875,0.218918,-1.427517,0.003907,-0.636095,0.331857,1.449002,-0.069190,0.799080,-0.021618,-0.136312,-0.004575,0.170521,0.295844,-0.237469,0.033207,-0.103494,-0.065414,-0.144296,0.215935,-0.154242,0.073111
-0.291804,0.009856,0.688781,-0.004695,0.020591,-0.004805,0.999765,-0.024039,0.154394,0.217315,-1.427275,0.004030,-0.635191,0.332307,1.450244,-0.071379,0.797432,-0.022247,-0.135740,-0.004568,0.170762,0.295775,-0.237611,0.033012,-0.102701,-0.065484,-0.144631,0.215725,-0.154295,0.072867
-0.291784,0.009741,0.688727,-0.004635,0.020387,-0.004605,0.999771,-0.024127,0.153908,0.215900,-1.427071,0.004125,-0.634374,0.332574,1.451730,-0.073466,0.795842,-0.022684,-0.135233,-0.004529,0.170930,0.295742,-0.237486,0.032701,-0.102014,-0.065516,-0.144858,0.215593,-0.154218,0.072597
-0.291777,0.009632,0.688650,-0.004565,0.020114,-0.004460,0.999777,-0.024212,0.153424,0.214651,-1.426956,0.004197,-0.633465,0.332834,1.453262,-0.075393,0.794316,-0.022925,-0.134468,-0.004505,0.171165,0.295671,-0.237332,0.032454,-0.101125,-0.065545,-0.145153,0.215330,-0.154164,0.072379
-0.291777,0.009544,0.688604,-0.004493,0.019940,-0.004414,0.999781,-0.024288,0.152935,0.213457,-1.426910,0.004257,-0.632544,0.333029,1.454763,-0.077045,0.792932,-0.022838,-0.133998,-0.004543,0.171224,0.295594,-0.237268,0.032230,-0.100488,-0.065556,-0.145211,0.215000,-0.154397,0.072363
-0.291790,0.009437,0.688583,-0.004436,0.019720,-0.004330,0.999786,-0.024357,0.152443,0.212303,-1.426846,0.004318,-0.631699,0.333246,1.456241,-0.078250,0.791621,-0.022689,-0.133534,-0.004549,0.171101,0.295577,-0.237387,0.032280,-0.099827,-0.065541,-0.145267,0.214846,-0.154584,0.072333
-0.291796,0.009342,0.688553,-0.004363,0.019445,-0.004271,0.999792,-0.024418,0.151950,0.211317,-1.426866,0.004368,-0.631034,0.333464,1.457576,-0.079104,0.790377,-0.022580,-0.132913,-0.004606,0.171060,0.295556,-0.237634,0.032106,-0.099075,-0.065604,-0.145395,0.214621,-0.154717,0.072312
-0.291815,0.009298,0.688516,-0.004260,0.019324,-0.004498,0.999794,-0.024470,0.151533,0.210682,-1.426809,0.004400,-0.630524,0.333474,1.458662,-0.079722,0.789486,-0.022112,-0.132507,-0.004725,0.171043,0.295487,-0.237749,0.031906,-0.098635,-0.065695,-0.145403,0.214273,-0.154721,0.072343
-0.291847,0.009261,0.688481,-0.004168,0.019095,-0.004703,0.999798,-0.024360,0.150284,0.210152,-1.426322,0.004389,-0.629336,0.332527,1.458824,-0.079581,0.787100,-0.021414,-0.132631,-0.004773,0.169922,0.296046,-0.237813,0.031680,-0.099027,-0.065377,-0.144538,0.215331,-0.155236,0.071973
-0.291874,0.009246,0.688415,-0.004038,0.018760,-0.004879,0.999804,-0.024090,0.148208,0.209650,-1.425412,0.004357,-0.627453,0.330840,1.458055,-0.078695,0.783176,-0.020625,-0.133237,-0.004873,0.167737,0.297328,-0.237893,0.031182,-0.100076,-0.064721,-0.142708,0.217497,-0.156436,0.071253
-0.291896,0.009222,0.688388,-0.003939,0.018347,-0.004997,0.999811,-0.023664,0.145304,0.209224,-1.424025,0.004294,-0.624890,0.328384,1.456474,-0.077149,0.777652,-0.019994,-0.134312,-0.004802,0.164655,0.299162,-0.238292,0.030547,-0.101801,-0.063615,-0.140139,0.220829,-0.158248,0.070038
-0.291909,0.009191,0.688336,-0.003823,0.017785,-0.005026,0.999822,-0.023086,0.141577,0.208827,-1.422174,0.004198,-0.621666,0.325214,1.454087,-0.075042,0.770504,-0.019420,-0.135701,-0.004672,0.160638,0.301645,-0.238699,0.029869,-0.104045,-0.062088,-0.136806,0.225307,-0.160497,0.068318
-0.291915,0.009178,0.688264,-0.003688,0.017164,-0.005056,0.999833,-0.022358,0.137028,0.208508,-1.419897,0.004069,-0.617749,0.321253,1.450879,-0.072607,0.761772,-0.018783,-0.137534,-0.004515,0.155706,0.304691,-0.239067,0.028932,-0.106932,-0.060197,-0.132638,0.230762,-0.163321,0.066140
-0.291915,0.009178,0.688192,-0.003543,0.016491,-0.005053,0.999845,-0.021481,0.131654,0.208174,-1.417156,0.003910,-0.613131,0.316498,1.446923,-0.069760,0.751506,-0.018047,-0.139984,-0.004338,0.149600,0.308429,-0.239496,0.027797,-0.110582,-0.057836,-0.127436,0.237399,-0.166720,0.063546
-0.291915,0.009178,0.688116,-0.003375,0.015705,-0.005050,0.999858,-0.020458,0.125385,0.207785,-1.413958,0.003724,-0.607744,0.310951,1.442308,-0.066438,0.739530,-0.017187,-0.142842,-0.004131,0.142476,0.312789,-0.239996,0.026474,-0.114840,-0.055082,-0.121368,0.245141,-0.170686,0.060520
-0.291915,0.009178,0.688034,-0.003206,0.014920,-0.005047,0.999871,-0.019435,0.119116,0.207396,-1.410760,0.003537,-0.602357,0.305403,1.437692,-0.063116,0.727553,-0.016328,-0.145700,-0.003924,0.135353,0.317150,-0.240496,0.025150,-0.119098,-0.052328,-0.115299,0.252884,-0.174652,0.057494
-0.291915,0.009178,0.687946,-0.003037,0.014135,-0.005044,0.999883,-0.018413,0.112847,0.207006,-1.407562,0.003351,-0.596970,0.299856,1.433077,-0.059794,0.715577,-0.015469,-0.148557,-0.003718,0.128229,0.321510,-0.240996,0.023826,-0.123356,-0.049574,-0.109231,0.260627,-0.178617,0.054468
-0.291915,0.009178,0.687851,-0.002868,0.013350,-0.005041,0.999894,-0.017390,0.106577,0.206617,-1.404365,0.003165,-0.591582,0.294308,1.428461,-0.056472,0.703600,-0.014609,-0.151415,-0.003511,0.121105,0.325871,-0.241496,0.022503,-0.127614,-0.046820,-0.103163,0.268370,-0.182583,0.051442
-0.291915,0.009178,0.687749,-0.002700,0.012564,-0.005038,0.999905,-0.016367,0.100308,0.206228,-1.401167,0.002979,-0.586195,0.288761,1.423846,-0.053150,0.691624,-0.013750,-0.154273,-0.003305,0.113981,0.330231,-0.241997,0.021179,-0.131872,-0.044066,-0.097094,0.276113,-0.186549,0.048416
-0.291915,0.009178,0.687641,-0.002531,0.011779,-0.005035,0.999915,-0.015344,0.094039,0.205839,-1.397969,0.002793,-0.580808,0.283213,1.419231,-0.049828,0.679647,-0.012891,-0.157131,-0.003098,0.106857,0.334592,-0.242497,0.019855,-0.136130,-0.041312,-0.091026,0.283856,-0.190514,0.045390
-0.291915,0.009178,0.687525,-0.002362,0.010994,-0.005032,0.999924,-0.014321,0.087770,0.205449,-1.394771,0.002607,-0.575421,0.277665,1.414615,-0.046506,0.667671,-0.012031,-0.159989,-0.002892,0.099734,0.338953,-0.242997,0.018532,-0.140388,-0.038557,-0.084958,0.291599,-0.194480,0.042364
-0.291915,0.009178,0.687403,-0.002193,0.010209,-0.005029,0.999933,-0.013298,0.081500,0.205060,-1.391573,0.002420,-0.570034,0.272118,1.410000,-0.043184,0.655694,-0.011172,-0.162847,-0.002685,0.092610,0.343313,-0.243497,0.017208,-0.144646,-0.035803,-0.078889,0.299342,-0.198446,0.039338
-0.291915,0.009178,0.687273,-0.002025,0.009423,-0.005026,0.999941,-0.012275,0.075231,0.204671,-1.388375,0.002234,-0.564646,0.266570,1.405384,-0.039863,0.643718,-0.010312,-0.165705,-0.002479,0.085486,0.347674,-0.243997,0.015884,-0.148904,-0.033049,-0.072821,0.307085,-0.202412,0.036312
-0.291915,0.009178,0.687135,-0.001856,0.008638,-0.005022,0.999948,-0.011252,0.068962,0.204282,-1.385177,0.002048,-0.559259,0.261023,1.400769,-0.036541,0.631741,-0.009453,-0.168563,-0.002272,0.078362,0.352034,-0.244498,0.014561,-0.153162,-0.030295,-0.066752,0.314828,-0.206377,0.033286
-0.291915,0.009178,0.686990,-0.001687,0.007853,-0.005019,0.999955,-0.010229,0.062693,0.203892,-1.381979,0.001862,-0.553872,0.255475,1.396154,-0.033219,0.619765,-0.008594,-0.171421,-0.002066,0.071238,0.356395,-0.244998,0.013237,-0.157420,-0.027541,-0.060684,0.322571,-0.210343,0.030260
-0.291915,0.009178,0.686837,-0.001519,0.007068,-0.005016,0.999961,-0.009206,0.056423,0.203503,-1.378781,0.001676,-0.548485,0.249928,1.391539,-0.029897,0.607788,-0.007734,-0.174279,-0.001859,0.064114,0.360755,-0.245498,0.011913,-0.161678,-0.024787,-0.054616,0.330314,-0.214309,0.027234
-0.291915,0.009178,0.686677,-0.001350,0.006282,-0.005013,0.999967,-0.008183,0.050154,0.203114,-1.375583,0.001489,-0.543098,0.244380,1.386923,-0.026575,0.595812,-0.006875,-0.177137,-0.001652,0.056991,0.365116,-0.245998,0.010589,-0.165936,-0.022033,-0.048547,0.338057,-0.218274,0.024208
-0.291915,0.009178,0.686508,-0.001181,0.005497,-0.005010,0.999972,-0.007160,0.043885,0.202725,-1.372385,0.001303,-0.537710,0.238833,1.382308,-0.023253,0.583835,-0.006016,-0.179995,-0.001446,0.049867,0.369476,-0.246498,0.009266,-0.170194,-0.019279,-0.042479,0.345800,-0.222240,0.021182
-0.291915,0.009178,0.686331,-0.001012,0.004712,-0.005007,0.999976,-0.006138,0.037616,0.202335,-1.369187,0.001117,-0.532323,0.233285,1.377692,-0.019931,0.571859,-0.005156,-0.182852,-0.001239,0.042743,0.373837,-0.246999,0.007942,-0.174452,-0.016525,-0.036410,0.353542,-0.226206,0.018156
-0.291915,0.009178,0.686145,-0.000844,0.003926,-0.005004,0.999979,-0.005115,0.031346,0.201946,-1.365990,0.000931,-0.526936,0.227738,1.373077,-0.016609,0.559882,-0.004297,-0.185710,-0.001033,0.035619,0.378197,-0.247499,0.006618,-0.178710,-0.013771,-0.030342,0.361285,-0.230172,0.015130
-0.291915,0.009178,0.685951,-0.000675,0.003141,-0.005001,0.999982,-0.004092,0.025077,0.201557,-1.362792,0.000745,-0.521549,0.222190,1.368462,-0.013288,0.547906,-0.003437,-0.188568,-0.000826,0.028495,0.382558,-0.247999,0.005295,-0.182968,-0.011016,-0.024274,0.369028,-0.234137,0.012104
-0.291915,0.009178,0.685748,-0.000506,0.002356,-0.004998,0.999985,-0.003069,0.018808,0.201168,-1.359594,0.000559,-0.516162,0.216643,1.363846,-0.009966,0.535929,-0.002578,-0.191426,-0.000620,0.021371,0.386918,-0.248499,0.003971,-0.187226,-0.008262,-0.018205,0.376771,-0.238103,0.009078
-0.291915,0.009178,0.685643,-0.000422,0.001963,-0.004996,0.999986,-0.002557,0.015673,0.200973,-1.357995,0.000465,-0.513468,0.213869,1.361538,-0.008305,0.529941,-0.002148,-0.192855,-0.000516,0.017810,0.389099,-0.248749,0.003309,-0.189355,-0.006885,-0.015171,0.380643,-0.240086,0.007565
-0.291915,0.009178,0.685536,-0.000337,0.001571,-0.004995,0.999986,-0.002046,0.012539,0.200778,-1.356396,0.000372,-0.510774,0.211095,1.359231,-0.006644,0.523953,-0.001719,-0.194284,-0.000413,0.014248,0.391279,-0.249000,0.002647,-0.191484,-0.005508,-0.012137,0.384514,-0.242069,0.006052
-0.291915,0.009178,0.685426,-0.000253,0.001178,-0.004993,0.999987,-0.001534,0.009404,0.200584,-1.354797,0.000279,-0.508081,0.208321,1.356923,-0.004983,0.517965,-0.001289,-0.195713,-0.000310,0.010686,0.393459,-0.249250,0.001986,-0.193613,-0.004131,-0.009103,0.388386,-0.244051,0.004539
