root_pos_x,root_pos_y,root_pos_z,root_quat_x,root_quat_y,root_quat_z,root_quat_w,aa_head_yaw_joint,head_pitch_joint,left_shoulder_pitch_joint,left_shoulder_roll_joint,left_elbow_pitch_joint,left_elbow_yaw_joint,left_wrist_pitch_joint,left_wrist_yaw_joint,left_wrist_roll_joint,right_shoulder_pitch_joint,right_shoulder_roll_joint,right_elbow_pitch_joint,right_elbow_yaw_joint,right_wrist_pitch_joint,right_wrist_yaw_joint,right_wrist_roll_joint,waist_pitch_joint,waist_roll_joint,waist_yaw_joint,left_hip_pitch_joint,left_hip_roll_joint,left_hip_yaw_joint,left_knee_pitch_joint,left_ankle_pitch_joint,left_ankle_roll_joint,right_hip_pitch_joint,right_hip_roll_joint,right_hip_yaw_joint,right_knee_pitch_joint,right_ankle_pitch_joint,right_ankle_roll_joint
-0.00041299645,-0.0056019984,0.96791095,0.0070990003,-0.014977999,0.72470707,-0.688858,-0.036940996,0.030415,0.080846,-1.304215,-0.14650196,-0.24324001,0.24620402,0.077287,0.01838602,-0.060917012,1.3322779,0.073973976,0.14290598,0.224201,-0.056731,-0.281935,-0.01974,0.07663601,0.022065002,-0.119464,0.023802998,-0.12856,0.360318,-0.242809,-0.018095,-0.196815,-0.157288,0.022900999,0.49747,-0.301264,0.106751
-0.00060099876,-0.005537007,0.96789193,0.006305,-0.014541,0.724397,-0.689201,-0.037364,0.030181,0.080361,-1.310042,-0.149355,-0.239513,0.24764,0.077083,0.020414,-0.059142,1.338849,0.077934,0.142958,0.224277,-0.055087,-0.27681,-0.02022,0.075556,0.021541,-0.120241,0.024098,-0.128695,0.361868,-0.243571,-0.018395,-0.197249,-0.156732,0.023379,0.49824,-0.301599,0.10647
-0.00077299785,-0.005468998,0.967883,0.005874,-0.014329999,0.72432303,-0.689287,-0.037704,0.02998,0.079569,-1.31557,-0.152108,-0.235478,0.246674,0.075961,0.02161,-0.057079,1.34595,0.082612,0.144134,0.223288,-0.058855,-0.277227,-0.020591,0.074349,0.021382,-0.121087,0.02449,-0.129049,0.363412,-0.244314,-0.018642,-0.197609,-0.156029,0.023695,0.498751,-0.301758,0.106112
-0.00095399877,-0.005421005,0.967862,0.0053810007,-0.01425,0.72430396,-0.689313,-0.037006,0.029311,0.078993,-1.320135,-0.152112,-0.231946,0.244919,0.07468,0.019416,-0.055529,1.352942,0.087412,0.145228,0.220945,-0.060192,-0.278581,-0.021186,0.073336,0.021433,-0.122162,0.024763,-0.129677,0.365319,-0.245247,-0.018939,-0.198261,-0.155423,0.024105,0.499791,-0.302212,0.105791
-0.0011359924,-0.0053410046,0.967855,0.0049919994,-0.014172,0.724406,-0.68920994,-0.036146,0.028798,0.078766,-1.324559,-0.151374,-0.229803,0.242318,0.0731,0.021395,-0.054298,1.359796,0.093178,0.144679,0.218249,-0.059105,-0.283815,-0.021583,0.072586,0.021852,-0.123034,0.024968,-0.130216,0.366542,-0.245717,-0.019021,-0.198904,-0.154918,0.024448,0.500685,-0.302557,0.105438
-0.001290991,-0.0052400045,0.96782696,0.0049919994,-0.014172,0.724406,-0.68920994,-0.035131007,0.028469002,0.07796901,-1.328593,-0.15038002,-0.22654903,0.23848704,0.072472006,0.020585008,-0.053622004,1.366083,0.09518199,0.143756,0.21629602,-0.059224,-0.29168093,-0.022095995,0.072068,0.022294998,-0.12372999,0.024925,-0.130724,0.367717,-0.246178,-0.019205999,-0.199682,-0.154732,0.024892997,0.502019,-0.30311397,0.105193
-0.0014200016,-0.0051489994,0.967844,0.0042660017,-0.014121,0.72478193,-0.68881994,-0.034098007,0.028075004,0.077446006,-1.332121,-0.14916301,-0.22463001,0.23654301,0.07195,0.01810602,-0.05355,1.3716489,0.09782698,0.14253901,0.215822,-0.058588002,-0.29550397,-0.022505999,0.071627006,0.023106992,-0.124181,0.025031999,-0.130974,0.368,-0.246121,-0.01929,-0.20032398,-0.154441,0.025276996,0.50271,-0.303292,0.10484601
-0.0015139949,-0.0051050037,0.9678459,0.0037840037,-0.0141819995,0.725205,-0.68837595,-0.03255501,0.027473005,0.076773,-1.335832,-0.148552,-0.22289501,0.235993,0.070584014,0.01693401,-0.053526,1.377032,0.10424495,0.142074,0.21302202,-0.059256997,-0.29996797,-0.023058996,0.071086,0.024450991,-0.125099,0.025066,-0.131541,0.369061,-0.246491,-0.019418998,-0.201224,-0.154188,0.025695998,0.503778,-0.303694,0.104632
-0.0015900042,-0.0050499924,0.967856,0.0033980003,-0.01424,0.725649,-0.68790907,-0.031009,0.027466,0.076097,-1.338591,-0.145374,-0.220868,0.234496,0.069286,0.015657,-0.053648,1.380793,0.106806,0.142127,0.215727,-0.059837,-0.296262,-0.023454,0.070711,0.025761,-0.125829,0.025084,-0.131879,0.369698,-0.24662,-0.019431,-0.202061,-0.153978,0.026151,0.504618,-0.303951,0.104446
-0.0016140017,-0.004994005,0.967869,0.0030620005,-0.014373999,0.72599494,-0.68754303,-0.030091,0.027362,0.075006,-1.34104,-0.141516,-0.2188,0.235057,0.068029,0.012318,-0.053441,1.383926,0.112428,0.142901,0.221026,-0.058245,-0.281506,-0.023945,0.070403,0.026655,-0.126595,0.02517,-0.132204,0.370573,-0.24691,-0.019489,-0.202797,-0.153689,0.026641,0.505257,-0.304063,0.104268
-0.0016540005,-0.0049269907,0.96784705,0.0028529994,-0.014371,0.72625405,-0.68727,-0.029981,0.027796,0.073859,-1.343002,-0.135902,-0.217458,0.235436,0.067059,0.008199,-0.052449,1.386282,0.121844,0.144844,0.221751,-0.056598,-0.273165,-0.024101,0.070129,0.027263,-0.127299,0.025196,-0.132524,0.371523,-0.247308,-0.019621,-0.203567,-0.153501,0.027199,0.506127,-0.304356,0.104153
-0.0017100016,-0.004889004,0.967859,0.0025709998,-0.014471,0.726484,-0.687026,-0.029184,0.027635,0.072275,-1.344529,-0.128796,-0.215869,0.234762,0.066162,0.002173,-0.051424,1.38855,0.130047,0.146422,0.221106,-0.056729,-0.269109,-0.02446,0.069918,0.027707,-0.127878,0.025233,-0.132766,0.372045,-0.247452,-0.019569,-0.204305,-0.153285,0.027781,0.506745,-0.304489,0.103977
-0.001787001,-0.004836004,0.96783507,0.0025709998,-0.014471,0.726484,-0.687026,-0.028714003,0.027552,0.07049801,-1.345836,-0.12123706,-0.21390401,0.23548599,0.06513201,-0.0033879576,-0.050789002,1.390841,0.13505797,0.147054,0.22483397,-0.055852007,-0.26511204,-0.024634998,0.06961901,0.027632,-0.12852599,0.025244,-0.133036,0.37298,-0.247891,-0.019594,-0.205131,-0.153086,0.028516995,0.507669,-0.304804,0.103818
-0.0018350002,-0.004801005,0.967828,0.0023550002,-0.014450999,0.7265711,-0.686936,-0.027393011,0.026784007,0.068719015,-1.346982,-0.11494505,-0.21265602,0.23828898,0.06374601,-0.008070964,-0.04940201,1.392939,0.13869497,0.14945696,0.22705999,-0.054458007,-0.26192203,-0.024831997,0.069545,0.028014997,-0.128963,0.025271999,-0.133253,0.37349898,-0.248111,-0.019547,-0.205837,-0.152873,0.029267995,0.508391,-0.305031,0.103674
-0.0019010038,-0.0047269985,0.96781,0.0020440004,-0.014561,0.726871,-0.686616,-0.027001,0.025688,0.066404,-1.347916,-0.107213,-0.210597,0.239149,0.063552,-0.011418,-0.048378,1.3949,0.138447,0.150537,0.227716,-0.053541,-0.261619,-0.025006,0.069404,0.027827,-0.129632,0.025307,-0.133734,0.37434,-0.248456,-0.019642,-0.206595,-0.152636,0.029925,0.509151,-0.305242,0.103557
-0.0019379994,-0.0046670027,0.96779704,0.001888,-0.014603999,0.72698796,-0.68649304,-0.025861,0.024954,0.063911,-1.348797,-0.101486,-0.208132,0.235345,0.062738,-0.015411,-0.046959,1.396146,0.139192,0.151639,0.227932,-0.053224,-0.262909,-0.025295,0.069255,0.027734,-0.130079,0.025345,-0.133857,0.375116,-0.248808,-0.019615,-0.207148,-0.152424,0.030624,0.509792,-0.305419,0.103462
-0.0019420002,-0.0045909956,0.967778,0.0017199998,-0.014588,0.727186,-0.686283,-0.024348,0.024418,0.061861,-1.350189,-0.096995,-0.20598,0.230398,0.061706,-0.017236,-0.046906,1.397431,0.137168,0.150524,0.229974,-0.052364,-0.263995,-0.025473,0.068989,0.027978,-0.130681,0.025334,-0.134088,0.376067,-0.249216,-0.019595,-0.207753,-0.152245,0.031241,0.510422,-0.30556,0.103407
-0.0019679975,-0.0045240037,0.967728,0.0016080003,-0.014569,0.727268,-0.686197,-0.023571,0.023942,0.059514,-1.351821,-0.093201,-0.203782,0.226286,0.06265,-0.015416,-0.046672,1.398173,0.135299,0.14968,0.231886,-0.050663,-0.262855,-0.025458,0.068754,0.028027,-0.131771,0.025311,-0.134627,0.377713,-0.249984,-0.019691,-0.208637,-0.152037,0.031834,0.511449,-0.305944,0.103341
-0.001941006,-0.004417993,0.9677019,0.0015209999,-0.014657,0.727437,-0.686016,-0.022454,0.023852,0.056924,-1.353435,-0.090763,-0.201351,0.223057,0.063036,-0.015197,-0.046872,1.3989,0.135087,0.148823,0.232285,-0.049651,-0.261169,-0.025754,0.068755,0.028262,-0.132511,0.025227,-0.134938,0.379022,-0.250521,-0.019544,-0.209203,-0.151907,0.032375,0.512189,-0.30613,0.103303
-0.0019240062,-0.0043309927,0.96767294,0.0015209999,-0.014657,0.727437,-0.686016,-0.021416007,0.024328995,0.054241024,-1.354929,-0.08821102,-0.19851701,0.21988101,0.062335003,-0.017660981,-0.046772,1.399069,0.13773397,0.148323,0.23050702,-0.04841101,-0.25812203,-0.025783999,0.06897999,0.028498998,-0.133159,0.02508,-0.135159,0.379903,-0.250844,-0.019462,-0.209909,-0.151872,0.032929998,0.51297,-0.306361,0.103263
-0.0018910111,-0.0042459927,0.967657,0.0015310002,-0.014751002,0.72759104,-0.68585104,-0.02036601,0.024744999,0.051629018,-1.356023,-0.086415015,-0.19600204,0.21658903,0.06125801,-0.021243973,-0.047209997,1.399267,0.14058198,0.14738901,0.22931102,-0.047371008,-0.25523803,-0.025887,0.069392,0.028875997,-0.133725,0.024865001,-0.135379,0.380551,-0.251001,-0.019249002,-0.21056898,-0.151902,0.033442996,0.513644,-0.306519,0.103247
-0.0018819971,-0.004125003,0.967621,0.0016780011,-0.015067003,0.72790307,-0.685512,-0.020049999,0.02593101,0.04922298,-1.357248,-0.08335397,-0.19409499,0.21329696,0.060597997,-0.023702012,-0.047798004,1.399688,0.14261301,0.146484,0.22946301,-0.046894997,-0.25278798,-0.025895,0.069945,0.029034002,-0.134256,0.024603998,-0.13556501,0.381248,-0.251186,-0.019115,-0.21130802,-0.151996,0.034003004,0.514573,-0.306814,0.10324
-0.0018650048,-0.004018996,0.96758497,0.0018079998,-0.015264001,0.72804403,-0.68535805,-0.019671,0.02711,0.046754,-1.358109,-0.078996,-0.192351,0.209877,0.060031,-0.025284,-0.048152,1.399982,0.144158,0.145909,0.230741,-0.046415,-0.250207,-0.025911,0.070552,0.029272,-0.134882,0.024398,-0.135772,0.382069,-0.251448,-0.019039,-0.212096,-0.152021,0.034586,0.515523,-0.307122,0.103213
-0.0018390048,-0.0038969964,0.967561,0.0018079998,-0.015264001,0.72804403,-0.68535805,-0.019091006,0.028362991,0.044980016,-1.358499,-0.072783045,-0.191672,0.20626001,0.058977008,-0.027197987,-0.048852995,1.400294,0.14623098,0.145711,0.23152798,-0.046528,-0.24826401,-0.026093999,0.07105699,0.029724997,-0.135197,0.024242003,-0.135813,0.382611,-0.25158,-0.018978,-0.212651,-0.152032,0.035117995,0.516307,-0.307336,0.10316
-0.0018270012,-0.0037749968,0.967521,0.001981,-0.015623001,0.728515,-0.684849,-0.018619,0.02938,0.042602,-1.35854,-0.067404,-0.189944,0.205083,0.058246,-0.028055,-0.04964,1.400651,0.14811,0.145509,0.232338,-0.046924,-0.246548,-0.026363,0.071635,0.030239,-0.135561,0.024047,-0.135926,0.38345,-0.251882,-0.018891,-0.213208,-0.152074,0.035673,0.517369,-0.307746,0.103125
-0.001814996,-0.0036400035,0.967516,0.0020549991,-0.015794002,0.72877705,-0.68456507,-0.018035004,0.030195992,0.040738016,-1.358811,-0.06387103,-0.18840802,0.205337,0.057587005,-0.029131992,-0.050513998,1.401062,0.149325,0.14525901,0.233378,-0.047172997,-0.245156,-0.026643999,0.07215999,0.030856997,-0.135578,0.023907,-0.135873,0.38353,-0.251742,-0.018692,-0.213507,-0.152118,0.036017995,0.517891,-0.307827,0.103044
-0.001810996,-0.0035150014,0.96747696,0.0021099995,-0.015913,0.72906405,-0.6842579,-0.018025,0.031122,0.038691,-1.358924,-0.062686,-0.186523,0.206423,0.056709,-0.031017,-0.051513,1.40145,0.14993,0.144778,0.234648,-0.047176,-0.244186,-0.026891,0.072519,0.03149,-0.135923,0.023822,-0.13592,0.384429,-0.252097,-0.018632,-0.213964,-0.15205,0.036523,0.518831,-0.308175,0.102965
-0.001787,-0.003372997,0.96746206,0.002155,-0.015985,0.7293581,-0.683942,-0.017088996,0.031811003,0.03696599,-1.359183,-0.061225977,-0.18490699,0.207548,0.055867,-0.03282301,-0.052563008,1.401789,0.14961798,0.144544,0.23662104,-0.047392,-0.24352999,-0.027168002,0.072684005,0.032250002,-0.136012,0.023881,-0.135998,0.384919,-0.252223,-0.018644001,-0.214036,-0.151894,0.036700003,0.51921207,-0.308212,0.102848
-0.0017779984,-0.0032380074,0.967425,0.0021479998,-0.016023,0.7296109,-0.683671,-0.016629,0.032275,0.035441,-1.359328,-0.058209,-0.183825,0.207573,0.055499,-0.034155,-0.053522,1.402038,0.148112,0.144678,0.239422,-0.047508,-0.242841,-0.027444,0.072758,0.032883,-0.136324,0.023889,-0.136042,0.385864,-0.252615,-0.018728,-0.214315,-0.151799,0.036983,0.519957,-0.308463,0.102816
-0.0017459989,-0.0030990094,0.9674051,0.0021479998,-0.016023,0.7296109,-0.683671,-0.015770005,0.032795995,0.035001002,-1.359283,-0.056314014,-0.183967,0.20818399,0.055448,-0.035233993,-0.05465599,1.402272,0.14681502,0.145035,0.24227199,-0.047766995,-0.242079,-0.027613997,0.072817,0.033717994,-0.136555,0.024051998,-0.136114,0.386546,-0.252854,-0.018789,-0.214398,-0.151554,0.037149,0.520266,-0.308466,0.102714
-0.0017459984,-0.002975002,0.9673979,0.0021760003,-0.016184002,0.73014694,-0.683095,-0.015238,0.032577,0.034223,-1.359324,-0.054014,-0.183873,0.208772,0.055357,-0.035929,-0.055584,1.402337,0.146742,0.145478,0.243941,-0.047413,-0.241605,-0.027919,0.072932,0.034242,-0.136885,0.024131,-0.136273,0.387133,-0.253,-0.018811,-0.214655,-0.151382,0.037343,0.520668,-0.3085,0.102603
-0.0017469982,-0.0028409995,0.96738696,0.0021760003,-0.016184002,0.73014694,-0.683095,-0.015101001,0.032629,0.033352006,-1.359208,-0.05263101,-0.183204,0.209516,0.055003,-0.036502995,-0.056218997,1.402495,0.147027,0.14634599,0.24518898,-0.046794005,-0.241349,-0.028119998,0.073014,0.034725998,-0.13738,0.024251,-0.136547,0.387852,-0.253183,-0.018857,-0.214975,-0.15116102,0.037481997,0.521032,-0.308481,0.102497
-0.0017519984,-0.0026910044,0.967371,0.0021079995,-0.016402002,0.73051006,-0.682702,-0.014817,0.032299,0.032611,-1.359248,-0.051369,-0.182757,0.210395,0.054529,-0.037161,-0.057016,1.402492,0.14828,0.146746,0.245414,-0.045578,-0.24117,-0.028471,0.073089,0.035348,-0.137901,0.024248,-0.136924,0.388681,-0.2534,-0.01889,-0.215356,-0.151062,0.037631,0.521636,-0.308599,0.10243
-0.001755001,-0.0025369972,0.967361,0.0020529998,-0.016537998,0.730688,-0.682509,-0.014324998,0.032208,0.031952996,-1.359278,-0.049866986,-0.182204,0.210689,0.053932995,-0.037722003,-0.05805101,1.402525,0.149667,0.146706,0.245164,-0.043949988,-0.240755,-0.028802002,0.07315,0.035899002,-0.138527,0.024331,-0.13734302,0.389592,-0.253645,-0.018879,-0.21573502,-0.150864,0.037776005,0.522119,-0.308632,0.102308
-0.0017499938,-0.0023750067,0.9673659,0.0019499996,-0.016629,0.730902,-0.68227696,-0.0139,0.032149,0.031458,-1.35924,-0.047805,-0.181792,0.210068,0.053417,-0.038121,-0.058973,1.4024,0.150069,0.147276,0.245337,-0.042393,-0.23959,-0.029095,0.073057,0.036563,-0.13911,0.024438,-0.137718,0.390254,-0.25372,-0.018884,-0.216067,-0.150644,0.037873,0.522359,-0.308501,0.102188
-0.001744994,-0.002237007,0.96735996,0.0019499996,-0.016629,0.730902,-0.68227696,-0.013054007,0.032099,0.031283,-1.35916,-0.044867024,-0.181515,0.20886502,0.052999,-0.038299,-0.060023993,1.402297,0.15141499,0.14764298,0.24474202,-0.04098201,-0.23791401,-0.029253999,0.072977,0.037483994,-0.13969399,0.024491,-0.138074,0.390882,-0.253811,-0.018889,-0.216486,-0.150509,0.037979,0.522731,-0.308479,0.102134
-0.0016929952,-0.002081003,0.96738696,0.0016280003,-0.016776,0.73161,-0.6815149,-0.011937,0.031969,0.031271,-1.359377,-0.044057,-0.181237,0.209226,0.052434,-0.038568,-0.061604,1.402114,0.152036,0.147878,0.245102,-0.039751,-0.235718,-0.029807,0.072768,0.038915,-0.13996,0.024544,-0.138463,0.391153,-0.253682,-0.018935,-0.216533,-0.150436,0.037787,0.522744,-0.30825,0.102072
-0.0016969952,-0.001981005,0.96738994,0.0016280003,-0.016776,0.73161,-0.6815149,-0.010425013,0.032112997,0.031820998,-1.35914,-0.04317701,-0.18062201,0.209413,0.051566005,-0.038870998,-0.06304499,1.402354,0.152953,0.148151,0.24562499,-0.039022002,-0.23348501,-0.029723,0.072897,0.04075699,-0.140594,0.024490003,-0.139049,0.391251,-0.253437,-0.01901,-0.21718,-0.150454,0.037717,0.523221,-0.308329,0.10196701
-0.0015619975,-0.0018350035,0.9674069,0.001368,-0.016751999,0.7329779,-0.680045,-0.007918,0.032604,0.032984,-1.359439,-0.042156,-0.179735,0.208715,0.050565,-0.038963,-0.064769,1.402019,0.157461,0.148286,0.244433,-0.038597,-0.231721,-0.029681,0.072377,0.043765,-0.140953,0.024628,-0.13967,0.391368,-0.253236,-0.019259,-0.217234,-0.150341,0.037255,0.522971,-0.307949,0.101877
-0.0015599979,-0.0017150044,0.967408,0.001368,-0.016751999,0.7329779,-0.680045,-0.0064120116,0.033358995,0.033476997,-1.359259,-0.04072501,-0.178712,0.208286,0.050086003,-0.039360996,-0.06628098,1.402178,0.15956698,0.148042,0.244265,-0.037974004,-0.23042601,-0.029549003,0.07246,0.045943987,-0.141455,0.024575,-0.140384,0.391313,-0.252897,-0.019394,-0.217743,-0.150397,0.036962,0.523391,-0.307999,0.101745
-0.0014810024,-0.001600001,0.967425,0.0012480001,-0.016632998,0.734203,-0.67872506,-0.004419,0.034027,0.034093,-1.359232,-0.039116,-0.177028,0.207285,0.049509,-0.03969,-0.067384,1.40207,0.162311,0.14846,0.243968,-0.037784,-0.229241,-0.029395,0.072211,0.048525,-0.141246,0.024561,-0.140911,0.390642,-0.252361,-0.019564,-0.217529,-0.150538,0.036297,0.523105,-0.307741,0.101683
-0.0014680026,-0.0014900006,0.967422,0.0012480001,-0.016632998,0.734203,-0.67872506,-0.0030410106,0.034769997,0.034316,-1.359085,-0.037133016,-0.17529202,0.206432,0.049051005,-0.039922997,-0.067621,1.401914,0.16416399,0.14971398,0.243747,-0.037742,-0.228305,-0.029211,0.072026,0.050448984,-0.14164598,0.024499001,-0.14168799,0.390632,-0.252089,-0.019665997,-0.217756,-0.150629,0.035835005,0.523291,-0.307731,0.101614
-0.0014969977,-0.0014250018,0.96742004,0.0012109997,-0.016339,0.73502403,-0.6778429,-0.001807,0.035662,0.034411,-1.35887,-0.035877,-0.172484,0.206347,0.048074,-0.039798,-0.067875,1.402136,0.162697,0.150217,0.246148,-0.03721,-0.227502,-0.028588,0.071939,0.052055,-0.141679,0.024427,-0.142128,0.389851,-0.251513,-0.019734,-0.218001,-0.150802,0.035455,0.523318,-0.30769,0.101553
-0.001484998,-0.001329001,0.96742505,0.0012109997,-0.016339,0.73502403,-0.6778429,-0.00074600807,0.035967994,0.03408,-1.358914,-0.034858007,-0.17007202,0.206487,0.047789,-0.039346002,-0.06786301,1.402133,0.16024302,0.151252,0.24850799,-0.036935,-0.226844,-0.028572,0.07157501,0.053427994,-0.141976,0.024451,-0.142804,0.389954,-0.251355,-0.01985,-0.217997,-0.150799,0.034952004,0.523284,-0.307578,0.101477
-0.001483998,-0.001242999,0.96741694,0.0010779995,-0.016132,0.73551005,-0.677321,8.3e-05,0.03629,0.033893,-1.358812,-0.0337,-0.167851,0.206771,0.047794,-0.038538,-0.067827,1.401841,0.162556,0.151026,0.246323,-0.035878,-0.227137,-0.028427,0.071491,0.054448,-0.14203,0.024372,-0.143245,0.389769,-0.251123,-0.019989,-0.218064,-0.150963,0.034607,0.52342,-0.307594,0.101489
-0.0014729963,-0.0011469983,0.967408,0.0010440004,-0.016117,0.7357261,-0.677086,0.0009409935,0.036415998,0.033678,-1.358741,-0.033312004,-0.16673802,0.207618,0.048786994,-0.037882004,-0.06799699,1.401949,0.162285,0.150732,0.245663,-0.03489601,-0.22774899,-0.028530998,0.07144,0.05545099,-0.142284,0.024325,-0.14381498,0.390075,-0.251097,-0.020031,-0.21805,-0.150999,0.034306005,0.523621,-0.307649,0.101464
-0.0014700012,-0.0010990016,0.96739495,0.0009930006,-0.016066002,0.73577005,-0.67704,0.0014309962,0.036555,0.033475,-1.358731,-0.032543004,-0.1658,0.20842798,0.04979699,-0.037278008,-0.06779401,1.401967,0.162681,0.150259,0.24453901,-0.034252003,-0.228952,-0.028411001,0.071245,0.055955995,-0.142831,0.024291001,-0.144398,0.390578,-0.251211,-0.020108,-0.218257,-0.151028,0.03403,0.523797,-0.307699,0.101446
-0.0014620007,-0.0010300018,0.96740294,0.0009930001,-0.016066,0.73577005,-0.67704,0.0017909973,0.03645,0.033207003,-1.358687,-0.032349005,-0.165456,0.209447,0.05088299,-0.037024,-0.06815099,1.401893,0.162069,0.14895402,0.244036,-0.033489004,-0.22994699,-0.028642999,0.071149,0.056474995,-0.143017,0.024232,-0.144898,0.390756,-0.251139,-0.020153997,-0.218164,-0.151095,0.033641003,0.523802,-0.307649,0.101432
-0.001456005,-0.0009829961,0.967387,0.00091000006,-0.01609,0.73581606,-0.67699003,0.0020039983,0.036581,0.032979,-1.358788,-0.032282,-0.165284,0.21039398,0.051629994,-0.036881,-0.068119,1.4018,0.161791,0.147546,0.24372,-0.032846007,-0.23062,-0.028532,0.071048,0.056738,-0.14357498,0.024104,-0.145332,0.391249,-0.251253,-0.020213,-0.21855,-0.151169,0.033634,0.524106,-0.30773,0.101478
-0.0014319972,-0.0009089932,0.967381,0.0007619985,-0.016103001,0.7358091,-0.676997,0.0020629985,0.036508,0.032545995,-1.358892,-0.032308,-0.16509399,0.21115,0.052074,-0.036858004,-0.068313,1.401649,0.160827,0.14615399,0.244187,-0.032691,-0.230833,-0.028783001,0.070995,0.056856,-0.143977,0.023939999,-0.145683,0.39185402,-0.25141,-0.020114,-0.218712,-0.151272,0.033606,0.524376,-0.307776,0.101538
-0.0013909996,-0.00085298717,0.96737105,0.0006439996,-0.016176,0.7357371,-0.677073,0.001862,0.036395,0.032057,-1.359024,-0.03227,-0.165034,0.211688,0.052267,-0.036904,-0.068231,1.401426,0.160075,0.144801,0.244526,-0.032664,-0.23073,-0.029081,0.070914,0.056717,-0.144571,0.023776,-0.146034,0.392785,-0.251753,-0.019988,-0.21898,-0.15133,0.033702,0.524688,-0.307826,0.101644
-0.0013539977,-0.00080300495,0.967357,0.0005329997,-0.016239,0.73565,-0.67716706,0.0014739985,0.036375,0.031568997,-1.359119,-0.032576002,-0.165193,0.212412,0.052472003,-0.037180003,-0.068016,1.401171,0.159054,0.14405899,0.24507901,-0.033241007,-0.23011099,-0.029353002,0.070833996,0.056445997,-0.14514501,0.023620998,-0.146306,0.393729,-0.25213,-0.019889,-0.219285,-0.151389,0.033867005,0.525053,-0.307908,0.101744
-0.0012959947,-0.00076600164,0.96735,0.00040499942,-0.016262,0.73557407,-0.67724895,0.00128,0.036369,0.03111,-1.359296,-0.033372,-0.165465,0.213319,0.052673,-0.037696,-0.067949,1.400821,0.158234,0.143193,0.245616,-0.034003,-0.229444,-0.029603,0.07068,0.056033,-0.145534,0.023458,-0.146333,0.394449,-0.252442,-0.019795,-0.219562,-0.151455,0.034186,0.525303,-0.307921,0.101795
-0.001267995,-0.0007410012,0.967343,0.00040499942,-0.016262,0.73557407,-0.67724895,0.0011840008,0.036653996,0.030726003,-1.359254,-0.033709995,-0.165921,0.213671,0.052765,-0.03836999,-0.06775201,1.400573,0.15645601,0.142287,0.246874,-0.034491997,-0.228571,-0.029828997,0.070691,0.055770002,-0.145877,0.023328,-0.146506,0.394995,-0.25267,-0.019782,-0.21981698,-0.151538,0.034309,0.525559,-0.307964,0.101919
-0.001206002,-0.00071599707,0.967336,0.00028,-0.016429,0.73551005,-0.677315,0.001091,0.037171,0.030391,-1.359135,-0.034061,-0.166161,0.213744,0.052592,-0.039109,-0.067729,1.400444,0.155212,0.141831,0.248055,-0.035251,-0.227708,-0.030093,0.070786,0.055801,-0.146054,0.023173,-0.146601,0.395482,-0.252886,-0.0197,-0.219892,-0.151656,0.034388,0.52574,-0.307995,0.102077
-0.0011210025,-0.0007139966,0.967339,0.00028,-0.016429,0.73551005,-0.677315,0.0012479987,0.037666995,0.029779004,-1.359008,-0.034871995,-0.165627,0.213821,0.05188301,-0.039738998,-0.067762,1.400271,0.15574898,0.14112002,0.248028,-0.035573997,-0.22742501,-0.030384999,0.070797,0.056261998,-0.146285,0.023050003,-0.146729,0.395956,-0.253096,-0.019620001,-0.21997,-0.15176,0.034399,0.525874,-0.308024,0.102103
-0.0009850073,-0.00070200115,0.9673371,0.00011300084,-0.016625,0.7359389,-0.676844,0.001822,0.038075,0.029639,-1.358807,-0.034347,-0.165396,0.212617,0.051216,-0.039949,-0.068206,1.400142,0.155334,0.141048,0.248883,-0.036208,-0.227087,-0.030638,0.070798,0.057146,-0.146556,0.022956,-0.14696,0.396589,-0.253393,-0.019606,-0.21995,-0.151825,0.034337,0.525898,-0.307982,0.102228
-0.0008880077,-0.0007320009,0.96734005,0.00011300084,-0.016625,0.7359389,-0.676844,0.001971999,0.038294,0.029338002,-1.358553,-0.033444006,-0.165157,0.21147801,0.050824005,-0.039908,-0.06832,1.399963,0.15440302,0.141151,0.24984498,-0.036675997,-0.227015,-0.030758997,0.070843995,0.057795998,-0.146882,0.022855,-0.147163,0.397038,-0.253607,-0.019502,-0.220087,-0.151915,0.034331,0.525938,-0.307971,0.102311
-0.0008220093,-0.00074499846,0.967352,4.7000336e-05,-0.01673,0.736148,-0.67661405,0.0016420025,0.038204,0.028808003,-1.358301,-0.032979,-0.165202,0.211225,0.050893,-0.039767005,-0.068513,1.39973,0.154685,0.140991,0.249597,-0.036658,-0.227388,-0.031121999,0.071017,0.058175996,-0.147097,0.022827001,-0.147224,0.397369,-0.253756,-0.019498,-0.220257,-0.15192,0.034471996,0.526074,-0.307986,0.102341
-0.000725999,-0.0007519983,0.96736705,-4.4999848e-05,-0.016934998,0.736307,-0.676435,0.0010620045,0.03809,0.028316004,-1.358169,-0.033093,-0.165236,0.211494,0.050954,-0.039434,-0.068757,1.399603,0.153487,0.141165,0.250118,-0.036731,-0.22788599,-0.031474,0.071245,0.058564994,-0.14735,0.022795,-0.147394,0.397721,-0.253896,-0.019481,-0.220365,-0.151945,0.03449,0.52607,-0.307906,0.102388
-0.000626998,-0.00081000477,0.96737003,-0.00010099991,-0.017172,0.73645294,-0.676271,0.0007180026,0.037696004,0.028254,-1.358231,-0.033055,-0.165801,0.211464,0.051136997,-0.039206002,-0.068932995,1.399122,0.154545,0.141246,0.24900901,-0.037019998,-0.228636,-0.031438,0.071157,0.059022997,-0.14797299,0.022801,-0.14768499,0.398349,-0.254221,-0.019573,-0.220723,-0.151917,0.03452,0.526064,-0.307845,0.102451
-0.00047900178,-0.00084299967,0.96740294,-0.00018899953,-0.017280001,0.736609,-0.676098,0.00042600223,0.036952004,0.028098002,-1.35808,-0.032746002,-0.166373,0.210768,0.051198,-0.038995,-0.069624,1.39882,0.15577099,0.141571,0.24804,-0.037353996,-0.22971298,-0.032066993,0.071448,0.059678998,-0.148221,0.022816,-0.147725,0.398777,-0.254425,-0.019517,-0.220819,-0.15189,0.034656,0.525987,-0.307705,0.102448
-0.00045400555,-0.0008700006,0.967402,-0.00037600004,-0.017886,0.736742,-0.675938,-0.000495,0.036236,0.026826,-1.357835,-0.031221,-0.165963,0.210227,0.051163,-0.03906,-0.069447,1.398202,0.15595,0.141857,0.247299,-0.037429,-0.23133,-0.032346,0.071615,0.059183,-0.148808,0.022829,-0.148008,0.39956,-0.254818,-0.019564,-0.221164,-0.151852,0.034731,0.526215,-0.307769,0.102486
-0.0003060042,-0.0008959882,0.967432,-0.00056100206,-0.018293006,0.73690706,-0.6757461,-0.0006689989,0.03497899,0.025736997,-1.357767,-0.031304996,-0.165523,0.210206,0.050657995,-0.039037,-0.070189,1.397499,0.156265,0.142239,0.247492,-0.037922002,-0.23297201,-0.033239003,0.071828,0.059436,-0.14914401,0.022858,-0.148105,0.400403,-0.25525004,-0.019496,-0.221154,-0.151787,0.034850005,0.526163,-0.307649,0.10258
-0.00018699071,-0.0009830035,0.9674429,-0.0007560007,-0.01868,0.736974,-0.6756619,-0.000532,0.033482,0.025224,-1.357467,-0.030936,-0.16607,0.210426,0.050521,-0.039099,-0.070726,1.396497,0.156601,0.142583,0.247721,-0.038402,-0.234878,-0.033863,0.072012,0.059421,-0.149839,0.022833,-0.14829,0.401519,-0.255881,-0.019526,-0.221549,-0.151779,0.035086,0.526419,-0.307737,0.102718
1.3006153e-05,-0.0010060035,0.967473,-0.00092299876,-0.019139994,0.73731595,-0.6752758,-0.0006279993,0.03233901,0.024745004,-1.356965,-0.031598993,-0.166299,0.211131,0.050182,-0.039105,-0.07228398,1.395395,0.15865399,0.142542,0.247589,-0.039257996,-0.23655398,-0.03475999,0.072284,0.060167998,-0.150358,0.022867,-0.148485,0.402626,-0.256416,-0.019384002,-0.221554,-0.151669,0.035204,0.526317,-0.307566,0.102834
0.00010399055,-0.0011019893,0.96747696,-0.0010149998,-0.019548003,0.73732704,-0.6752521,-0.000723,0.031201,0.023945,-1.355951,-0.031827,-0.166254,0.212173,0.049663,-0.039446,-0.073004,1.394147,0.160044,0.142376,0.247538,-0.039766,-0.238143,-0.035108,0.072646,0.060427,-0.151374,0.022753,-0.149237,0.403807,-0.25698,-0.019313,-0.22199,-0.151747,0.035017,0.526565,-0.307711,0.103058
0.00029300316,-0.0012129955,0.96750504,-0.0012599981,-0.020066997,0.737569,-0.674972,-0.00053700147,0.029898012,0.023302006,-1.354833,-0.031267002,-0.166276,0.211976,0.048928007,-0.039769,-0.074232996,1.393035,0.16128099,0.142616,0.248709,-0.040499993,-0.239197,-0.035968993,0.072741,0.061240997,-0.152326,0.022857998,-0.15005898,0.40531498,-0.257785,-0.019482998,-0.222103,-0.151591,0.034748003,0.526452,-0.307619,0.103201
0.00047300267,-0.0014400035,0.96753204,-0.001482,-0.020448,0.737676,-0.67484397,-0.000943,0.029072,0.022947,-1.353405,-0.029208,-0.166234,0.210847,0.048208,-0.040388,-0.075056,1.391885,0.16027,0.14278,0.250902,-0.04096,-0.239899,-0.036359,0.072594,0.062143,-0.153594,0.022862,-0.151393,0.406952,-0.25869,-0.019333,-0.221988,-0.151569,0.033866,0.525958,-0.307558,0.103464
0.0006180033,-0.0016360022,0.967574,-0.0018,-0.020876998,0.73774594,-0.674753,-0.001189,0.027852,0.022354,-1.351868,-0.028474,-0.166283,0.210881,0.047622,-0.041388,-0.075737,1.39083,0.161172,0.143152,0.251111,-0.041261,-0.240681,-0.036774,0.072179,0.062679,-0.155279,0.023207,-0.152599,0.408849,-0.259676,-0.019311,-0.222129,-0.151164,0.033295,0.525264,-0.307279,0.103632
0.0008200002,-0.0019380003,0.967626,-0.0018,-0.020876998,0.73774594,-0.674753,-0.002757976,0.02649402,0.022266002,-1.35054,-0.030248972,-0.16661899,0.21288396,0.047048006,-0.04265498,-0.076070994,1.389819,0.16226998,0.143386,0.25034702,-0.040973004,-0.24181497,-0.036844,0.071825005,0.06301999,-0.15673098,0.023443997,-0.15377998,0.41022998,-0.260533,-0.019297,-0.22225198,-0.15086602,0.032655008,0.524237,-0.306858,0.10384599
0.0010199931,-0.0022710003,0.967651,-0.0023519997,-0.021611,0.737888,-0.6745741,-0.003094,0.024947,0.022087,-1.34875,-0.030845,-0.166815,0.213992,0.046607,-0.043706,-0.077136,1.38917,0.161835,0.142328,0.250476,-0.040071,-0.243185,-0.036696,0.071254,0.06404,-0.158827,0.023632,-0.155431,0.412237,-0.261675,-0.019507,-0.222742,-0.15065,0.031752,0.523598,-0.306704,0.104118
0.00123199,-0.0026739947,0.96772206,-0.0023519997,-0.021611,0.737888,-0.6745741,-0.0026040075,0.022753034,0.021735005,-1.3466442,-0.030959997,-0.167005,0.21437798,0.046248008,-0.044372987,-0.078552976,1.388703,0.16066101,0.14046603,0.25114098,-0.038481023,-0.24425599,-0.036902998,0.071040004,0.064326994,-0.16026299,0.023856997,-0.15614799,0.41359097,-0.262559,-0.019054007,-0.222771,-0.150394,0.031191008,0.522407,-0.306294,0.10437899
0.001464999,-0.0030379966,0.96772504,-0.00311,-0.022453003,0.737868,-0.674565,-0.002834,0.021342,0.021623,-1.344845,-0.029072,-0.167102,0.213295,0.04552,-0.044206,-0.079867,1.387664,0.161059,0.138278,0.250196,-0.036695,-0.245751,-0.037188,0.070505,0.064485,-0.16231,0.023558,-0.157409,0.416093,-0.264005,-0.018899,-0.223405,-0.1507,0.030558,0.522348,-0.306466,0.105046
0.0017109953,-0.003401991,0.967759,-0.00311,-0.022453003,0.737868,-0.674565,-0.0044019762,0.020141019,0.021283006,-1.342562,-0.027429024,-0.167397,0.21233101,0.0453,-0.04292002,-0.081224985,1.3865252,0.16238098,0.13576405,0.24801002,-0.035488017,-0.24767298,-0.037475992,0.070286,0.06477499,-0.16411597,0.023422003,-0.15954597,0.41814396,-0.26506197,-0.018782001,-0.22291102,-0.15090798,0.02851603,0.52126706,-0.306284,0.10553599
0.0019770018,-0.003959,0.9677601,-0.0037030005,-0.023315001,0.73684806,-0.67564607,-0.004656,0.018136,0.020114,-1.340389,-0.025913,-0.166991,0.211809,0.045322,-0.039931,-0.081082,1.384205,0.162886,0.133552,0.245361,-0.034176,-0.250018,-0.036928,0.069674,0.064974,-0.167887,0.022541,-0.163484,0.421495,-0.266614,-0.018467,-0.22351,-0.151776,0.025579,0.5206,-0.306451,0.106515
0.0023270003,-0.0044380054,0.967787,-0.0039349995,-0.023850001,0.73592496,-0.676631,-0.00622,0.01659,0.017664,-1.33745,-0.025446,-0.164286,0.211395,0.043513,-0.039004,-0.081093,1.382346,0.162238,0.130494,0.243742,-0.034899,-0.252869,-0.03645,0.069509,0.064881,-0.171722,0.02137,-0.167574,0.424763,-0.267879,-0.017462,-0.223456,-0.153004,0.021928,0.51919,-0.306312,0.107822
0.0027690039,-0.005035002,0.967816,-0.0042919996,-0.024201,0.73463196,-0.67802,-0.008561,0.01505,0.015444,-1.334791,-0.026584,-0.162114,0.211539,0.042551,-0.037709,-0.080798,1.380098,0.15855,0.126139,0.243845,-0.03922,-0.258615,-0.035803,0.068677,0.064221,-0.176035,0.019903,-0.172471,0.428756,-0.26955,-0.016005,-0.222974,-0.154519,0.017176,0.517114,-0.305932,0.109447
0.0033930014,-0.0055990033,0.967801,-0.004781,-0.024433998,0.73274493,-0.680047,-0.01213,0.012531,0.011043,-1.332387,-0.02618,-0.157391,0.211944,0.041417,-0.037546,-0.080435,1.377301,0.152551,0.120063,0.243322,-0.046708,-0.268281,-0.035186,0.067179,0.063598,-0.181803,0.017652,-0.179837,0.434808,-0.271931,-0.01444,-0.222001,-0.156628,0.010921,0.514789,-0.305586,0.111669
0.0040550022,-0.0061459914,0.967871,-0.0054230005,-0.024609,0.73055106,-0.68239295,-0.016189,0.010509,0.005315,-1.329483,-0.029228,-0.150255,0.212649,0.043035,-0.033775,-0.08036,1.374036,0.147028,0.112606,0.242007,-0.050905,-0.277059,-0.034654,0.066209,0.064256,-0.186453,0.013853,-0.188601,0.437925,-0.272359,-0.012438,-0.220235,-0.160567,0.001983,0.511883,-0.30509,0.114185
0.004923001,-0.006716002,0.967817,-0.006093,-0.02485,0.7282689,-0.684813,-0.020086,0.00844,-0.003031,-1.325861,-0.03681,-0.137398,0.211991,0.046984,-0.026712,-0.08222,1.370974,0.138623,0.100213,0.240814,-0.054065,-0.283853,-0.03368,0.063585,0.065875,-0.195235,0.010907,-0.200668,0.447034,-0.275547,-0.01091,-0.218869,-0.16264,-0.007836,0.508985,-0.304602,0.116456
0.006352002,-0.0074780025,0.967843,-0.0070930007,-0.024465002,0.725328,-0.687932,-0.025341,0.006693,-0.011142,-1.322696,-0.03629,-0.123826,0.214053,0.044882,-0.022661,-0.083219,1.365446,0.128928,0.087182,0.240181,-0.058897,-0.293437,-0.032201,0.057652,0.069986,-0.206241,0.007678,-0.218415,0.458867,-0.279528,-0.008358,-0.212819,-0.164254,-0.024428,0.500439,-0.302119,0.119204
0.008193994,-0.008305002,0.96760094,-0.008027999,-0.023737002,0.721815,-0.691633,-0.031709,0.005463,-0.022294,-1.320968,-0.034725,-0.105092,0.216862,0.043624,-0.00575,-0.084155,1.358545,0.11818,0.072374,0.237874,-0.062168,-0.304516,-0.030823,0.050366,0.070966,-0.219063,0.004094,-0.235739,0.47712,-0.287321,-0.004713,-0.207371,-0.164781,-0.038852,0.493667,-0.300435,0.122444
0.010836994,-0.009372998,0.96746707,-0.008861999,-0.022059998,0.7186579,-0.6949571,-0.039169,0.006622,-0.030992,-1.320923,-0.034491,-0.086284,0.219725,0.044552,0.019092,-0.084362,1.349392,0.108472,0.058382,0.234795,-0.070905,-0.320522,-0.027971,0.036649,0.072822,-0.234856,0.00502,-0.255449,0.500587,-0.297952,-4.8e-05,-0.193643,-0.159081,-0.058787,0.474235,-0.293371,0.124615
0.013781953,-0.010493983,0.96727705,-0.009431993,-0.020652022,0.7142461,-0.69952595,-0.04845386,0.006106008,-0.041199844,-1.321147,-0.03637897,-0.06828628,0.22411494,0.048537936,0.045387596,-0.08126705,1.3395452,0.096162185,0.048465148,0.22908507,-0.08220583,-0.3322088,-0.027367009,0.02480418,0.071124025,-0.24608782,0.003901017,-0.27374473,0.52195066,-0.30808187,0.00519292,-0.17662525,-0.15516005,-0.07941468,0.45394734,-0.28618008,0.12806195
0.017084,-0.011842001,0.966657,-0.010212001,-0.019625,0.709547,-0.704311,-0.057173,0.005061,-0.048798,-1.320917,-0.034869,-0.057516,0.228154,0.056436,0.069675,-0.075058,1.328663,0.08422,0.045048,0.223202,-0.094207,-0.341022,-0.028143,0.014019,0.066468,-0.257698,0.000636,-0.29038,0.548251,-0.321459,0.011258,-0.162893,-0.152502,-0.095595,0.440881,-0.282835,0.132588
0.020382958,-0.013153981,0.965575,-0.010186001,-0.01838202,0.70473206,-0.7091619,-0.06900682,0.006911972,-0.053862922,-1.319487,-0.03225804,-0.051269095,0.23094797,0.06771783,0.093431644,-0.06792611,1.3189431,0.07240818,0.04250004,0.21563712,-0.105043836,-0.34608293,-0.025481042,0.009679066,0.06427603,-0.26879582,-0.010890825,-0.30732977,0.57087666,-0.33190784,0.017979898,-0.15982504,-0.15845092,-0.10716183,0.44342896,-0.28676593,0.1395369
0.023849,-0.014391001,0.963936,0.009797,0.016936,-0.70012,0.713757,-0.074563,0.009738,-0.058003,-1.317804,-0.027674,-0.046385,0.230603,0.081469,0.118419,-0.062328,1.310128,0.064786,0.040325,0.207066,-0.116439,-0.35047,-0.020258,0.007791,0.061656,-0.282195,-0.025885,-0.32236,0.596208,-0.343553,0.024893,-0.166256,-0.168076,-0.112137,0.458549,-0.296396,0.147542
0.027405005,-0.015431002,0.962455,0.009219,0.015880998,-0.695278,0.71850693,-0.085114,0.012228,-0.062378,-1.315814,-0.021317,-0.043229,0.226976,0.097301,0.143196,-0.057165,1.302301,0.064489,0.039194,0.193857,-0.128909,-0.351021,-0.017791,0.00911,0.058147,-0.289188,-0.042789,-0.334416,0.615431,-0.352077,0.03274,-0.168984,-0.180731,-0.117181,0.471997,-0.305179,0.156517
0.030792003,-0.016154014,0.961043,0.008383001,0.015443,-0.691591,0.72207487,-0.091284,0.014935,-0.066528,-1.312878,-0.016942,-0.040447,0.217346,0.117172,0.171344,-0.056656,1.298976,0.079534,0.03794,0.177932,-0.146015,-0.357993,-0.017475,0.011128,0.057514,-0.293916,-0.057433,-0.344806,0.633067,-0.359842,0.038498,-0.168116,-0.192101,-0.124203,0.483133,-0.313129,0.16478
0.034328002,-0.016616002,0.95947194,0.008171999,0.014754999,-0.68814504,0.725378,-0.100704,0.018833,-0.07188,-1.311718,-0.00991,-0.038361,0.205041,0.143991,0.202002,-0.059996,1.294628,0.098867,0.03728,0.154636,-0.164706,-0.359462,-0.018346,0.017175,0.057147,-0.294693,-0.078298,-0.351603,0.646101,-0.364779,0.046272,-0.172741,-0.211207,-0.12595,0.502627,-0.323808,0.175162
0.037660997,-0.017083008,0.95713997,0.007815,0.014267,-0.68553287,0.72786,-0.104974,0.02295,-0.07804,-1.310832,-0.00125,-0.037128,0.189303,0.175825,0.238019,-0.067935,1.29173,0.121441,0.036912,0.131711,-0.183048,-0.360289,-0.01999,0.024305,0.059764,-0.297396,-0.100483,-0.358724,0.665873,-0.373469,0.052127,-0.181198,-0.231647,-0.124837,0.532108,-0.340394,0.185742
0.041236997,-0.017220989,0.95469195,0.008301,0.014750001,-0.68344605,0.729804,-0.109459,0.024949,-0.087922,-1.31189,0.017791,-0.036498,0.170907,0.211504,0.285853,-0.082758,1.289866,0.145329,0.036692,0.110565,-0.204013,-0.364804,-0.024427,0.035698,0.063204,-0.298083,-0.128359,-0.363142,0.68284,-0.379752,0.060756,-0.203816,-0.252893,-0.108516,0.576024,-0.360919,0.190438
0.044894997,-0.016902994,0.95219,0.008578,0.015617999,-0.68244296,0.73072207,-0.110951,0.028326,-0.102665,-1.316207,0.060633,-0.036117,0.158345,0.263729,0.355961,-0.106737,1.291889,0.178118,0.036572,0.097568,-0.234758,-0.382051,-0.029877,0.047672,0.068143,-0.29775,-0.154736,-0.365599,0.698547,-0.38524,0.066811,-0.234182,-0.274975,-0.089967,0.630234,-0.375192,0.197254
0.049146004,-0.016151,0.95077103,0.009394999,0.016649999,-0.6822639,0.73085505,-0.112427,0.032419,-0.122737,-1.326465,0.121818,-0.035919,0.154696,0.332889,0.425475,-0.140578,1.29737,0.22634,0.036672,0.099498,-0.270339,-0.413471,-0.036676,0.054939,0.07383,-0.294909,-0.17455,-0.366649,0.707304,-0.386905,0.074322,-0.28373,-0.289547,-0.041271,0.712492,-0.361662,0.208105
0.053825997,-0.014981002,0.94977796,0.010998999,0.018771,-0.68369,0.729448,-0.1109,0.034235,-0.149034,-1.341713,0.192403,-0.035826,0.149438,0.407159,0.49242,-0.187558,1.309815,0.287957,0.037332,0.119192,-0.307358,-0.457038,-0.045954,0.059936,0.081583,-0.293336,-0.190439,-0.366609,0.715498,-0.387574,0.08085,-0.3467,-0.296652,0.019397,0.808401,-0.32347,0.217456
0.058467995,-0.013584007,0.9489481,0.012288999,0.021397002,-0.68606293,0.727124,-0.108223,0.035537,-0.181107,-1.361782,0.265127,-0.035769,0.126618,0.471487,0.564615,-0.243046,1.331409,0.355044,0.041547,0.154041,-0.334179,-0.508569,-0.056133,0.065104,0.08938,-0.290769,-0.203183,-0.363911,0.722872,-0.388646,0.087745,-0.421829,-0.29228,0.095652,0.916232,-0.254335,0.231218
0.062873006,-0.0121129975,0.94800705,0.0138799995,0.024803001,-0.68952304,0.72370595,-0.103967,0.034687,-0.219557,-1.385964,0.342698,-0.035741,0.093216,0.516214,0.630219,-0.299414,1.361837,0.43045,0.068337,0.193321,-0.347753,-0.565879,-0.066914,0.071616,0.097516,-0.289805,-0.215395,-0.359443,0.731108,-0.390326,0.0943,-0.507299,-0.274674,0.184473,1.031444,-0.157616,0.21892
0.066565946,-0.010939017,0.94695413,0.0153559735,0.029325927,-0.69354796,0.71965003,-0.09990406,0.034270007,-0.2651913,-1.4136106,0.41723585,-0.035753,0.06524043,0.52438086,0.69175804,-0.34853125,1.3966484,0.5005459,0.13558997,0.20976175,-0.32471037,-0.61010635,-0.0794358,0.07913789,0.103424914,-0.289308,-0.22375788,-0.35131612,0.7415998,-0.39501894,0.099261925,-0.5886738,-0.23872955,0.2747426,1.1389563,-0.0657164,0.21240608
0.070066944,-0.00974001,0.945941,0.01645898,0.034357917,-0.698953,0.7141521,-0.091928124,0.034182,-0.3157412,-1.4446496,0.49297985,-0.035822995,0.06262705,0.4910745,0.7455972,-0.39741325,1.4365814,0.56877595,0.2279476,0.21115099,-0.27422878,-0.6302117,-0.090273835,0.08829286,0.11226787,-0.29112998,-0.23181587,-0.34413913,0.75156087,-0.39870694,0.10378393,-0.6772017,-0.20116757,0.3472319,1.2635311,-0.071103916,0.22989175
0.073010944,-0.009023014,0.94465506,0.01776198,0.039487917,-0.7039908,0.7088881,-0.08748507,0.03622497,-0.37373614,-1.4806914,0.5821756,-0.035948,0.10785331,0.43605083,0.77380556,-0.44810224,1.4790184,0.6499278,0.34490922,0.23912556,-0.2476844,-0.61815315,-0.10142783,0.09609888,0.11588395,-0.29498494,-0.23635192,-0.33337015,0.76554775,-0.4060939,0.10786394,-0.76496565,-0.14584085,0.4197219,1.3895671,-0.06274413,0.24349679
0.075393,-0.009066001,0.94376403,-0.019085998,-0.044544,0.708755,-0.703788,-0.080655,0.036509,-0.43411,-1.51436,0.684765,-0.038779,0.182563,0.358291,0.789535,-0.497215,1.51095,0.755414,0.503275,0.29617,-0.252425,-0.571992,-0.111999,0.102293,0.117296,-0.297865,-0.236431,-0.322074,0.777056,-0.413793,0.110239,-0.84868,-0.08008,0.480456,1.512695,-0.062636,0.246052
0.07688602,-0.009977035,0.942586,-0.020336032,-0.049654063,0.712015,-0.7001109,-0.07786297,0.035919942,-0.47761655,-1.518113,0.81305313,-0.116817,0.2667413,0.29455584,0.8084065,-0.54445785,1.517551,0.86880547,0.7131003,0.3436995,-0.27301362,-0.5206675,-0.121974155,0.10823005,0.11800488,-0.30250302,-0.23678094,-0.31478783,0.7924582,-0.42396316,0.113938004,-0.92919815,-0.013699853,0.52475053,1.6297456,-0.06662009,0.2531881
0.077488005,-0.011968005,0.94182694,-0.022413002,-0.054310996,0.713674,-0.69800997,-0.075693,0.031911,-0.514481,-1.518152,0.952841,-0.247739,0.353041,0.28522,0.84002,-0.597875,1.517976,0.96335,0.934107,0.377361,-0.314268,-0.484459,-0.132472,0.11119,0.110479,-0.304957,-0.232363,-0.3036,0.803824,-0.434421,0.114179,-1.003489,0.061505,0.560003,1.737218,-0.072288,0.258828
0.077148005,-0.0148350075,0.94093907,-0.024544,-0.058948,0.71446097,-0.696755,-0.074283,0.027103,-0.558114,-1.518172,1.062047,-0.37488,0.434308,0.300138,0.869866,-0.658754,1.518176,1.039097,1.143184,0.386415,-0.359966,-0.466645,-0.142147,0.114572,0.101322,-0.307328,-0.227478,-0.292546,0.815502,-0.446467,0.114332,-1.074349,0.13811,0.585276,1.834367,-0.085896,0.261728
0.076848,-0.017959002,0.939498,-0.026183004,-0.060109,0.7181789,-0.692762,-0.065458,0.02781,-0.598061,-1.518182,1.125474,-0.487871,0.489959,0.336944,0.882924,-0.7364,1.518265,1.110288,1.323972,0.362481,-0.402125,-0.480038,-0.148184,0.112244,0.106534,-0.30776,-0.22144,-0.2879,0.832377,-0.462046,0.114229,-1.136971,0.209529,0.595823,1.92045,-0.108369,0.261343
0.07488003,-0.022638917,0.93855804,-0.029227957,-0.06383295,0.71687114,-0.69366205,-0.06870895,0.021439096,-0.64002734,-1.518213,1.1682743,-0.5989953,0.5232435,0.3770164,0.8728792,-0.80261105,1.518307,1.1475654,1.4872745,0.36195204,-0.44664732,-0.4944638,-0.15691286,0.111627005,0.10132208,-0.30958596,-0.21676308,-0.287372,0.8454058,-0.4758248,0.11168804,-1.199255,0.27410802,0.597503,1.991668,-0.13413861,0.25805107
0.072548,-0.028262999,0.93748695,-0.030421,-0.066346,0.715702,-0.694581,-0.071872,0.018131,-0.67562,-1.518232,1.198941,-0.701906,0.55972,0.410956,0.849106,-0.865872,1.518334,1.172769,1.624482,0.375169,-0.481459,-0.489893,-0.160611,0.112402,0.102772,-0.309347,-0.213589,-0.291827,0.856891,-0.489615,0.109471,-1.255367,0.326941,0.591595,2.049095,-0.157107,0.26041
0.070462,-0.033979,0.936826,-0.031619005,-0.068842,0.7149639,-0.695045,-0.075431,0.013594,-0.708014,-1.518246,1.223414,-0.796201,0.609133,0.438694,0.818862,-0.92629,1.518349,1.188172,1.734111,0.387753,-0.506513,-0.486135,-0.164906,0.112529,0.110126,-0.307027,-0.209462,-0.299082,0.865335,-0.501402,0.106282,-1.303294,0.367954,0.582069,2.089436,-0.175433,0.26036
0.068468,-0.039784994,0.93622994,-0.031557,-0.07068301,0.714697,-0.695138,-0.074644,0.010511,-0.736846,-1.518253,1.245383,-0.879121,0.659001,0.463338,0.785793,-0.977272,1.518359,1.195031,1.819475,0.401507,-0.520833,-0.48957,-0.167659,0.113693,0.121936,-0.301706,-0.205931,-0.308521,0.871747,-0.512317,0.104183,-1.340831,0.396423,0.570197,2.113273,-0.189472,0.259682
0.06662503,-0.045386914,0.935634,-0.03042402,-0.07150798,0.71444905,-0.695358,-0.07591698,0.010319003,-0.76027966,-1.518263,1.2629557,-0.9479019,0.69632745,0.4823507,0.74956554,-1.0169264,1.518364,1.195273,1.8809191,0.41534078,-0.5307518,-0.48894304,-0.16860798,0.11549097,0.13483381,-0.29364613,-0.20475602,-0.3215358,0.8763719,-0.52203983,0.104084,-1.3658977,0.4161567,0.5624581,2.1209188,-0.19800186,0.259784
0.06491102,-0.05106691,0.93516314,-0.029166024,-0.071387,0.713327,-0.69657594,-0.07945494,0.010764994,-0.7794427,-1.518273,1.2791407,-1.0036532,0.7224386,0.48989087,0.7104746,-1.0434775,1.518365,1.1908021,1.9228674,0.43073177,-0.5374439,-0.48557502,-0.16701403,0.11517501,0.14538884,-0.28649008,-0.20278303,-0.33358383,0.87995696,-0.5313279,0.10618697,-1.3811717,0.42606387,0.55590814,2.1105413,-0.20350893,0.2655079
0.06342999,-0.056639,0.934785,-0.027130999,-0.070653,0.7122471,-0.697837,-0.081133,0.013185,-0.793391,-1.518279,1.295516,-1.044382,0.740941,0.485454,0.678073,-1.054902,1.518364,1.182428,1.948198,0.450874,-0.537792,-0.477261,-0.164887,0.115598,0.152239,-0.275731,-0.199884,-0.34239,0.879919,-0.539716,0.106859,-1.383088,0.430918,0.554343,2.084836,-0.20555,0.266849
0.061932005,-0.062125,0.93438494,-0.024266003,-0.068903,0.711244,-0.69913894,-0.080873,0.017723,-0.803021,-1.518276,1.312849,-1.065563,0.759271,0.472275,0.658496,-1.046995,1.518359,1.170527,1.957772,0.481665,-0.536109,-0.463399,-0.159693,0.115853,0.160115,-0.264442,-0.19693,-0.351931,0.878245,-0.547355,0.106545,-1.371828,0.427813,0.557681,2.043109,-0.210123,0.266052
0.06044697,-0.067692086,0.93383306,-0.020847932,-0.06632296,0.7102409,-0.70051694,-0.080575,0.023751123,-0.8089151,-1.518265,1.3317803,-1.0661687,0.77523214,0.4560846,0.6577792,-1.0256935,1.518349,1.1556927,1.9514927,0.5245688,-0.5313829,-0.4398417,-0.15359788,0.113874,0.16618012,-0.25251383,-0.19072293,-0.36087516,0.87776893,-0.55675215,0.10547098,-1.3474305,0.4214258,0.5635782,1.98732,-0.2086749,0.26475897
0.058535997,-0.073367,0.93307006,-0.016555,-0.063314,0.70909697,-0.702067,-0.080755,0.031826,-0.811728,-1.518233,1.350495,-1.042749,0.78271,0.431042,0.671253,-0.98927,1.518332,1.13474,1.927882,0.575423,-0.525546,-0.41977,-0.145768,0.113717,0.174223,-0.239627,-0.185459,-0.371555,0.876606,-0.565964,0.103901,-1.310934,0.407855,0.575794,1.91741,-0.202406,0.262959
0.056257997,-0.07903899,0.932225,-0.011570999,-0.059646998,0.70806104,-0.703532,-0.079966,0.041061,-0.810017,-1.518134,1.363045,-0.994525,0.77658,0.398477,0.691907,-0.938754,1.518297,1.1051,1.885731,0.630084,-0.510424,-0.401467,-0.137398,0.113347,0.184113,-0.225305,-0.177982,-0.382156,0.875245,-0.575676,0.102824,-1.260533,0.389402,0.592319,1.83325,-0.190666,0.2659
0.053398006,-0.084986985,0.931286,-0.005868001,-0.055419,0.706488,-0.70552695,-0.079376,0.052276,-0.805107,-1.51742,1.371045,-0.920677,0.758192,0.359954,0.711662,-0.875719,1.518196,1.065105,1.824396,0.688607,-0.491074,-0.388088,-0.127854,0.113881,0.196451,-0.209029,-0.170663,-0.396564,0.872235,-0.584815,0.099532,-1.198688,0.361699,0.611887,1.734715,-0.169575,0.274342
0.050240047,-0.0910539,0.93046,0.00028990605,-0.050444074,0.70448714,-0.7079219,-0.079676,0.064939804,-0.7970621,-1.4967133,1.3782859,-0.84703815,0.7320304,0.32191455,0.71659094,-0.7998331,1.513399,1.0092578,1.7452893,0.7465921,-0.46446037,-0.37874416,-0.118255146,0.114601985,0.21077077,-0.1895093,-0.16191113,-0.41226977,0.86601907,-0.5927309,0.095060065,-1.1245041,0.32443157,0.6319867,1.6195498,-0.13113159,0.28039688
0.046940006,-0.097209,0.929533,-0.006548,0.044468,-0.7012959,0.71145195,-0.080234,0.079893,-0.78595,-1.447507,1.38524,-0.788455,0.701249,0.290257,0.703078,-0.716459,1.456348,0.949069,1.680463,0.774455,-0.447586,-0.375326,-0.108224,0.114626,0.226389,-0.168458,-0.153752,-0.431521,0.858744,-0.599727,0.088919,-1.042177,0.276446,0.648939,1.49159,-0.079667,0.282507
0.04387701,-0.10374601,0.9285921,-0.013349,0.039534997,-0.697212,0.71564895,-0.084197,0.093886,-0.773151,-1.392906,1.382897,-0.712693,0.668628,0.259851,0.666138,-0.62274,1.374979,0.874439,1.613057,0.775098,-0.434586,-0.363614,-0.098799,0.117927,0.245046,-0.14724,-0.146861,-0.455082,0.850955,-0.606088,0.083852,-0.954421,0.215827,0.656284,1.35271,-0.029278,0.273622
0.041274004,-0.110436,0.927833,-0.020410003,0.034213003,-0.692096,0.7207049,-0.090032,0.108634,-0.75642,-1.344617,1.363698,-0.601837,0.628785,0.222459,0.613946,-0.519953,1.294374,0.780588,1.516745,0.751742,-0.419352,-0.360266,-0.089174,0.120951,0.266399,-0.12482,-0.139489,-0.483199,0.841132,-0.610929,0.077702,-0.862398,0.139787,0.638289,1.205301,0.005775,0.252038
0.038720038,-0.11816187,0.9269041,-0.029445862,0.028677084,-0.68523705,0.72715896,-0.104087785,0.1282187,-0.7357594,-1.3024426,1.3238738,-0.46201012,0.5737398,0.17341675,0.5577408,-0.40494475,1.225321,0.66166884,1.3841751,0.70661867,-0.4008573,-0.38311663,-0.07468222,0.122800976,0.28744566,-0.10718227,-0.1270732,-0.5140985,0.8338121,-0.61738586,0.07359906,-0.7673455,0.06352116,0.59207964,1.0566412,0.03735052,0.22846836
0.035705052,-0.12785286,0.927121,-0.03795387,0.027923012,-0.67113316,0.7398377,-0.13664351,0.1473337,-0.72428715,-1.2701315,1.2694248,-0.31390426,0.5313107,0.12147279,0.5116077,-0.28041387,1.1646789,0.5218371,1.2059387,0.6670506,-0.3675095,-0.45946884,-0.069825076,0.124022976,0.29332492,-0.09159124,-0.09992341,-0.5415606,0.82132316,-0.62343186,0.063115165,-0.66545355,0.0045149,0.52791,0.921765,0.07166447,0.21300724
0.034188997,-0.137378,0.926532,-0.047101997,0.02143,-0.663433,0.74644405,-0.154437,0.172466,-0.695007,-1.21944,1.19257,-0.190558,0.523737,0.08605,0.451151,-0.198114,1.118468,0.420674,0.957052,0.612372,-0.316712,-0.56682,-0.054674,0.121984,0.315272,-0.071781,-0.075946,-0.560928,0.806706,-0.629975,0.060902,-0.571596,-0.064878,0.395264,0.822486,-0.053721,0.192851
0.032118,-0.147839,0.9254811,-0.054749,0.013517001,-0.654161,0.75425,-0.176391,0.196285,-0.660136,-1.155151,1.135128,-0.121881,0.540455,0.069913,0.410241,-0.112212,1.076616,0.304821,0.735592,0.533938,-0.261924,-0.615605,-0.038456,0.112345,0.326789,-0.057157,-0.049106,-0.570681,0.797344,-0.639744,0.063021,-0.478371,-0.114135,0.237148,0.73058,-0.173926,0.174328
0.029442962,-0.15843117,0.925004,-0.05881602,0.0059289224,-0.64357084,0.76310015,-0.1977712,0.21011199,-0.6228474,-1.0868869,1.0969497,-0.09100071,0.5348907,0.05451287,0.3871007,-0.015643721,1.0299973,0.2219225,0.58676344,0.50892127,-0.23690914,-0.64589727,-0.021825822,0.087530635,0.3197378,-0.059525296,-0.0140865985,-0.5746969,0.79521453,-0.6464188,0.047202837,-0.44730282,-0.10512467,0.17247163,0.711422,-0.21346723,0.15234801
0.026456008,-0.16871601,0.925117,-0.060277995,0.0009129998,-0.635534,0.76971596,-0.211953,0.208886,-0.582635,-1.018479,1.07063,-0.072235,0.515676,0.045915,0.366864,0.068155,0.989225,0.189706,0.484615,0.521974,-0.246079,-0.665574,-0.010136,0.063358,0.305897,-0.078946,0.012193,-0.567774,0.832432,-0.633698,0.036396,-0.434779,-0.083079,0.14834,0.710362,-0.228561,0.153108
0.023555001,-0.178101,0.9253739,-0.06121,-0.00073999964,-0.63283193,0.771865,-0.213873,0.200613,-0.536819,-0.947775,1.039825,-0.06208,0.50525,0.04066,0.34633,0.12759,0.966126,0.147336,0.412817,0.480144,-0.243163,-0.67659,-0.006659,0.048006,0.290434,-0.103349,0.034874,-0.540917,0.886175,-0.604822,0.021855,-0.425247,-0.057082,0.138444,0.710026,-0.237763,0.149968
0.020819996,-0.186449,0.925636,-0.061765,-0.0011100004,-0.63558006,0.76956004,-0.204241,0.192598,-0.478649,-0.876193,0.99272,-0.064817,0.503563,0.037446,0.336061,0.161137,0.954193,0.120268,0.360226,0.437816,-0.246118,-0.695812,-0.007289,0.037618,0.279112,-0.13305,0.05551,-0.500963,0.950805,-0.560749,0.006061,-0.418974,-0.028744,0.136806,0.713267,-0.244886,0.137052
0.01828305,-0.1941129,0.92608595,-0.060740024,-0.00015601497,-0.63981694,0.76612306,-0.1918052,0.18208617,-0.41678596,-0.8145749,0.93118095,-0.07879579,0.503825,0.037217002,0.33372802,0.17599277,0.9456721,0.11697005,0.31865564,0.43351707,-0.24935195,-0.6894431,-0.011628933,0.028298141,0.2655792,-0.16982543,0.072015755,-0.45754266,1.023539,-0.4999799,-0.01419369,-0.4144241,0.0014185397,0.14505386,0.715984,-0.24988092,0.12230123
0.015373998,-0.201297,0.92638797,-0.059210997,0.00099,-0.6418661,0.7645271,-0.187457,0.174206,-0.367013,-0.771283,0.878044,-0.090052,0.506305,0.042004,0.331406,0.187399,0.940209,0.106005,0.285324,0.429642,-0.249194,-0.686033,-0.014687,0.020017,0.247109,-0.211561,0.087381,-0.411889,1.094097,-0.439295,-0.003308,-0.413102,0.030427,0.158607,0.721318,-0.2559,0.10832
0.011879004,-0.20806602,0.92641,-0.057793997,0.0017230003,-0.641839,0.764656,-0.188997,0.17049,-0.333253,-0.744922,0.844874,-0.094063,0.504545,0.045703,0.323379,0.194576,0.936278,0.092065,0.253239,0.415863,-0.248874,-0.683286,-0.017199,0.011614,0.232119,-0.254964,0.110597,-0.362549,1.150973,-0.391027,0.02575,-0.411219,0.056527,0.166511,0.728272,-0.263466,0.094226
0.0076530036,-0.21477501,0.92659605,-0.056456,0.0021289997,-0.64041406,0.76594895,-0.194308,0.170398,-0.310119,-0.730169,0.826692,-0.098556,0.494836,0.04997,0.320295,0.197122,0.934598,0.090167,0.221424,0.407216,-0.254155,-0.680955,-0.018947,0.002922,0.225261,-0.301515,0.133679,-0.32682,1.194724,-0.360016,0.066105,-0.407087,0.078135,0.163404,0.732565,-0.27105,0.079521
0.0034330692,-0.22134592,0.92751104,-0.05438804,0.002567994,-0.6377021,0.768356,-0.20112689,0.169611,-0.29747322,-0.7271451,0.8113222,-0.10291793,0.4865041,0.04962301,0.320686,0.197742,0.934552,0.09231097,0.19465542,0.4005191,-0.25788894,-0.678318,-0.020589974,-0.0045228866,0.22453001,-0.34809828,0.14774379,-0.30158737,1.2325524,-0.37008485,0.10426141,-0.4005971,0.091445796,0.15296614,0.7313691,-0.2772149,0.06676819
-0.0004909374,-0.22768891,0.92906296,-0.052414034,0.0034549863,-0.6348419,0.770854,-0.2082659,0.16763303,-0.29557702,-0.7325849,0.80645615,-0.10204101,0.48401603,0.04759903,0.320369,0.19243008,0.93708396,0.096789934,0.17210934,0.39225212,-0.25956497,-0.6741701,-0.021701984,-0.0086599365,0.22793795,-0.38946837,0.14834599,-0.28799322,1.2541547,-0.39048266,0.13864549,-0.39278212,0.098090895,0.13887522,0.72534806,-0.28141293,0.055811163
-0.0037149992,-0.23351799,0.931079,-0.050167996,0.0047439993,-0.631517,0.77372295,-0.216054,0.163298,-0.303968,-0.746896,0.815871,-0.094204,0.478187,0.046799,0.318157,0.181602,0.939723,0.106112,0.152086,0.386572,-0.261042,-0.669272,-0.02239,-0.01164,0.230235,-0.426233,0.140015,-0.278402,1.258378,-0.405477,0.153862,-0.384626,0.100723,0.124913,0.714803,-0.28297,0.047295
-0.0060939994,-0.23904398,0.93322,-0.048304,0.0064980006,-0.62826496,0.7764719,-0.224311,0.15728,-0.318326,-0.766904,0.834628,-0.082187,0.470409,0.050343,0.323287,0.162545,0.943253,0.121897,0.131344,0.379909,-0.264369,-0.664387,-0.023046,-0.013111,0.232266,-0.45522,0.127177,-0.270929,1.243002,-0.422885,0.154716,-0.375724,0.101393,0.111085,0.702058,-0.283487,0.040353
-0.00771497,-0.24427594,0.93531305,-0.046678025,0.008686965,-0.62502605,0.779158,-0.23232087,0.1499041,-0.3380317,-0.7907186,0.84886783,-0.06816321,0.46286812,0.05545692,0.33159387,0.13704239,0.9472779,0.14423665,0.11242829,0.37314013,-0.26756194,-0.6533652,-0.022591008,-0.009747052,0.23331198,-0.47710067,0.10432934,-0.26313213,1.2124695,-0.43875375,0.14537613,-0.37049505,0.09591709,0.100629166,0.6940711,-0.28613394,0.036504056
-0.008598998,-0.24932702,0.937322,-0.045338996,0.011389999,-0.622105,0.781537,-0.240062,0.141055,-0.359753,-0.81721,0.85823,-0.055696,0.458486,0.0666,0.347709,0.105177,0.953037,0.170355,0.097624,0.366494,-0.268884,-0.638131,-0.022481,-0.005447,0.234322,-0.492914,0.084582,-0.249586,1.167873,-0.452552,0.132306,-0.365582,0.089959,0.091195,0.686179,-0.288744,0.033804
-0.009035003,-0.254232,0.939258,-0.044192,0.014298,-0.61916107,0.78388906,-0.247154,0.132066,-0.382526,-0.848084,0.87064,-0.04745,0.459405,0.084988,0.366153,0.067871,0.961612,0.196549,0.089348,0.357922,-0.268247,-0.624282,-0.02221,0.000753,0.233247,-0.501,0.070619,-0.222261,1.109945,-0.46394,0.124624,-0.361892,0.082477,0.084728,0.680111,-0.29188,0.032383
-0.009015,-0.259025,0.9408271,-0.043382,0.01733,-0.61618507,0.786215,-0.25402,0.12301,-0.406604,-0.884659,0.893734,-0.041932,0.460498,0.109022,0.386869,0.027131,0.973159,0.217228,0.088293,0.347012,-0.265173,-0.611301,-0.023288,0.008446,0.228168,-0.500811,0.061178,-0.187391,1.044722,-0.474055,0.116483,-0.358186,0.075543,0.082622,0.677997,-0.297024,0.031675
-0.0083680125,-0.26358595,0.94203,-0.042352017,0.02009796,-0.6141931,0.787763,-0.25872895,0.11450113,-0.42858866,-0.9274253,0.9227826,-0.03920104,0.45766306,0.13680859,0.40526372,-0.02016628,0.98751277,0.24235462,0.097889856,0.33915913,-0.26123607,-0.5994332,-0.024936976,0.018752841,0.22327708,-0.49247813,0.049283184,-0.1474446,0.9737131,-0.4812349,0.11304905,-0.357147,0.06512416,0.085755944,0.68299794,-0.30558488,0.03308398
-0.0074120034,-0.267699,0.94306195,-0.041415993,0.022820998,-0.613958,0.7879211,-0.260079,0.10889,-0.448096,-0.976309,0.953612,-0.037757,0.453047,0.169419,0.418701,-0.074736,1.007559,0.278356,0.119883,0.338843,-0.259833,-0.588653,-0.029413,0.030274,0.222706,-0.475334,0.038606,-0.105202,0.901546,-0.488653,0.106673,-0.353835,0.053931,0.089124,0.689036,-0.314534,0.034941
-0.006107996,-0.271335,0.94430995,-0.040315002,0.024905,-0.61542606,0.7867689,-0.257859,0.106182,-0.464337,-1.033483,0.988605,-0.037268,0.449566,0.201768,0.427971,-0.137913,1.034928,0.318265,0.149756,0.341574,-0.259451,-0.571889,-0.031737,0.042854,0.227004,-0.470387,0.020251,-0.075302,0.86497,-0.4866,0.094122,-0.352109,0.038764,0.092486,0.693728,-0.321837,0.038164
-0.0043879887,-0.274319,0.94485605,-0.039297,0.026212998,-0.61939,0.78366095,-0.249827,0.108756,-0.478835,-1.098239,1.028634,-0.0372,0.452572,0.231478,0.432621,-0.210299,1.071943,0.368782,0.186513,0.344753,-0.259523,-0.555183,-0.034819,0.056127,0.236066,-0.46075,0.002007,-0.049211,0.832651,-0.448539,0.078897,-0.352042,0.022909,0.098261,0.705133,-0.331855,0.041029
-0.0023110341,-0.27716693,0.94436204,-0.038946003,0.027088987,-0.62523,0.77899706,-0.2375322,0.11761387,-0.49332777,-1.1681019,1.0760833,-0.03772399,0.4665558,0.2522737,0.433762,-0.2885718,1.1210682,0.4277131,0.23046634,0.35353088,-0.259005,-0.5287724,-0.038693946,0.069059804,0.2489108,-0.4547391,-0.018965682,-0.047060035,0.82235914,-0.40753162,0.1312672,-0.35310197,0.011300177,0.10778685,0.72418576,-0.34599578,0.04176999
1.95764e-06,-0.27997398,0.9426471,-0.038982,0.027481994,-0.63350576,0.7722661,-0.22194524,0.13227478,-0.5065418,-1.242595,1.1180394,-0.04100295,0.48219675,0.26191685,0.44957277,-0.37171176,1.1827351,0.5108837,0.28535917,0.37616965,-0.25859803,-0.49486953,-0.044242915,0.0819148,0.2615948,-0.4356833,-0.02616889,-0.033613205,0.81576514,-0.37600848,0.13420096,-0.35545197,0.0054400894,0.124670744,0.7518136,-0.36395273,0.043381974
0.0025760066,-0.282436,0.940192,-0.038413003,0.028307,-0.643983,0.76355,-0.201224,0.146956,-0.520234,-1.313537,1.14923,-0.06235,0.497363,0.263222,0.479411,-0.458953,1.255216,0.627164,0.355998,0.414629,-0.256179,-0.45472,-0.050387,0.097453,0.275519,-0.420266,-0.030564,-0.006896,0.827741,-0.399531,0.119431,-0.365797,-0.00186,0.143498,0.788751,-0.383003,0.042963
0.0050529977,-0.28506297,0.93803304,-0.037967,0.030115,-0.655599,0.753552,-0.179574,0.160426,-0.532045,-1.371121,1.172376,-0.121633,0.520016,0.272305,0.515462,-0.543926,1.331828,0.772123,0.452899,0.459915,-0.24569,-0.398509,-0.051789,0.117335,0.288963,-0.407962,-0.041523,0.016293,0.827042,-0.389023,0.124729,-0.416306,-0.003365,0.188198,0.883254,-0.366068,0.059323
0.007377968,-0.28783798,0.936582,-0.036193028,0.034129933,-0.6675848,0.7428701,-0.15518737,0.16242297,-0.5473438,-1.4168584,1.1927056,-0.20906067,0.55535746,0.28912073,0.54852754,-0.6276267,1.4066658,0.908089,0.58069,0.49398047,-0.2267063,-0.31723824,-0.05377597,0.1367557,0.2968579,-0.39822316,-0.04619193,0.051574465,0.82376707,-0.38596004,0.12134705,-0.50931466,0.011776769,0.26133487,1.0245979,-0.28280425,0.09905939
0.009992965,-0.29102895,0.9353211,-0.031635072,0.039727915,-0.6798428,0.73159814,-0.13124837,0.15203615,-0.5683437,-1.4558734,1.2126647,-0.31087944,0.6018303,0.3140546,0.5759886,-0.71838963,1.4764699,1.0285531,0.7291517,0.5003629,-0.21830411,-0.23767821,-0.06451584,0.15330875,0.30223492,-0.38666818,-0.047204986,0.0911024,0.826153,-0.39298192,0.121596,-0.61797035,0.03998957,0.3348709,1.1862485,-0.122941434,0.18101275
0.013413949,-0.29455593,0.933147,-0.026952071,0.04335395,-0.6941288,0.71803826,-0.097893514,0.1395282,-0.59011567,-1.4874605,1.2207788,-0.4166024,0.6516522,0.34908047,0.58933777,-0.8053877,1.5171334,1.1406703,0.929167,0.4794983,-0.25094053,-0.20767444,-0.07365686,0.16652279,0.31467783,-0.37679616,-0.049128972,0.12615347,0.83895975,-0.40984374,0.13016388,-0.7133265,0.07678444,0.398023,1.317766,0.0800659,0.24499501
0.016929999,-0.298465,0.931664,-0.022094,0.047574997,-0.704431,0.707831,-0.071743,0.125928,-0.619648,-1.51239,1.246303,-0.529835,0.709579,0.401861,0.599678,-0.885789,1.518222,1.222206,1.161871,0.453293,-0.297544,-0.228388,-0.082668,0.176113,0.319798,-0.371087,-0.053421,0.149587,0.850387,-0.425542,0.145324,-0.812886,0.109725,0.432826,1.458447,0.065107,0.248696
0.020206947,-0.30214694,0.930527,-0.017261073,0.05167894,-0.71075195,0.7013292,-0.055199254,0.11380519,-0.65489244,-1.517879,1.2772987,-0.662946,0.7532783,0.45308623,0.58731526,-0.9663018,1.518304,1.2699401,1.361706,0.4416752,-0.33153448,-0.26410645,-0.09342583,0.18497287,0.31877002,-0.36312512,-0.058722917,0.17297365,0.8564059,-0.43758282,0.15457687,-0.9115535,0.15312833,0.4721614,1.5979629,0.060295075,0.26012582
0.023711942,-0.30625394,0.93008494,0.012416071,-0.05469396,0.714754,-0.6971241,-0.04523615,0.10542013,-0.6917965,-1.518187,1.3102844,-0.7887091,0.7989353,0.4946994,0.56200534,-1.040098,1.518335,1.2924497,1.5262065,0.43289912,-0.35422766,-0.30609435,-0.1061708,0.18225203,0.31758,-0.3575171,-0.052483097,0.18640679,0.8668148,-0.4519858,0.15786794,-0.9987996,0.20646219,0.49674964,1.7176852,0.045314226,0.25323808
0.02662595,-0.31031394,0.929823,0.009300047,-0.056190975,0.7188389,-0.692839,-0.033842172,0.10292604,-0.72411555,-1.518254,1.3319647,-0.8930334,0.84382737,0.51848567,0.5293535,-1.1056259,1.518354,1.2994779,1.6585059,0.40422046,-0.3600989,-0.3448854,-0.11374288,0.17988604,0.32168093,-0.3508601,-0.048300065,0.19412088,0.87305987,-0.4633288,0.158165,-1.0780998,0.25541127,0.5126458,1.8175554,0.008531561,0.24133718
0.029575918,-0.31452188,0.929827,0.0069160718,-0.056788977,0.72254086,-0.68895704,-0.024155295,0.10217902,-0.7489643,-1.518285,1.3399258,-0.9819773,0.87164015,0.5266517,0.50254786,-1.1615644,1.518364,1.2986401,1.7624779,0.37143302,-0.35912102,-0.38724068,-0.121747755,0.17481914,0.32734683,-0.34161428,-0.04083123,0.19850886,0.8791238,-0.4751426,0.15748201,-1.146295,0.29834569,0.5179098,1.8955296,-0.027897889,0.23042832
0.03188202,-0.31857905,0.9294009,0.005571,-0.05652898,0.72484607,-0.6865649,-0.018930953,0.10789017,-0.7701172,-1.518301,1.3463831,-1.055529,0.88558495,0.5265319,0.49317294,-1.2090145,1.518369,1.2915859,1.8403778,0.3567019,-0.35542706,-0.4136733,-0.12764002,0.16984394,0.33154708,-0.33385688,-0.033876937,0.19972296,0.8873171,-0.4873452,0.15604597,-1.2068279,0.3326464,0.5179219,1.9529836,-0.05772331,0.22543994
0.033854,-0.322753,0.928558,0.0055879997,-0.055186998,0.726101,-0.685347,-0.015866,0.118761,-0.786228,-1.518309,1.351578,-1.11358,0.884588,0.519263,0.489539,-1.241163,1.518372,1.278655,1.896235,0.351923,-0.35866,-0.432923,-0.129457,0.165977,0.337034,-0.326886,-0.029795,0.197149,0.896028,-0.49964,0.154627,-1.258738,0.356942,0.516784,1.991613,-0.077807,0.221302
0.03519,-0.326867,0.927451,0.0064859996,-0.053168,0.726066,-0.685536,-0.016794,0.132311,-0.798517,-1.518311,1.358327,-1.155711,0.879233,0.508277,0.488363,-1.257431,1.518371,1.265687,1.930985,0.347971,-0.368775,-0.451646,-0.129203,0.162719,0.341262,-0.320632,-0.026706,0.192035,0.905307,-0.511646,0.152962,-1.299272,0.370111,0.514706,2.010561,-0.089496,0.225516
0.036019992,-0.330831,0.92592895,0.008421,-0.050588,0.725071,-0.686762,-0.019419,0.148656,-0.805893,-1.518308,1.365672,-1.183541,0.872896,0.496606,0.488442,-1.2552,1.518368,1.2518,1.948004,0.352853,-0.373876,-0.458774,-0.128162,0.159901,0.343262,-0.314174,-0.022684,0.185335,0.917011,-0.524984,0.150968,-1.32497,0.378299,0.513743,2.011173,-0.089374,0.234627
0.03668901,-0.33452305,0.92439294,0.01069504,-0.047092944,0.72383887,-0.688277,-0.022924084,0.16621529,-0.8052209,-1.518299,1.369855,-1.196082,0.86919796,0.4813297,0.4941041,-1.2368125,1.518363,1.2400888,1.9475038,0.36921445,-0.3757591,-0.45784593,-0.127059,0.15779196,0.34399,-0.30374584,-0.019108925,0.18124992,0.9260652,-0.5374642,0.14795893,-1.3357419,0.3798029,0.5156441,1.9973176,-0.08254388,0.23847306
0.037078,-0.3382,0.922666,0.013244,-0.043261003,0.72193,-0.690486,-0.028466,0.184618,-0.797515,-1.518282,1.369864,-1.192616,0.866931,0.460137,0.500238,-1.201345,1.518355,1.230048,1.932198,0.398965,-0.380332,-0.453583,-0.126614,0.15492,0.343211,-0.292672,-0.014224,0.175905,0.936408,-0.550723,0.144158,-1.330724,0.373574,0.518168,1.968246,-0.074833,0.242619
0.037575003,-0.341775,0.921032,0.016347,-0.038382996,0.72016907,-0.692543,-0.031981,0.204001,-0.779847,-1.518252,1.364403,-1.172173,0.860724,0.430669,0.509163,-1.149841,1.518343,1.220895,1.902329,0.436728,-0.384347,-0.443747,-0.124848,0.152482,0.340997,-0.277811,-0.009473,0.174356,0.943038,-0.562687,0.139274,-1.31075,0.362113,0.523379,1.926261,-0.067449,0.239161
0.037984006,-0.345404,0.91934305,0.020076,-0.033182,0.71779895,-0.6951689,-0.034609,0.224523,-0.756875,-1.51819,1.358182,-1.133536,0.848622,0.395984,0.523591,-1.083379,1.51832,1.209257,1.856556,0.48091,-0.387376,-0.430312,-0.122375,0.151373,0.337994,-0.261071,-0.006617,0.172197,0.948079,-0.574111,0.136297,-1.27651,0.340203,0.529071,1.871325,-0.063555,0.235371
0.03867599,-0.3489559,0.917876,0.024275932,-0.02727309,0.715593,-0.6975619,-0.03595998,0.2447327,-0.7291264,-1.51797,1.3516592,-1.0744759,0.8346892,0.36811844,0.54851365,-1.0070312,1.518273,1.1925433,1.793592,0.52889127,-0.38525403,-0.41499424,-0.119042054,0.15069002,0.33590803,-0.2408493,-0.0048320275,0.171483,0.949659,-0.5843038,0.137016,-1.2283777,0.31021646,0.5335069,1.8019761,-0.056346107,0.23169006
0.03956,-0.35257998,0.916618,0.029012002,-0.020974,0.71284205,-0.70040995,-0.038001,0.260093,-0.700343,-1.514805,1.350519,-0.99762,0.816867,0.347227,0.579262,-0.919734,1.518081,1.166237,1.710705,0.583371,-0.376496,-0.401034,-0.11451,0.151818,0.334069,-0.217067,-0.006937,0.170223,0.945653,-0.592119,0.134557,-1.168251,0.267506,0.535472,1.71754,-0.044915,0.23124
0.040856995,-0.35647,0.915578,0.034448,-0.014028,0.709288,-0.70393705,-0.039027,0.270476,-0.670159,-1.49199,1.356727,-0.925139,0.790287,0.328517,0.610078,-0.825845,1.505918,1.129037,1.616084,0.637935,-0.361762,-0.384197,-0.107159,0.153244,0.333255,-0.192289,-0.011819,0.16704,0.938079,-0.59852,0.13487,-1.100731,0.213975,0.530988,1.619205,-0.02378,0.231654
0.042559,-0.360644,0.915054,-0.040119,0.0072680004,-0.705985,0.707052,-0.036666,0.266167,-0.636583,-1.450559,1.363053,-0.856034,0.763044,0.312586,0.618617,-0.728823,1.444706,1.089973,1.541471,0.666955,-0.347932,-0.371863,-0.098561,0.157192,0.335652,-0.164781,-0.020679,0.163102,0.923887,-0.601552,0.136264,-1.027614,0.148531,0.516593,1.507729,-0.004624,0.221147
0.04516896,-0.36585993,0.915532,-0.044867925,0.0005041032,-0.7002951,0.71244186,-0.03734499,0.24210937,-0.59820557,-1.4145136,1.3528981,-0.7635294,0.73710734,0.30296215,0.60915214,-0.62288666,1.3669271,1.0339359,1.4618262,0.68203074,-0.3348802,-0.370828,-0.08724417,0.15673302,0.335866,-0.1395284,-0.031625833,0.15498112,0.90387034,-0.603246,0.14138992,-0.9552331,0.07181217,0.4827725,1.3847239,0.012737734,0.19978732
0.04803396,-0.3719959,0.91661394,-0.04912794,-0.0071628834,-0.6921861,0.72000986,-0.042155925,0.19982164,-0.55385864,-1.3879423,1.3138705,-0.6413109,0.6998476,0.28729725,0.5999851,-0.5062887,1.2896852,0.9500563,1.3620986,0.68657196,-0.31630027,-0.38042086,-0.07287823,0.15307005,0.33256406,-0.11428939,-0.043935813,0.14471216,0.87753636,-0.600886,0.14648093,-0.8807182,-0.017392641,0.41919395,1.250703,0.020373883,0.16606252
0.050860003,-0.380067,0.918536,-0.05392,-0.011815001,-0.68074,0.730443,-0.047151,0.12315,-0.507791,-1.358855,1.238336,-0.516485,0.65321,0.255844,0.598861,-0.36888,1.219804,0.820227,1.250432,0.683238,-0.290298,-0.413958,-0.060681,0.153678,0.319075,-0.085416,-0.055719,0.136777,0.842466,-0.595099,0.150331,-0.798871,-0.111374,0.32094,1.108484,0.037443,0.136602
0.053095,-0.391146,0.9225281,-0.055359,-0.012101002,-0.663531,0.745999,-0.067005,-0.001354,-0.464021,-1.323167,1.13423,-0.418005,0.631103,0.227738,0.60603,-0.214289,1.161569,0.643175,1.125935,0.657934,-0.261349,-0.470396,-0.056098,0.152325,0.286685,-0.052694,-0.064884,0.134829,0.791455,-0.581376,0.150156,-0.7073,-0.200805,0.183403,0.960056,0.08441,0.1159
0.05595996,-0.40280783,0.92596793,-0.05547399,-0.01539895,-0.65247226,0.75562274,-0.0737549,-0.11890221,-0.40357092,-1.2615579,1.010024,-0.36690778,0.6286601,0.2206681,0.6113379,-0.09376484,1.1202548,0.4869384,0.96418244,0.59488297,-0.2364474,-0.5254451,-0.04794413,0.14296214,0.2681593,-0.019045515,-0.06592499,0.13664196,0.74290776,-0.57247615,0.14753205,-0.60694456,-0.26527202,0.027858373,0.8261441,0.14721803,0.084561475
0.057936963,-0.4159718,0.929327,-0.053349037,-0.018549947,-0.64338815,0.76345396,-0.0803599,-0.22553837,-0.33508503,-1.1811042,0.90878654,-0.35758314,0.6406118,0.21660405,0.6023232,0.011643392,1.0819336,0.355368,0.80635345,0.5471987,-0.21103339,-0.5657274,-0.034947198,0.12386029,0.24640934,0.0028266665,-0.055581156,0.14453588,0.70012164,-0.56531614,0.13767515,-0.53487206,-0.28969166,-0.103197,0.75158215,0.07402912,0.061116356
0.058567986,-0.4303138,0.93147,-0.050946034,-0.021327956,-0.6360221,0.7696919,-0.08831088,-0.3023458,-0.26244414,-1.0930443,0.83641416,-0.357887,0.64483494,0.21926396,0.59884006,0.11097149,1.0426766,0.26585138,0.67129904,0.5289683,-0.19265229,-0.60793734,-0.023208179,0.10567528,0.22749628,0.023473686,-0.04083723,0.15365386,0.66555053,-0.56285006,0.1246452,-0.4512593,-0.28316808,-0.19915853,0.66313434,-0.025361484,0.06355596
0.058975,-0.44393498,0.933026,-0.048174,-0.023324002,-0.63142806,0.773585,-0.096487,-0.313417,-0.190263,-1.013278,0.765782,-0.345686,0.624241,0.222484,0.599574,0.194985,1.004175,0.220136,0.554724,0.533279,-0.191158,-0.628584,-0.007708,0.089462,0.213361,0.03284,-0.028001,0.161641,0.638727,-0.56208,0.113825,-0.422087,-0.267525,-0.222983,0.624824,-0.07706,0.062959
0.059755992,-0.4556398,0.93500507,-0.044590052,-0.023417,-0.6293491,0.7754889,-0.09849997,-0.31379896,-0.11491715,-0.94529504,0.6807983,-0.33527416,0.5937775,0.22031303,0.6071399,0.26066202,0.9686285,0.19662435,0.45313954,0.53355,-0.19985387,-0.6232651,0.0052098026,0.07540321,0.20186716,0.038181923,-0.017691156,0.17226985,0.61112046,-0.55761105,0.106581114,-0.43346182,-0.2540282,-0.22061603,0.6315079,-0.09338775,0.05792908
0.061082974,-0.46587282,0.93665695,-0.04037207,-0.021916024,-0.631567,0.77395904,-0.09010713,-0.313882,-0.024517378,-0.8859059,0.57783955,-0.34551585,0.5745993,0.22268297,0.6132579,0.30912927,0.94128144,0.16202052,0.37297022,0.49679357,-0.20538293,-0.62232304,0.012345891,0.06347718,0.19806506,0.04517889,-0.008274144,0.18675478,0.58615035,-0.5539641,0.0996401,-0.4451678,-0.23963423,-0.21960701,0.64064986,-0.108986765,0.04680517
0.06328796,-0.47451591,0.938245,-0.035773072,-0.019870032,-0.6369199,0.7698431,-0.076906204,-0.313913,0.06810559,-0.8445476,0.47638354,-0.35663083,0.57084805,0.22846991,0.612519,0.34533542,0.91649735,0.12572455,0.3195828,0.4708694,-0.2114739,-0.62373793,0.013282985,0.05296416,0.198118,0.06028377,-0.0011791082,0.20975564,0.55634445,-0.54812914,0.09141013,-0.4513419,-0.22488423,-0.21396409,0.6448779,-0.119967826,0.035500176
0.06541394,-0.48201376,0.9395009,-0.031760123,-0.017467076,-0.6421048,0.76575917,-0.06502537,-0.313922,0.14487265,-0.8184318,0.38830468,-0.35564402,0.5618252,0.23244388,0.6063172,0.37567806,0.8949727,0.090018086,0.28475004,0.47128597,-0.21720982,-0.61609524,0.01129706,0.04449526,0.19648907,0.07950641,0.004268834,0.2359932,0.525655,-0.54193825,0.08408023,-0.45423892,-0.21010447,-0.20156138,0.6460099,-0.12806676,0.032968078
0.06718797,-0.48874593,0.940274,-0.029134037,-0.015100037,-0.64598686,0.76264215,-0.059971076,-0.313908,0.2026481,-0.8011423,0.32206202,-0.34759212,0.54673624,0.23542996,0.60995996,0.4024636,0.87804025,0.055929523,0.2588504,0.47806087,-0.22038095,-0.6096171,0.011544996,0.039666075,0.19537601,0.09484277,0.0072589545,0.2567667,0.49875942,-0.5357931,0.07674911,-0.45930794,-0.19976215,-0.18974517,0.65031195,-0.13696587,0.034259982
0.068151996,-0.49500793,0.940914,-0.027646022,-0.0123620415,-0.64780694,0.76120204,-0.060335997,-0.313874,0.23996043,-0.7875482,0.28145364,-0.33775416,0.5346362,0.23892294,0.61652887,0.42638063,0.86646515,0.026835443,0.23555535,0.47503304,-0.21943001,-0.60039014,0.013632968,0.04008499,0.195532,0.1078468,0.006530011,0.2705068,0.47114342,-0.5277901,0.070231095,-0.46624088,-0.19701704,-0.18384409,0.65821284,-0.14735784,0.03609797
0.068525,-0.500916,0.94157207,-0.026856,-0.009291002,-0.64763796,0.7614179,-0.067186,-0.313823,0.259091,-0.776573,0.259413,-0.326236,0.526198,0.243106,0.623454,0.448787,0.859381,0.008069,0.214002,0.468876,-0.218812,-0.583884,0.016142,0.044621,0.194264,0.122316,0.002007,0.281503,0.438341,-0.516058,0.064625,-0.473992,-0.199042,-0.179615,0.668115,-0.158507,0.036558
0.068583,-0.5063851,0.94213295,-0.025786977,-0.0057189353,-0.64656895,0.762398,-0.074958086,-0.313754,0.264556,-0.7690979,0.24177988,-0.31592584,0.5156139,0.24342403,0.624761,0.46602413,0.85475194,-0.010939247,0.19542973,0.45964792,-0.22097206,-0.57544386,0.018206019,0.04894608,0.19349699,0.13082407,-0.0009140607,0.28719908,0.4124517,-0.50619286,0.05892693,-0.4829022,-0.20168804,-0.17770392,0.6786032,-0.16962019,0.036884006
0.06858401,-0.51138806,0.942472,-0.024262963,-0.0014799394,-0.64611197,0.7628549,-0.080817066,-0.31363198,0.2630978,-0.7638459,0.23455414,-0.3071358,0.51133597,0.24560101,0.6260881,0.47403696,0.8513569,-0.027074149,0.17821172,0.4525549,-0.22463204,-0.56825596,0.019398002,0.05384305,0.19237094,0.13563307,-0.0048930612,0.2922071,0.3916327,-0.49901992,0.054229937,-0.49513918,-0.20363599,-0.17178284,0.6916882,-0.18145916,0.037268043
0.06871701,-0.516004,0.942643,-0.022219,0.002504,-0.64599,0.76301795,-0.085537,-0.313408,0.25087,-0.761348,0.244329,-0.293385,0.508755,0.246564,0.627438,0.473249,0.846349,-0.036883,0.1595,0.447532,-0.227594,-0.562599,0.019541,0.057274,0.188771,0.140009,-0.008906,0.299114,0.373224,-0.492987,0.049978,-0.507405,-0.203399,-0.161064,0.70367,-0.192009,0.040009
0.068885,-0.520735,0.94232893,-0.01992,0.0069920006,-0.64708596,0.762125,-0.08909,-0.31278,0.237852,-0.759233,0.259307,-0.281558,0.499113,0.24689,0.631795,0.462641,0.839458,-0.036709,0.1415,0.441621,-0.229062,-0.552724,0.019806,0.062408,0.184449,0.142736,-0.015325,0.30951,0.357893,-0.489401,0.045759,-0.525308,-0.203331,-0.145592,0.720909,-0.204301,0.043769
0.069211,-0.525583,0.94170296,-0.017757,0.011189,-0.64886695,0.760613,-0.091928,-0.310219,0.220554,-0.75953,0.274305,-0.269111,0.48596,0.247377,0.635022,0.445414,0.83094,-0.026612,0.125868,0.435261,-0.229081,-0.541967,0.018922,0.068116,0.180428,0.148108,-0.022572,0.322804,0.342611,-0.486604,0.040634,-0.543711,-0.201478,-0.126077,0.741472,-0.218199,0.04321
0.06962699,-0.5306829,0.940641,-0.015373037,0.014923942,-0.65123993,0.7585691,-0.094603956,-0.2985032,0.19934033,-0.7629699,0.2867848,-0.25737917,0.4754592,0.24776399,0.63923895,0.42192137,0.8217912,-0.010711243,0.11402718,0.42724812,-0.22861901,-0.5311972,0.018461008,0.07388592,0.17557408,0.15402591,-0.03221485,0.33777675,0.3282282,-0.485393,0.036978055,-0.5643567,-0.19914503,-0.102496356,0.76503664,-0.23331876,0.04403599
0.07018901,-0.536151,0.93953604,-0.013532001,0.017964,-0.65426105,0.75593495,-0.098951,-0.268971,0.174979,-0.768584,0.300589,-0.247081,0.458931,0.244428,0.652025,0.391782,0.813224,0.010634,0.10525,0.419147,-0.227368,-0.520119,0.017493,0.07595,0.171454,0.160903,-0.035667,0.354938,0.318376,-0.487077,0.03187,-0.579214,-0.190626,-0.082032,0.785886,-0.24857,0.041605
0.07098301,-0.541767,0.93832195,-0.011447,0.019778,-0.6579131,0.752747,-0.102245,-0.227351,0.138012,-0.783398,0.313697,-0.22298,0.431824,0.24134,0.653153,0.351596,0.804346,0.040819,0.095921,0.412521,-0.227111,-0.504757,0.016854,0.072559,0.166783,0.165786,-0.034108,0.373072,0.316074,-0.492976,0.025971,-0.58999,-0.176678,-0.06397,0.803593,-0.262907,0.039236
0.072166994,-0.547452,0.9371489,-0.009663,0.020735001,-0.662785,0.7484601,-0.103137,-0.179835,0.090899,-0.808059,0.316977,-0.184531,0.382126,0.231201,0.645621,0.295581,0.796962,0.085193,0.085185,0.404446,-0.223934,-0.476116,0.016358,0.067259,0.16163,0.178276,-0.033571,0.399699,0.303713,-0.494945,0.019618,-0.597179,-0.15891,-0.044901,0.818902,-0.276369,0.034771
0.073430985,-0.5531739,0.935728,-0.008257021,0.021159993,-0.66837496,0.7434782,-0.10105903,-0.13031776,0.03063792,-0.84164554,0.31250906,-0.13085482,0.3109911,0.21505426,0.62940925,0.22176014,0.79425406,0.15131998,0.06961523,0.39528316,-0.23376285,-0.44408152,0.014362031,0.060094107,0.1549191,0.18932584,-0.029336065,0.42907456,0.30150005,-0.5023799,0.0130491,-0.60020393,-0.13664834,-0.025628295,0.8340468,-0.2904478,0.029836077
0.07481698,-0.5586289,0.9339471,-0.0076170107,0.020841004,-0.6752379,0.7372661,-0.0942651,-0.079430774,-0.03507,-0.88436735,0.29713723,-0.07376687,0.22749826,0.20388016,0.6153042,0.1295454,0.8002729,0.2503205,0.058188174,0.3810712,-0.25521368,-0.4112225,0.012480029,0.051106136,0.14559415,0.19463792,-0.020184139,0.46093652,0.31609777,-0.5181978,0.005719112,-0.600526,-0.10732245,-0.002580352,0.8487798,-0.30428478,0.023848092
0.07633,-0.564337,0.931683,-0.007611,0.019928,-0.68491805,0.72830796,-0.080239,-0.027561,-0.085326,-0.9314,0.270812,-0.045855,0.140766,0.208794,0.623284,0.021188,0.819384,0.393522,0.059754,0.364834,-0.285414,-0.385987,0.007604,0.04142,0.14007,0.199702,-0.006511,0.494927,0.343563,-0.540307,-0.00694,-0.594602,-0.075911,0.01797,0.866153,-0.321042,0.017375
0.07732101,-0.57051,0.92991906,-0.008769,0.018145002,-0.69594306,0.717814,-0.06219,0.02417,-0.125439,-0.984417,0.274415,-0.041705,0.090097,0.228381,0.663741,-0.093804,0.858052,0.56235,0.077736,0.353799,-0.305763,-0.372511,0.001396,0.033909,0.132971,0.196069,0.013643,0.524788,0.404462,-0.558037,-0.018954,-0.580043,-0.042043,0.041824,0.878086,-0.335738,0.011042
0.077553004,-0.57720506,0.928849,-0.011227,0.015781,-0.7062,0.7077469,-0.045292,0.073107,-0.169842,-1.044989,0.308224,-0.041741,0.081976,0.249257,0.690905,-0.203651,0.916176,0.714227,0.111268,0.352059,-0.305783,-0.375255,-0.005693,0.032088,0.12135,0.180909,0.038247,0.538357,0.505474,-0.558396,-0.028376,-0.55839,-0.011329,0.068761,0.886882,-0.349868,0.001975
0.076679006,-0.584155,0.9290549,0.013834,-0.014265,0.7147431,-0.69910395,-0.031547,0.113066,-0.217909,-1.11183,0.367885,-0.045375,0.095491,0.254323,0.685452,-0.30012,0.990151,0.807551,0.161168,0.363861,-0.2914,-0.389387,-0.012393,0.029794,0.104933,0.146549,0.075577,0.531018,0.638223,-0.534011,-0.037284,-0.530902,0.019858,0.090002,0.882922,-0.357351,-0.006553
0.07468106,-0.59126276,0.92998207,0.016253928,-0.0137340175,0.7212258,-0.6923732,-0.021968292,0.14077316,-0.26903945,-1.1841979,0.43212205,-0.055975676,0.12307316,0.24032643,0.6545969,-0.37562767,1.0732694,0.8325492,0.2361857,0.3939001,-0.2644378,-0.41412327,-0.018735806,0.028287046,0.087385535,0.07840608,0.12072163,0.47746965,0.8122037,-0.46746302,-0.026042342,-0.5021529,0.049333103,0.107226476,0.8729923,-0.36143488,-0.017934652
0.072157994,-0.598025,0.931042,0.01693,-0.014655999,0.726394,-0.686914,-0.017185,0.154005,-0.318146,-1.257511,0.490815,-0.082305,0.16118,0.228498,0.629167,-0.433805,1.154956,0.825213,0.346904,0.437575,-0.229715,-0.43077,-0.025511,0.023695,0.073619,-0.031617,0.16034,0.369435,1.009479,-0.340394,0.011105,-0.477786,0.077305,0.117969,0.860319,-0.362528,-0.029487
0.06998201,-0.604181,0.93174005,0.015717002,-0.016921999,0.7318721,-0.68105096,-0.011993,0.156221,-0.361621,-1.326446,0.556001,-0.131095,0.212223,0.210321,0.609858,-0.483536,1.226664,0.836283,0.498478,0.483621,-0.204004,-0.435334,-0.032653,0.017972,0.071134,-0.167664,0.165939,0.212562,1.181899,-0.158193,0.040785,-0.461888,0.101624,0.12457,0.851402,-0.363779,-0.04154
0.068432,-0.609726,0.931863,0.0127840005,-0.020026999,0.7372941,-0.675154,-0.003506,0.15225,-0.405422,-1.389032,0.641872,-0.193761,0.282841,0.215017,0.608434,-0.533455,1.287791,0.880803,0.673093,0.521423,-0.203687,-0.458763,-0.041355,0.01683,0.075688,-0.30002,0.140814,0.075972,1.348296,-0.158694,0.024065,-0.455872,0.114947,0.131943,0.854439,-0.370253,-0.050244
0.06845799,-0.6140619,0.93139297,0.009138113,-0.019827008,0.7476737,-0.66370744,0.020510267,0.1495781,-0.44108889,-1.4379846,0.73663616,-0.2689727,0.3610086,0.23161149,0.61428285,-0.60852665,1.3476362,0.97280717,0.84047496,0.54499626,-0.22012149,-0.4787064,-0.047098827,0.011414165,0.10338916,-0.43573385,0.0984583,-0.04585228,1.5196197,-0.20796749,0.016901217,-0.4526901,0.12179579,0.13457091,0.86117774,-0.37871873,-0.054776862
0.067761004,-0.6190148,0.931988,0.004280149,-0.02393288,0.7518629,-0.65887135,0.027095798,0.13835435,-0.48910955,-1.4816186,0.8374759,-0.34936953,0.44474146,0.26620394,0.6248267,-0.6701292,1.3872008,1.0432699,1.0326042,0.58219486,-0.25736684,-0.4820709,-0.05561474,0.0147199,0.11667659,-0.5707769,0.031064056,-0.15234776,1.6723593,-0.22662243,0.015239052,-0.45478195,0.120524034,0.13700493,0.86744183,-0.38678578,-0.05771291
0.067242,-0.62422,0.93244404,-0.0011899997,-0.028188,0.755019,-0.655096,0.03066,0.124401,-0.531158,-1.509061,0.924785,-0.453264,0.513859,0.307767,0.615651,-0.734185,1.422558,1.10022,1.222797,0.619952,-0.302166,-0.468976,-0.062861,0.018597,0.128229,-0.697073,-0.044679,-0.235042,1.8038,-0.244521,-0.000574,-0.461605,0.113109,0.136478,0.877139,-0.396843,-0.058615
0.067139,-0.629616,0.932236,-0.0060020005,-0.032127,0.757639,-0.65185493,0.034794,0.111592,-0.563164,-1.516591,0.980381,-0.58564,0.55327,0.35086,0.598161,-0.797572,1.458713,1.139415,1.396516,0.63885,-0.336779,-0.454642,-0.067322,0.024487,0.136794,-0.814985,-0.124067,-0.294255,1.912674,-0.256667,-0.01176,-0.472727,0.106647,0.142591,0.893008,-0.409454,-0.058905
0.06792998,-0.6353868,0.931243,-0.010492863,-0.0353459,0.7601229,-0.648732,0.038602885,0.10055634,-0.5913621,-1.5178459,1.0208088,-0.7193189,0.5786802,0.38543493,0.58556336,-0.8575891,1.4943228,1.1629943,1.5470735,0.638218,-0.35827133,-0.44353536,-0.072806835,0.028173886,0.14046489,-0.9205978,-0.1957878,-0.3343838,1.9990144,-0.27332148,-0.026049564,-0.48168272,0.10403708,0.15266669,0.9125374,-0.42486852,-0.05803303
0.06991201,-0.641395,0.929813,-0.014271002,-0.037154,0.762821,-0.64538395,0.04441,0.093874,-0.618768,-1.518077,1.053145,-0.839201,0.604305,0.420252,0.577824,-0.914822,1.515669,1.178928,1.680365,0.620959,-0.371917,-0.430463,-0.078561,0.029753,0.137805,-1.011199,-0.255381,-0.358835,2.060843,-0.296771,-0.038554,-0.486506,0.103692,0.167042,0.932949,-0.441615,-0.056374
0.072704,-0.648062,0.928201,-0.016885,-0.03797,0.766206,-0.64124995,0.051393,0.090923,-0.645196,-1.518156,1.082687,-0.940374,0.632869,0.454581,0.563355,-0.968202,1.518061,1.192276,1.789259,0.592138,-0.387089,-0.407073,-0.083065,0.029082,0.131975,-1.088172,-0.300266,-0.375722,2.097577,-0.319987,-0.048105,-0.486473,0.107203,0.183433,0.950255,-0.457868,-0.05219
0.075738,-0.654884,0.926552,-0.018778002,-0.037933003,0.770446,-0.63609904,0.061429,0.089475,-0.668631,-1.518185,1.103017,-1.025729,0.655345,0.4822,0.546229,-1.008498,1.518184,1.200091,1.866403,0.574135,-0.392254,-0.446203,-0.086472,0.027128,0.124186,-1.153182,-0.331954,-0.390046,2.113438,-0.342354,-0.049759,-0.483881,0.113646,0.201943,0.965467,-0.47294,-0.048734
0.078480005,-0.662058,0.925005,-0.020121,-0.037524,0.774807,-0.630763,0.073142,0.087623,-0.687702,-1.518192,1.116105,-1.095625,0.667561,0.49707,0.531262,-1.0413,1.518241,1.205981,1.914687,0.559454,-0.395364,-0.459846,-0.090071,0.026227,0.116264,-1.203365,-0.353128,-0.40234,2.107988,-0.362298,-0.042125,-0.477773,0.119395,0.220701,0.979282,-0.488417,-0.045176
0.081173,-0.669497,0.92349,-0.020768002,-0.036168,0.77960104,-0.624886,0.085908,0.08641,-0.700797,-1.518181,1.121835,-1.149635,0.667424,0.497237,0.518371,-1.06218,1.518266,1.209812,1.939015,0.547968,-0.396653,-0.468909,-0.090996,0.025487,0.109562,-1.23988,-0.364898,-0.412925,2.083878,-0.376531,-0.030945,-0.470965,0.123634,0.239545,0.991858,-0.503849,-0.040598
0.083861,-0.677085,0.922152,-0.020739,-0.034171,0.784629,-0.618675,0.09934,0.08679,-0.708784,-1.518144,1.124953,-1.18361,0.660771,0.484849,0.511336,-1.070898,1.518269,1.213659,1.940669,0.549944,-0.393525,-0.472456,-0.091156,0.02596,0.104659,-1.258242,-0.370601,-0.423167,2.04041,-0.384326,-0.02207,-0.46128,0.124916,0.257665,1.002516,-0.519462,-0.034904
0.086968,-0.684915,0.921067,-0.01987,-0.031217001,0.79033905,-0.611552,0.114454,0.089404,-0.711305,-1.518028,1.127824,-1.192585,0.650976,0.459711,0.515443,-1.06472,1.518252,1.21571,1.921217,0.567299,-0.388049,-0.469482,-0.08965,0.027934,0.101794,-1.257101,-0.37292,-0.434591,1.977409,-0.382498,-0.02297,-0.448989,0.121659,0.275806,1.011,-0.535287,-0.028443
0.09042199,-0.693074,0.920421,-0.018406998,-0.027764998,0.7966111,-0.60357404,0.13067,0.092297,-0.708771,-1.517289,1.131912,-1.176309,0.642988,0.429944,0.529071,-1.046837,1.5182,1.216388,1.883837,0.58796,-0.378731,-0.456709,-0.087418,0.030326,0.100496,-1.237106,-0.369886,-0.449141,1.897718,-0.380078,-0.028035,-0.432941,0.115777,0.293751,1.0146,-0.549679,-0.019409
0.094109,-0.701598,0.919925,-0.016557,-0.023347998,0.8030721,-0.595194,0.147927,0.096302,-0.700214,-1.506584,1.139498,-1.142531,0.632964,0.400085,0.551221,-1.01727,1.51797,1.211684,1.824572,0.60918,-0.362619,-0.440516,-0.084188,0.032241,0.099509,-1.198753,-0.361706,-0.466813,1.800649,-0.377295,-0.03619,-0.414397,0.106926,0.311177,1.015675,-0.563956,-0.010196
0.098085,-0.710266,0.919745,-0.014231,-0.017710002,0.80960196,-0.58653903,0.167764,0.101948,-0.68296,-1.471956,1.147687,-1.108434,0.61835,0.368518,0.558848,-0.980282,1.510455,1.202689,1.746136,0.630271,-0.337137,-0.42523,-0.079598,0.031656,0.096562,-1.144754,-0.344276,-0.487636,1.687667,-0.37432,-0.047382,-0.392726,0.098018,0.329377,1.011845,-0.575954,-0.00141
0.101909995,-0.719131,0.9197,-0.011632,-0.010906001,0.816011,-0.5778171,0.187966,0.107681,-0.655163,-1.425215,1.148298,-1.062697,0.600829,0.3433,0.546607,-0.937278,1.468611,1.191723,1.667193,0.623374,-0.306658,-0.425306,-0.075031,0.0283,0.093056,-1.076285,-0.318546,-0.510532,1.560741,-0.370868,-0.049103,-0.366991,0.088322,0.345472,1.003811,-0.586644,0.007574
0.105658,-0.72795,0.919991,-0.008466001,-0.002963,0.822397,-0.56884295,0.209613,0.112936,-0.61262,-1.37389,1.127188,-0.994015,0.573927,0.332385,0.520119,-0.891099,1.415241,1.176391,1.567491,0.596732,-0.274283,-0.426491,-0.068939,0.02252,0.084457,-0.99736,-0.276917,-0.526094,1.419033,-0.369937,-0.045284,-0.339128,0.080554,0.365823,0.990854,-0.593815,0.016712
0.10901199,-0.736893,0.920484,-0.005042,0.005683,0.82867897,-0.5596731,0.233183,0.114356,-0.558802,-1.320461,1.082697,-0.899232,0.531225,0.327609,0.4848,-0.843696,1.365325,1.15382,1.434584,0.56579,-0.242769,-0.426523,-0.063328,0.013954,0.071092,-0.909086,-0.221179,-0.530183,1.266598,-0.369394,-0.029768,-0.308216,0.074716,0.388324,0.97375,-0.598333,0.025318
0.112012,-0.745966,0.9213489,-0.0014020002,0.015032,0.834759,-0.550409,0.256362,0.11219,-0.496265,-1.270887,1.007681,-0.769759,0.484043,0.317705,0.447546,-0.798906,1.326073,1.120231,1.25776,0.54141,-0.207816,-0.417518,-0.056186,0.004302,0.051407,-0.814214,-0.154076,-0.511213,1.10483,-0.368051,-0.012681,-0.277352,0.068754,0.417028,0.95299,-0.599974,0.034113
0.114833996,-0.755705,0.9225999,0.001736,0.025159,0.84096503,-0.540502,0.281305,0.109051,-0.425814,-1.229959,0.890261,-0.608877,0.432576,0.297194,0.439263,-0.764149,1.301426,1.080385,1.033141,0.536508,-0.175238,-0.396377,-0.047569,-0.006653,0.028053,-0.71421,-0.085834,-0.469203,0.941532,-0.361226,0.007207,-0.247783,0.060566,0.45162,0.929133,-0.599711,0.042437
0.117427,-0.765737,0.92422795,0.004276,0.035416998,0.8466831,-0.5309,0.301937,0.108078,-0.350825,-1.19381,0.719599,-0.437299,0.375677,0.266207,0.466544,-0.742121,1.289341,1.031817,0.767608,0.548462,-0.156109,-0.36855,-0.038205,-0.016611,0.003256,-0.611047,-0.027646,-0.404515,0.781468,-0.346397,0.018629,-0.220819,0.047341,0.488849,0.902676,-0.597769,0.051769
0.117819004,-0.77623504,0.925448,0.007095,0.046236005,0.8507629,-0.5234641,0.314833,0.113316,-0.267366,-1.152332,0.503954,-0.298259,0.328388,0.236559,0.496441,-0.722578,1.272352,0.965249,0.510597,0.541288,-0.15436,-0.324171,-0.016652,-0.020615,-0.022893,-0.539515,-0.003263,-0.354605,0.667219,-0.28749,-0.007856,-0.211367,0.025238,0.526757,0.882822,-0.599231,0.062055
0.117278,-0.78722,0.926153,0.007911001,0.055087,0.854663,-0.516192,0.325186,0.113829,-0.172803,-1.101714,0.302567,-0.217148,0.335411,0.219056,0.473271,-0.700886,1.232412,0.918648,0.322283,0.518948,-0.171722,-0.301248,6.4e-05,-0.019263,-0.043542,-0.488224,-0.008019,-0.351509,0.584101,-0.171822,-0.075227,-0.216479,-0.026797,0.530743,0.862297,-0.599993,0.089404
0.116205,-0.79817593,0.92670304,0.008455001,0.060682997,0.858633,-0.508915,0.329986,0.104842,-0.076981,-1.044239,0.199334,-0.174911,0.409439,0.211413,0.401946,-0.675617,1.179528,0.933299,0.207348,0.520673,-0.202925,-0.307814,0.012404,-0.011442,-0.059994,-0.451425,-0.00608,-0.306964,0.527155,-0.089708,-0.088077,-0.21582,-0.057847,0.546398,0.85183,-0.606391,0.096253
0.115603015,-0.8088467,0.926719,0.007566027,0.06381792,0.8625779,-0.5018262,0.33487785,0.093432344,0.01017134,-0.99370855,0.117605485,-0.14142801,0.42353454,0.20418023,0.36902002,-0.6559606,1.1250516,0.96155816,0.13273728,0.5354646,-0.23536602,-0.29952523,0.017369848,-0.0013273086,-0.06794876,-0.43642944,-0.009697889,-0.24572888,0.52461404,-0.08368118,-0.10283655,-0.22078785,-0.08036631,0.5663084,0.86002874,-0.6094739,0.10363777
0.115413,-0.819122,0.926563,0.006737,0.065766,0.864212,-0.498765,0.327689,0.082213,0.077679,-0.955287,0.064999,-0.111692,0.36997,0.195445,0.367546,-0.623639,1.06183,0.955978,0.102208,0.502335,-0.262442,-0.307981,0.019254,0.004659,-0.07384,-0.428267,-0.018241,-0.211184,0.535196,-0.093483,-0.118735,-0.236574,-0.090742,0.576373,0.903648,-0.591388,0.112398
0.114496,-0.829007,0.92759496,0.0024020001,0.062265005,0.85801893,-0.50982404,0.292851,0.062568,0.099019,-0.923108,0.074468,-0.090622,0.35499,0.185277,0.355243,-0.555959,0.967496,0.952472,0.124456,0.461941,-0.286959,-0.323242,0.008863,0.011595,-0.098687,-0.418049,-0.023708,-0.18253,0.531395,-0.092669,-0.142037,-0.261672,-0.099449,0.5704,0.954569,-0.555795,0.127489
0.115598,-0.838076,0.92810494,-0.0011110005,0.062316995,0.856724,-0.511996,0.280359,0.053523,0.129993,-0.901278,0.070816,-0.071122,0.349015,0.173351,0.330368,-0.523992,0.908284,0.976909,0.114555,0.43921,-0.285243,-0.306417,0.004008,0.016128,-0.09624,-0.4136,-0.042716,-0.174675,0.535691,-0.09617,-0.136631,-0.293076,-0.114018,0.557341,1.012865,-0.512207,0.156046
0.117151946,-0.8468827,0.928367,-0.0043409015,0.061962023,0.856068,-0.513118,0.2746772,0.05081908,0.15399326,-0.8844045,0.05055862,-0.05402752,0.3420422,0.17371398,0.31634042,-0.5008847,0.86345434,0.9896616,0.096099555,0.40924993,-0.2877599,-0.306791,0.0011580869,0.022557802,-0.08855923,-0.41537997,-0.06834622,-0.17791091,0.5475686,-0.106306694,-0.1202795,-0.33059183,-0.1276316,0.5459993,1.0739121,-0.46082354,0.18824401
0.119016945,-0.85538274,0.928092,-0.0062969406,0.061605003,0.8570579,-0.5114849,0.27555397,0.05528986,0.1803592,-0.8696515,0.01746801,-0.045389265,0.34086302,0.17724189,0.30580533,-0.4882794,0.83172095,0.9955018,0.07846355,0.39107856,-0.29355383,-0.30763498,0.0005330191,0.03016577,-0.07710135,-0.41841692,-0.092581265,-0.17616504,0.56462145,-0.12025057,-0.10670942,-0.3698268,-0.14236954,0.52973855,1.1310083,-0.40753263,0.21615915
0.12072499,-0.863464,0.927665,-0.007885999,0.060280994,0.858583,-0.509058,0.278937,0.061267,0.202024,-0.856826,-0.011379,-0.041911,0.346793,0.185187,0.300226,-0.481026,0.810309,0.991219,0.064333,0.392441,-0.299318,-0.302984,-0.001289,0.038824,-0.068425,-0.42143,-0.113969,-0.172349,0.584685,-0.136782,-0.091917,-0.404531,-0.14944,0.52125,1.173849,-0.363622,0.214102
0.122481,-0.871033,0.92781097,-0.009005001,0.058502007,0.8598431,-0.507116,0.283073,0.066666,0.212204,-0.847933,-0.026424,-0.040286,0.349517,0.189333,0.288465,-0.476617,0.797024,0.977092,0.053733,0.401356,-0.305627,-0.298747,-0.005778,0.04579,-0.061679,-0.417316,-0.130105,-0.167796,0.597246,-0.150247,-0.08109,-0.428402,-0.153378,0.50794,1.196036,-0.350521,0.188904
0.12424399,-0.878364,0.928974,-0.010055999,0.055851005,0.860198,-0.5067931,0.283082,0.069449,0.208377,-0.843482,-0.021323,-0.03906,0.35176,0.193198,0.283613,-0.470525,0.788132,0.960812,0.047842,0.407355,-0.309506,-0.295805,-0.010827,0.053778,-0.058995,-0.406925,-0.144437,-0.161939,0.59494,-0.155777,-0.070264,-0.454251,-0.163105,0.482567,1.214489,-0.364527,0.16044
0.126057,-0.885659,0.93098104,-0.010689,0.053376004,0.85998195,-0.5074139,0.283137,0.07249,0.193975,-0.844911,-0.001468,-0.038573,0.351006,0.191807,0.281822,-0.466146,0.784624,0.955503,0.045572,0.404505,-0.308319,-0.29047,-0.014414,0.059817,-0.055882,-0.391728,-0.156604,-0.158235,0.581151,-0.155071,-0.060656,-0.474029,-0.178481,0.441594,1.214282,-0.381023,0.130962
0.127775,-0.892949,0.933294,-0.011093,0.050961003,0.85963905,-0.508234,0.281429,0.075687,0.171063,-0.852372,0.022086,-0.038354,0.348975,0.187317,0.284049,-0.465419,0.78669,0.960871,0.046042,0.395754,-0.299979,-0.284785,-0.015827,0.063461,-0.053401,-0.377723,-0.16532,-0.155946,0.565517,-0.153237,-0.051133,-0.489267,-0.190405,0.397636,1.199655,-0.392316,0.102345
0.129235,-0.900131,0.93581307,-0.011495001,0.048625004,0.85930204,-0.509023,0.279872,0.078731,0.141278,-0.866728,0.04751,-0.038651,0.345835,0.183852,0.294474,-0.47028,0.795711,0.963893,0.048402,0.381866,-0.284747,-0.279242,-0.017156,0.065783,-0.052202,-0.362493,-0.171305,-0.152828,0.547789,-0.150879,-0.041347,-0.497997,-0.199235,0.351309,1.170687,-0.402808,0.085691
0.130263,-0.907089,0.93831193,-0.012047999,0.046329003,0.859291,-0.50924206,0.278323,0.080573,0.106477,-0.887187,0.072901,-0.038451,0.345917,0.175496,0.307378,-0.481719,0.813636,0.957915,0.051841,0.366587,-0.265291,-0.274153,-0.01873,0.065094,-0.05252,-0.348968,-0.171542,-0.148374,0.533928,-0.151288,-0.034907,-0.498497,-0.200642,0.30463,1.128104,-0.414844,0.077449
0.130678,-0.913841,0.94058394,-0.012939,0.044096,0.85948,-0.5091,0.276177,0.082551,0.066453,-0.913849,0.107384,-0.038244,0.3484,0.169269,0.327287,-0.49929,0.840357,0.951206,0.058584,0.357149,-0.245748,-0.264826,-0.021494,0.063915,-0.05511,-0.336055,-0.169815,-0.142126,0.523196,-0.154189,-0.029432,-0.494533,-0.195977,0.263357,1.07838,-0.421181,0.080751
0.130418,-0.920151,0.942475,-0.013934001,0.042189,0.860201,-0.508016,0.275676,0.084934,0.023796,-0.94621,0.144491,-0.038393,0.352123,0.16046,0.344072,-0.52355,0.877806,0.949824,0.070622,0.352701,-0.232516,-0.252063,-0.024294,0.060948,-0.057941,-0.326316,-0.164966,-0.136076,0.519904,-0.161581,-0.025851,-0.48483,-0.184252,0.22604,1.022937,-0.425302,0.085202
0.129595,-0.926279,0.943661,-0.014921999,0.04031,0.86109805,-0.506619,0.276125,0.088425,-0.021755,-0.984075,0.18085,-0.038606,0.357161,0.150985,0.360496,-0.551962,0.925619,0.958576,0.08602,0.35485,-0.222835,-0.242066,-0.026999,0.056847,-0.062027,-0.322917,-0.157623,-0.129303,0.529447,-0.175919,-0.023775,-0.473281,-0.168377,0.191309,0.968268,-0.431415,0.096466
0.128595,-0.932127,0.944381,-0.016363,0.038373,0.8622321,-0.5047929,0.277224,0.094315,-0.070014,-1.028407,0.213217,-0.040015,0.362332,0.145637,0.37718,-0.585187,0.985019,0.973473,0.103808,0.364503,-0.219729,-0.234093,-0.03168,0.051828,-0.065756,-0.32232,-0.14979,-0.124417,0.546403,-0.193746,-0.021928,-0.459518,-0.15332,0.153904,0.918068,-0.440833,0.112304
0.127593,-0.937679,0.9444631,-0.01737,0.036208,0.863125,-0.503392,0.278433,0.103493,-0.121582,-1.080617,0.25888,-0.044081,0.376045,0.148543,0.406318,-0.618441,1.053194,0.994726,0.126984,0.376587,-0.219678,-0.231607,-0.0368,0.046252,-0.073062,-0.326213,-0.139648,-0.118456,0.572193,-0.215434,-0.020541,-0.451127,-0.136258,0.117631,0.891103,-0.450786,0.107193
0.126777,-0.9431,0.94404805,-0.018247,0.034281,0.863586,-0.50270396,0.278285,0.116887,-0.174562,-1.14006,0.315352,-0.055562,0.38731,0.157703,0.424871,-0.652201,1.128905,1.020698,0.154006,0.386831,-0.220804,-0.232942,-0.04176,0.038031,-0.082294,-0.335432,-0.128105,-0.116317,0.606654,-0.240186,-0.015131,-0.447989,-0.122666,0.07144,0.889364,-0.461464,0.054339
0.125921,-0.948388,0.942226,-0.018478,0.032786,0.862526,-0.5046111,0.273671,0.134914,-0.232953,-1.205795,0.40209,-0.073883,0.401186,0.175219,0.426693,-0.683995,1.207156,1.049176,0.190006,0.403465,-0.219359,-0.230711,-0.047852,0.031231,-0.096213,-0.34724,-0.122112,-0.117536,0.650316,-0.268815,-0.00828,-0.433554,-0.126787,0.005729,0.879129,-0.444579,-0.021158
0.125038,-0.953058,0.93946594,-0.019603,0.030335,0.859719,-0.50948906,0.266231,0.154423,-0.296899,-1.276779,0.509925,-0.102104,0.411414,0.196732,0.408691,-0.719875,1.287519,1.08223,0.231308,0.419841,-0.200639,-0.217986,-0.057966,0.022683,-0.11409,-0.364915,-0.115967,-0.124371,0.70265,-0.298522,-0.003169,-0.425421,-0.120203,-0.018874,0.897012,-0.457962,-0.037658
0.12509298,-0.956575,0.935233,-0.020242,0.030486003,0.8597941,-0.50932914,0.268599,0.180823,-0.35441,-1.347182,0.615526,-0.139148,0.429371,0.216894,0.370907,-0.77286,1.384063,1.127732,0.271584,0.426714,-0.160718,-0.172474,-0.06376,0.016678,-0.116854,-0.416037,-0.123205,-0.147255,0.806835,-0.294209,-0.020953,-0.427318,-0.115471,-0.00949,0.926597,-0.479875,-0.026304
0.12422899,-0.96005607,0.931078,-0.022558,0.025647001,0.85474503,-0.51792306,0.253551,0.198658,-0.428427,-1.421368,0.739467,-0.182516,0.473359,0.233916,0.320416,-0.812076,1.443879,1.158929,0.382538,0.426911,-0.145757,-0.147711,-0.072676,0.021222,-0.134598,-0.506316,-0.143015,-0.181711,0.957485,-0.238365,-0.060017,-0.441099,-0.117975,0.002163,0.962387,-0.503551,-0.019869
0.123348,-0.96399003,0.926185,-0.025774999,0.020298,0.84975,-0.526164,0.239421,0.212395,-0.497935,-1.488879,0.854669,-0.247399,0.535772,0.264189,0.279558,-0.857609,1.488688,1.192947,0.536259,0.428633,-0.14832,-0.129641,-0.084248,0.026261,-0.148118,-0.612586,-0.175668,-0.230719,1.126018,-0.121355,-0.13049,-0.458103,-0.123689,0.009629,1.003294,-0.528835,-0.015251
0.12239,-0.96889406,0.920772,-0.029712,0.015390003,0.84597605,-0.53217006,0.231266,0.222949,-0.550785,-1.517064,0.961782,-0.380237,0.601631,0.317672,0.241595,-0.909805,1.513916,1.227909,0.738679,0.435749,-0.174138,-0.126783,-0.09592,0.027488,-0.153532,-0.707965,-0.206081,-0.270096,1.267209,0.023547,-0.179596,-0.474531,-0.127436,0.011758,1.044332,-0.55439,-0.010694
0.121131,-0.97418904,0.915582,-0.033881,0.010782,0.843687,-0.53565705,0.229008,0.230308,-0.597481,-1.518151,1.049644,-0.547767,0.658341,0.384955,0.225359,-0.972317,1.517952,1.267671,0.972076,0.440848,-0.219019,-0.140605,-0.106179,0.028961,-0.14874,-0.806504,-0.239797,-0.299424,1.420885,0.007058,-0.181757,-0.488981,-0.132882,0.011557,1.082741,-0.579878,-0.00884
0.119647,-0.97961694,0.910522,-0.038111,0.0063610007,0.84222394,-0.537741,0.232629,0.235279,-0.645652,-1.518247,1.106714,-0.702145,0.705571,0.451252,0.230863,-1.046227,1.518237,1.297631,1.191894,0.437089,-0.266823,-0.156472,-0.115179,0.032762,-0.13607,-0.913909,-0.288395,-0.32987,1.586457,-0.025001,-0.157289,-0.503699,-0.142895,0.009113,1.120922,-0.606177,-0.01344
0.117971,-0.985185,0.905614,-0.04233,0.0016760002,0.841518,-0.53856605,0.24064,0.236432,-0.695186,-1.518281,1.143495,-0.835985,0.740526,0.504314,0.250083,-1.128285,1.518305,1.311298,1.383455,0.426536,-0.305571,-0.17174,-0.12542,0.039682,-0.117357,-1.015966,-0.339867,-0.349811,1.737801,-0.077446,-0.123341,-0.515986,-0.159835,0.001618,1.158046,-0.633223,-0.019681
0.11621305,-0.99096984,0.9006132,-0.045645904,-0.002729866,0.8412601,-0.538693,0.25087866,0.23775895,-0.74442554,-1.5183,1.1685613,-0.9512085,0.76287127,0.5463437,0.2750472,-1.2107015,1.518339,1.3079611,1.5437791,0.40805057,-0.3277153,-0.18374164,-0.13443473,0.047002777,-0.0975466,-1.111408,-0.39160043,-0.36413455,1.8716029,-0.13619821,-0.08883805,-0.52431774,-0.1764095,-0.0064257546,1.1925559,-0.6603122,-0.021937931
0.11463705,-0.9972048,0.8961101,-0.047840934,-0.00633389,0.841179,-0.538599,0.26219267,0.23954894,-0.79055357,-1.518314,1.1859624,-1.0481511,0.77897453,0.580969,0.29590237,-1.2859857,1.518355,1.2898576,1.6692232,0.3784369,-0.3374957,-0.21112716,-0.1408198,0.05258383,-0.08217047,-1.1963995,-0.43850356,-0.37568364,1.9811816,-0.18267159,-0.0628578,-0.5276819,-0.18806264,-0.010921863,1.2204281,-0.68498623,-0.020491043
0.11327204,-1.0036948,0.89240813,-0.04871997,-0.008760925,0.84116,-0.538516,0.27006474,0.24042898,-0.8310198,-1.518324,1.1983306,-1.1259216,0.79637146,0.60608524,0.30684268,-1.3452022,1.518364,1.2632878,1.764091,0.33882123,-0.3475737,-0.25762656,-0.14522487,0.05689387,-0.07135834,-1.2670919,-0.47520787,-0.3827528,2.0646727,-0.22368574,-0.050511375,-0.52522206,-0.19749272,-0.013599918,1.2409483,-0.70634836,-0.016860113
0.111957036,-1.0100708,0.8900031,-0.048636,-0.009802967,0.84060603,-0.539371,0.27552786,0.23983102,-0.8643199,-1.518331,1.2066188,-1.1845852,0.81101257,0.6205505,0.31491578,-1.3856237,1.518368,1.2365047,1.83078,0.30415106,-0.35335582,-0.31211233,-0.14671296,0.060090903,-0.067195125,-1.3228692,-0.4976823,-0.38483894,2.1196713,-0.25556302,-0.03784739,-0.5199092,-0.20277983,-0.012220043,1.2534746,-0.7230535,-0.018060964
0.110731035,-1.0162709,0.88868606,-0.047219038,-0.009272016,0.84064096,-0.53944993,0.2808988,0.23824205,-0.88326246,-1.518334,1.205553,-1.2231768,0.81614584,0.6240999,0.31975687,-1.4033345,1.518369,1.2161977,1.8723358,0.28076568,-0.35523495,-0.36697534,-0.14464206,0.06166395,-0.064492084,-1.3613608,-0.5029259,-0.384971,2.1489341,-0.28564808,-0.030232232,-0.5093853,-0.2089768,-0.014044944,1.2572409,-0.73519367,-0.014030123
0.109503,-1.022021,0.888461,-0.044942,-0.0074319993,0.84081,-0.53941,0.287261,0.234242,-0.888636,-1.518332,1.19825,-1.242522,0.809258,0.615405,0.329338,-1.402053,1.518368,1.205861,1.891627,0.285709,-0.364508,-0.409255,-0.140956,0.061715,-0.064339,-1.381036,-0.493862,-0.385679,2.154955,-0.309005,-0.019306,-0.494379,-0.21452,-0.017154,1.25389,-0.743243,-0.011761
0.108692005,-1.027714,0.889465,-0.041576,-0.004349,0.842094,-0.537708,0.296027,0.227702,-0.878136,-1.518322,1.184395,-1.240127,0.796431,0.602048,0.351401,-1.379059,1.518364,1.206774,1.890582,0.303668,-0.367133,-0.412957,-0.135962,0.061133,-0.064003,-1.37617,-0.473673,-0.387184,2.137287,-0.325987,-0.004894,-0.472781,-0.220832,-0.021864,1.241663,-0.746506,-0.006163
0.108119,-1.033361,0.891634,-0.036971,-0.0005209998,0.84405893,-0.534973,0.304133,0.217982,-0.854135,-1.518301,1.167048,-1.217359,0.784563,0.582024,0.382753,-1.336389,1.518357,1.215188,1.871954,0.335867,-0.360817,-0.400692,-0.128831,0.061765,-0.063801,-1.351354,-0.445413,-0.388606,2.097312,-0.337892,-4e-06,-0.446855,-0.229247,-0.027688,1.221556,-0.745239,0.000991
0.10793399,-1.0393212,0.89491314,-0.031561803,0.004321187,0.84718317,-0.5303449,0.31317025,0.20370038,-0.8173825,-1.518254,1.1439581,-1.17358,0.7790251,0.5504555,0.41668198,-1.2773858,1.518344,1.2297705,1.834714,0.37405428,-0.35011253,-0.3689841,-0.119331606,0.06310402,-0.061296895,-1.3076801,-0.41059572,-0.38663882,2.0344293,-0.3432972,0.005055231,-0.41680795,-0.24068137,-0.03489829,1.193347,-0.7394067,0.011056352
0.107932,-1.045536,0.898952,-0.025054,0.010428001,0.850937,-0.524566,0.32199,0.182961,-0.76866,-1.518095,1.114573,-1.109045,0.781185,0.50114,0.448756,-1.205696,1.518321,1.24806,1.774923,0.416465,-0.334777,-0.339672,-0.106427,0.063591,-0.057902,-1.247522,-0.368436,-0.380697,1.949128,-0.350418,0.012622,-0.382989,-0.252782,-0.044312,1.157865,-0.729587,0.022577
0.10739101,-1.051671,0.903687,-0.017696999,0.017073002,0.854854,-0.518286,0.330544,0.155406,-0.710422,-1.512706,1.079703,-1.032893,0.787023,0.440771,0.471919,-1.127433,1.518275,1.266745,1.690548,0.462791,-0.31386,-0.309672,-0.092359,0.063052,-0.056211,-1.173231,-0.313903,-0.369233,1.84165,-0.358267,0.01856,-0.343726,-0.261798,-0.055708,1.114771,-0.716084,0.034321
0.106478,-1.058075,0.90872097,-0.009902,0.024881998,0.8594951,-0.510442,0.340309,0.11996,-0.638262,-1.460682,1.049992,-0.994768,0.782242,0.401008,0.488418,-1.044582,1.518124,1.280538,1.577388,0.505598,-0.280664,-0.28127,-0.077565,0.05983,-0.055366,-1.083463,-0.245498,-0.344807,1.707698,-0.37124,0.033342,-0.299524,-0.266795,-0.066084,1.065719,-0.70019,0.043529
0.104548,-1.064692,0.91393095,-0.0021479998,0.032869004,0.8643921,-0.5017391,0.349001,0.078913,-0.554217,-1.388003,1.017338,-0.969537,0.767423,0.381933,0.498764,-0.961642,1.51504,1.286409,1.439895,0.541253,-0.239977,-0.257891,-0.063834,0.056453,-0.05889,-0.980033,-0.163843,-0.299729,1.549338,-0.394653,0.052273,-0.252495,-0.269503,-0.072761,1.01222,-0.682643,0.051124
0.102027,-1.072142,0.918504,0.0039030001,0.041457,0.87030405,-0.49075204,0.359682,0.03487,-0.457521,-1.310568,0.967327,-0.938154,0.737089,0.36508,0.514298,-0.88571,1.48558,1.289215,1.304255,0.55622,-0.194736,-0.237525,-0.053628,0.049247,-0.061436,-0.863407,-0.075418,-0.228078,1.369559,-0.42397,0.074951,-0.204178,-0.269677,-0.075453,0.959147,-0.666255,0.058388
0.099261,-1.081151,0.92362607,0.010121999,0.049634997,0.87688804,-0.47801802,0.380313,-0.023246,-0.349433,-1.239513,0.901486,-0.880441,0.691004,0.335356,0.536495,-0.807036,1.440594,1.278,1.167394,0.557844,-0.155158,-0.222543,-0.041099,0.04056,-0.064103,-0.732089,0.014339,-0.121016,1.165954,-0.437655,0.090105,-0.153603,-0.267093,-0.077741,0.89635,-0.644925,0.065511
0.096537,-1.092146,0.9298719,0.018635,0.055398002,0.882384,-0.466887,0.41502,-0.099898,-0.23947,-1.187898,0.824075,-0.784443,0.64288,0.305293,0.557479,-0.716871,1.389843,1.235159,1.020959,0.554101,-0.127036,-0.219519,-0.021895,0.036102,-0.069355,-0.580157,0.088995,0.025866,0.928055,-0.433884,0.083428,-0.098198,-0.265779,-0.088816,0.815424,-0.613704,0.074254
0.0930901,-1.1031598,0.9345729,0.0218349,0.060855832,0.8878867,-0.45549634,0.43989727,-0.16630298,-0.13427821,-1.1453183,0.7279079,-0.66705257,0.60217327,0.28102374,0.5694806,-0.64554113,1.3448664,1.1655492,0.858241,0.5419374,-0.109750524,-0.23421456,-0.012331291,0.02585531,-0.066817075,-0.42460173,0.13074473,0.18950501,0.6876413,-0.40174598,0.055773843,-0.047396548,-0.2624001,-0.100794636,0.74482816,-0.58778876,0.07855087
0.08967911,-1.1144876,0.93811697,0.024392923,0.06678883,0.89225894,-0.4458903,0.46058536,-0.21299459,-0.039478894,-1.1174018,0.62798005,-0.53037214,0.5669601,0.25051692,0.57253695,-0.58513886,1.2986255,1.0738808,0.6823004,0.52861136,-0.10749908,-0.25978723,0.005979441,0.024081053,-0.058298256,-0.33234382,0.13248596,0.29457277,0.523364,-0.2807247,-0.024251558,-0.01567497,-0.2751986,-0.112569645,0.68757975,-0.56566566,0.086237766
0.086253,-1.125951,0.93946594,0.024748,0.070321,0.894534,-0.44073898,0.473295,-0.250488,0.043547,-1.091722,0.527788,-0.410141,0.541959,0.209749,0.552556,-0.53796,1.239183,0.982747,0.524081,0.525543,-0.132386,-0.290448,0.014922,0.017971,-0.054523,-0.257762,0.120306,0.342891,0.390373,-0.125308,-0.088204,0.015379,-0.280531,-0.125534,0.645816,-0.553097,0.094674
0.082976,-1.137615,0.938683,0.023551002,0.072578005,0.895532,-0.438406,0.475668,-0.277953,0.12295,-1.064982,0.43902,-0.326489,0.534971,0.184685,0.536769,-0.499011,1.166773,0.923328,0.400324,0.531598,-0.158462,-0.319682,0.024038,0.012467,-0.048471,-0.217177,0.104792,0.366828,0.300984,0.012207,-0.082564,0.035113,-0.289297,-0.141858,0.622203,-0.551297,0.10974
0.079637,-1.148212,0.937362,0.023049999,0.073808,0.89599603,-0.43727803,0.469967,-0.287131,0.19638,-1.034966,0.371523,-0.265927,0.538181,0.173816,0.513389,-0.455962,1.087715,0.875116,0.329645,0.550163,-0.19194,-0.327872,0.041986,0.015176,-0.035297,-0.234631,0.092259,0.350258,0.301251,0.048596,-0.068757,0.037149,-0.302323,-0.156615,0.613769,-0.556213,0.120187
0.07486099,-1.156644,0.9372109,0.018017001,0.067614,0.889001,-0.452528,0.437025,-0.292932,0.228105,-0.997925,0.341383,-0.229519,0.535392,0.167941,0.487914,-0.367581,0.986355,0.782945,0.33192,0.533412,-0.237115,-0.367758,0.044717,0.023556,-0.048847,-0.295977,0.091278,0.300857,0.390796,-0.005617,-0.056042,0.038173,-0.309661,-0.182896,0.603816,-0.558114,0.129551
0.07204901,-1.163809,0.936954,0.013906001,0.064643,0.885528,-0.45985696,0.422863,-0.289031,0.270025,-0.969501,0.311399,-0.210452,0.518193,0.152484,0.475504,-0.305881,0.917915,0.72747,0.316294,0.495617,-0.254915,-0.395955,0.042871,0.026464,-0.040121,-0.327266,0.08214,0.266502,0.440824,-0.038412,-0.049031,0.054046,-0.312897,-0.216221,0.592984,-0.561491,0.123228
0.070323005,-1.170645,0.938117,0.0071970006,0.060188,0.88263303,-0.46613702,0.414164,-0.288489,0.306988,-0.949427,0.285988,-0.201512,0.50538,0.135706,0.468608,-0.255549,0.859948,0.704133,0.310961,0.483598,-0.256791,-0.390212,0.032988,0.028728,-0.029991,-0.34063,0.069495,0.243485,0.456368,-0.051045,-0.041433,0.073046,-0.315142,-0.254216,0.576692,-0.553678,0.125229
0.06931903,-1.1777347,0.940052,0.0010531879,0.055702142,0.8807792,-0.47023988,0.4079592,-0.2853601,0.34119797,-0.93717337,0.27192846,-0.19115233,0.5027911,0.12805423,0.46081525,-0.2164502,0.8165483,0.6853736,0.30855405,0.46515855,-0.25184613,-0.39130497,0.025271235,0.03265688,-0.023216207,-0.34265494,0.056095406,0.2371752,0.45145714,-0.05368292,-0.0347942,0.084016666,-0.32115483,-0.27850425,0.56487936,-0.53705746,0.13203779
0.069147006,-1.1849129,0.9422629,-0.0040948424,0.0523651,0.8803179,-0.47146696,0.4052231,-0.2754823,0.374434,-0.9333111,0.25957635,-0.17809638,0.50038505,0.128007,0.45500618,-0.19230872,0.78351104,0.68062216,0.3060011,0.44130272,-0.25087303,-0.4038166,0.021807106,0.033304982,-0.021361057,-0.34179902,0.04898722,0.24026892,0.44282427,-0.05569394,-0.030944118,0.08819687,-0.32563287,-0.2880477,0.5515884,-0.5168596,0.13627486
0.06914401,-1.1917398,0.9439869,-0.007907883,0.049309097,0.8810081,-0.47045806,0.40710294,-0.25807855,0.40797195,-0.93481594,0.23794468,-0.16888128,0.4970181,0.13107692,0.45318705,-0.18150933,0.76069874,0.68173695,0.305422,0.42306656,-0.25170997,-0.41624364,0.01884809,0.03760087,-0.021309001,-0.3355862,0.04108024,0.2503297,0.4322673,-0.058099926,-0.031153994,0.08929596,-0.3347447,-0.28751403,0.54291826,-0.4998275,0.1430928
0.069272,-1.1979468,0.9455899,-0.0112049,0.0461751,0.882126,-0.46861112,0.40959695,-0.23934957,0.4376881,-0.9388369,0.21541668,-0.16311318,0.497112,0.13321193,0.45458698,-0.18032604,0.74750537,0.6737942,0.30396107,0.41405326,-0.2544589,-0.42319378,0.016347077,0.042010866,-0.024730897,-0.32998517,0.035988156,0.26333258,0.42426327,-0.061895885,-0.030385023,0.08375517,-0.34360972,-0.27591833,0.54019606,-0.48426446,0.14913382
0.06924,-1.203446,0.9470679,-0.014567999,0.042602,0.88273907,-0.467702,0.408309,-0.223051,0.458008,-0.945129,0.196572,-0.160626,0.497048,0.133981,0.450988,-0.182537,0.741893,0.648559,0.301486,0.412161,-0.258002,-0.425826,0.010378,0.047808,-0.029845,-0.321789,0.030261,0.276504,0.416162,-0.065395,-0.028384,0.077817,-0.352996,-0.262052,0.543287,-0.470702,0.153955
0.068803,-1.208138,0.948577,-0.017457,0.038200002,0.88271904,-0.46801996,0.405467,-0.209918,0.469603,-0.950081,0.19019,-0.159666,0.497385,0.13416,0.449614,-0.186693,0.742623,0.619472,0.298536,0.412248,-0.259286,-0.429695,0.00569,0.053719,-0.035026,-0.316015,0.026678,0.2852,0.405822,-0.065706,-0.027635,0.068654,-0.358351,-0.248246,0.54927,-0.457698,0.157304
0.068168,-1.212145,0.9499171,-0.019933999,0.033844,0.881927,-0.46974704,0.401103,-0.198994,0.470924,-0.955859,0.195581,-0.158405,0.496141,0.137228,0.4523,-0.19273,0.745881,0.602727,0.294413,0.414235,-0.259461,-0.435373,0.002721,0.057581,-0.038214,-0.316042,0.025286,0.285855,0.399977,-0.06619,-0.026564,0.062903,-0.358453,-0.243218,0.550155,-0.446592,0.157639
0.06748,-1.21558,0.9510949,-0.022858998,0.029193997,0.8803161,-0.472937,0.39244,-0.191419,0.464902,-0.961596,0.206283,-0.161638,0.492373,0.136724,0.456967,-0.197426,0.747271,0.601702,0.29559,0.410483,-0.259669,-0.44058,-5e-06,0.059899,-0.040093,-0.322662,0.025333,0.279308,0.399242,-0.067079,-0.025011,0.058251,-0.355362,-0.245564,0.548886,-0.437233,0.158692
0.06686698,-1.218292,0.9518681,-0.025212072,0.024626866,0.878665,-0.47613612,0.3852318,-0.18372576,0.45506352,-0.9691143,0.2146242,-0.16790822,0.4830947,0.136373,0.46441743,-0.20492232,0.7490911,0.61236435,0.299036,0.40501478,-0.25685903,-0.44521222,-0.0016610712,0.062776096,-0.040074997,-0.3325423,0.025466973,0.26908362,0.4022881,-0.06855001,-0.02401202,0.05387592,-0.3521499,-0.25206733,0.548729,-0.43177092,0.15786304
0.06622301,-1.220367,0.95233405,-0.02764,0.020251,0.876576,-0.48004296,0.378134,-0.175979,0.439869,-0.97858,0.221274,-0.175215,0.473217,0.135989,0.478341,-0.215428,0.752621,0.625209,0.298477,0.398674,-0.257841,-0.451761,-0.003995,0.065993,-0.039939,-0.343139,0.024509,0.257295,0.405795,-0.069186,-0.024654,0.051189,-0.349777,-0.26236,0.54798,-0.429017,0.158646
0.065291,-1.221596,0.9523829,-0.029448,0.015785,0.873981,-0.48481,0.370762,-0.165141,0.420151,-0.987622,0.227434,-0.184012,0.462235,0.134685,0.490232,-0.224695,0.757896,0.630787,0.297381,0.39175,-0.261361,-0.457043,-0.007073,0.072169,-0.041712,-0.35247,0.021625,0.246401,0.409705,-0.069734,-0.025759,0.048068,-0.349816,-0.270908,0.550888,-0.431004,0.159087
0.064139,-1.222193,0.95219195,-0.030397,0.011495,0.87121993,-0.48981604,0.361286,-0.151019,0.398857,-0.995916,0.237187,-0.193264,0.45519,0.132193,0.502789,-0.234195,0.766702,0.625298,0.294902,0.385435,-0.266383,-0.465796,-0.009869,0.079035,-0.042818,-0.361128,0.01891,0.234673,0.414099,-0.069909,-0.027602,0.048083,-0.349038,-0.282249,0.552256,-0.435009,0.159679
0.062858,-1.222031,0.951933,-0.03143,0.007147,0.868129,-0.49529,0.352421,-0.134307,0.374191,-1.006332,0.245147,-0.202045,0.444376,0.133487,0.521597,-0.245682,0.777199,0.619653,0.293872,0.38504,-0.271357,-0.471409,-0.013992,0.085296,-0.044801,-0.370497,0.017458,0.221238,0.420347,-0.070224,-0.028732,0.048084,-0.346552,-0.292871,0.55508,-0.440824,0.158588
0.061303996,-1.221138,0.951163,-0.031594,0.0032379997,0.8646159,-0.501429,0.342328,-0.114744,0.347489,-1.01748,0.250925,-0.208406,0.430435,0.135297,0.540722,-0.254836,0.787484,0.612448,0.296655,0.388556,-0.273351,-0.478075,-0.017474,0.091662,-0.047261,-0.382545,0.016784,0.205062,0.433129,-0.073278,-0.030615,0.052018,-0.343019,-0.307872,0.554865,-0.450144,0.159845
0.059741996,-1.219917,0.950131,-0.031873,-0.0015639999,0.861393,-0.50693595,0.333407,-0.093054,0.322537,-1.029529,0.25213,-0.214673,0.417544,0.136735,0.554502,-0.267848,0.800073,0.603758,0.2998,0.385114,-0.273996,-0.489592,-0.021925,0.097596,-0.048084,-0.399624,0.019202,0.185403,0.45395,-0.079534,-0.033641,0.05567,-0.336022,-0.322672,0.555082,-0.462537,0.160041
0.058052003,-1.217958,0.948422,-0.032015,-0.0060929996,0.85684294,-0.5145459,0.319418,-0.071376,0.293621,-1.040173,0.263545,-0.221099,0.40964,0.136712,0.559764,-0.27694,0.809108,0.59214,0.30537,0.377048,-0.27527,-0.500695,-0.023987,0.096332,-0.051194,-0.432639,0.030144,0.154024,0.495091,-0.093529,-0.036863,0.056682,-0.318341,-0.341075,0.55533,-0.480319,0.155489
0.05630806,-1.2161441,0.946547,-0.03256098,-0.010866854,0.85199225,-0.52242875,0.30444345,-0.052896567,0.2645059,-1.0515907,0.2859793,-0.22334494,0.40767807,0.13590403,0.5710357,-0.28627372,0.81438684,0.58482826,0.3150427,0.37373108,-0.27385005,-0.5021079,-0.029062845,0.09627201,-0.05415591,-0.4614541,0.037422776,0.12367492,0.53197485,-0.10576463,-0.040903877,0.06092587,-0.30316448,-0.36227635,0.55639195,-0.49824846,0.15275207
0.05479404,-1.214618,0.9439801,-0.033923957,-0.015231866,0.84650815,-0.5310757,0.2905544,-0.037020486,0.23422593,-1.0659785,0.30835733,-0.22018708,0.40516606,0.13507101,0.58565354,-0.29424477,0.81315905,0.57711625,0.3276996,0.37142208,-0.27213302,-0.502811,-0.033200875,0.09063817,-0.056944918,-0.49925688,0.046976708,0.089187056,0.5777666,-0.12089254,-0.048788756,0.06428891,-0.2834146,-0.38497832,0.555918,-0.5181624,0.15442196
0.053473003,-1.213442,0.940612,-0.035809003,-0.020032998,0.83998793,-0.5410519,0.271509,-0.024542,0.205129,-1.080665,0.330289,-0.216364,0.401308,0.135463,0.598666,-0.297615,0.806188,0.561417,0.342297,0.364162,-0.268152,-0.505054,-0.042032,0.082053,-0.059505,-0.539607,0.0559,0.045187,0.631609,-0.139544,-0.058775,0.077302,-0.259877,-0.415107,0.550249,-0.540551,0.157433
0.052362002,-1.212243,0.9371929,-0.038133,-0.024632,0.83286494,-0.551611,0.254097,-0.016747,0.179418,-1.095349,0.348699,-0.217806,0.398801,0.136034,0.605389,-0.302161,0.797036,0.542468,0.352896,0.357195,-0.266631,-0.510786,-0.047402,0.074858,-0.061515,-0.599854,0.05734,-0.011951,0.704755,-0.134736,-0.075837,0.085682,-0.239178,-0.442351,0.542043,-0.563292,0.162969
0.051277004,-1.211492,0.93376106,-0.039789,-0.029223999,0.8255429,-0.5621759,0.235721,-0.010117,0.162136,-1.106719,0.36682,-0.228824,0.402153,0.13978,0.609336,-0.304896,0.787083,0.527075,0.361936,0.355826,-0.263807,-0.514817,-0.051741,0.069779,-0.061062,-0.667442,0.052003,-0.071651,0.788276,-0.109909,-0.107997,0.094316,-0.220448,-0.471045,0.534802,-0.585129,0.168515
0.050334003,-1.211859,0.93031794,-0.04020199,-0.032839,0.81790906,-0.57300097,0.217222,-0.003559,0.153207,-1.116246,0.379094,-0.247221,0.408019,0.142093,0.612193,-0.303017,0.775589,0.510252,0.369541,0.35914,-0.260269,-0.515412,-0.05505,0.064109,-0.063188,-0.726938,0.043678,-0.125242,0.867714,-0.093324,-0.154729,0.103936,-0.203381,-0.494493,0.536386,-0.601301,0.17325
0.049791005,-1.213517,0.926938,-0.040426,-0.036255,0.81087697,-0.582692,0.19877,0.000292,0.154196,-1.124322,0.383399,-0.273788,0.411247,0.148086,0.621496,-0.298789,0.764193,0.490285,0.37647,0.359716,-0.255603,-0.520185,-0.060998,0.058532,-0.065696,-0.765151,0.033346,-0.167671,0.918797,-0.096889,-0.187486,0.115803,-0.188687,-0.516915,0.542589,-0.614222,0.179753
0.04930301,-1.215907,0.9243311,-0.040020008,-0.03872792,0.8039492,-0.59208465,0.18292648,0.0035419008,0.15828088,-1.1316777,0.3870249,-0.2998952,0.4142009,0.15316384,0.63289464,-0.29247722,0.75497425,0.46858165,0.38102588,0.36018798,-0.25220212,-0.52686274,-0.06273495,0.05362215,-0.06718195,-0.80581677,0.018486453,-0.20507586,0.9711364,-0.14355157,-0.17345643,0.12743764,-0.17464142,-0.54159427,0.5416111,-0.6216798,0.18346289
0.048537023,-1.2189759,0.92169607,-0.03899703,-0.040591948,0.7975562,-0.6006127,0.1669115,0.0065899068,0.16542478,-1.1354809,0.38989592,-0.32391927,0.4169299,0.15795286,0.6433497,-0.28726915,0.74873024,0.45274848,0.380745,0.36105898,-0.24933809,-0.5291299,-0.06415196,0.052123044,-0.070343904,-0.83788204,0.012886171,-0.2119148,1.0109768,-0.2055401,-0.15159667,0.1371127,-0.16711524,-0.56155634,0.5462368,-0.6313977,0.18445598
0.047298044,-1.2224779,0.9191341,-0.03736605,-0.04114998,0.7912102,-0.6090137,0.1505385,0.012336825,0.17212279,-1.138109,0.39229992,-0.3405445,0.41484606,0.1609909,0.6493178,-0.28228316,0.74430615,0.44221333,0.37613016,0.361739,-0.24777706,-0.5274991,-0.06322703,0.054250937,-0.074698865,-0.86087126,0.010965059,-0.19706045,1.0332223,-0.26872307,-0.117966026,0.14458978,-0.1672,-0.5781365,0.55475676,-0.6423826,0.18659794
0.04548905,-1.2267349,0.9173251,-0.035769045,-0.040921003,0.7851001,-0.61697966,0.1374984,0.015395907,0.17769684,-1.1389629,0.39582992,-0.35145566,0.41037413,0.16051102,0.64716405,-0.27653918,0.74301904,0.43173534,0.3697022,0.36070004,-0.24791999,-0.52607507,-0.06225203,0.05394701,-0.07757291,-0.87376666,0.013988907,-0.17663263,1.035695,-0.32213935,-0.084093034,0.16341741,-0.15957022,-0.6032202,0.5434474,-0.64405197,0.18966492
0.043568056,-1.2318848,0.915441,-0.033811055,-0.039421044,0.77897924,-0.62489575,0.124232404,0.022340788,0.18489477,-1.1360772,0.39772195,-0.3637706,0.41614583,0.15877806,0.6375323,-0.27022418,0.741298,0.4286471,0.35881537,0.3576991,-0.24901298,-0.51984715,-0.057472147,0.05364001,-0.07811499,-0.88097376,0.012204054,-0.15659761,1.0237224,-0.3581309,-0.0546829,0.18066747,-0.15409116,-0.6292392,0.53146434,-0.644393,0.19779974
0.041509002,-1.237802,0.913616,-0.031762995,-0.037239004,0.7732131,-0.63225496,0.113293,0.028656,0.195907,-1.130164,0.396794,-0.383387,0.420115,0.156383,0.629816,-0.263813,0.740358,0.430704,0.34802,0.355001,-0.251132,-0.517849,-0.051051,0.054816,-0.07832,-0.882543,0.004815,-0.142312,1.00097,-0.38419,-0.029616,0.197082,-0.152363,-0.654098,0.521718,-0.6434,0.205576
0.039705005,-1.244845,0.911803,-0.029957002,-0.034884002,0.76773006,-0.639122,0.099837,0.028823,0.208185,-1.119819,0.397961,-0.408367,0.426438,0.154154,0.625806,-0.256812,0.740708,0.427592,0.336741,0.350811,-0.253773,-0.515345,-0.047034,0.054941,-0.077894,-0.87443,-0.004773,-0.133092,0.967348,-0.408706,-0.010813,0.214786,-0.152584,-0.675375,0.522738,-0.636574,0.213921
0.038637,-1.252879,0.9101,-0.028430002,-0.032536,0.763106,-0.644827,0.089107,0.025546,0.221502,-1.10778,0.395969,-0.437156,0.429515,0.149633,0.621122,-0.252168,0.742009,0.422457,0.325227,0.349291,-0.255339,-0.514621,-0.043386,0.053992,-0.077405,-0.863677,-0.015969,-0.131445,0.931734,-0.428479,0.000503,0.232915,-0.15251,-0.691031,0.523004,-0.62554,0.22408
0.038089015,-1.2615337,0.908172,-0.026467059,-0.029073104,0.7587482,-0.65019673,0.07818233,0.020881144,0.23214869,-1.0938885,0.39921588,-0.4635612,0.43085998,0.14771804,0.621291,-0.24677116,0.7443969,0.41451427,0.3114714,0.34847802,-0.25574398,-0.514423,-0.037836168,0.053379018,-0.07680502,-0.8526333,-0.031839516,-0.13540488,0.90046495,-0.4390807,0.0065228166,0.25138846,-0.1556329,-0.70358264,0.524245,-0.6141344,0.2338897
0.038172003,-1.2704453,0.9064419,-0.024499912,-0.025131846,0.75502187,-0.6547602,0.06885574,0.0155328745,0.23706104,-1.0805116,0.40223315,-0.4830395,0.43041402,0.1454419,0.6206289,-0.24610782,0.74867016,0.41225687,0.29341146,0.35063794,-0.255548,-0.515295,-0.029379716,0.053537015,-0.07330291,-0.8547318,-0.055061784,-0.15047461,0.89148676,-0.4272236,0.005841965,0.2653124,-0.1626573,-0.71749824,0.53106344,-0.60055256,0.24450351
0.038494,-1.280157,0.904142,-0.021633001,-0.020162998,0.751111,-0.659513,0.060285,0.011423,0.238569,-1.0648,0.406903,-0.499711,0.43157,0.142802,0.616921,-0.240045,0.753137,0.40796,0.275035,0.348324,-0.255807,-0.516567,-0.020098,0.054135,-0.070322,-0.849834,-0.080662,-0.170401,0.882546,-0.380691,0.0047,0.279686,-0.17297,-0.725014,0.54474,-0.585451,0.261431
0.039052,-1.291468,0.900912,-0.018453,-0.014711,0.7477881,-0.6635191,0.052254,0.007183,0.242565,-1.046701,0.407507,-0.520513,0.43444,0.140367,0.616662,-0.229539,0.756472,0.397539,0.259342,0.339041,-0.258562,-0.51432,-0.014749,0.052217,-0.071145,-0.837348,-0.099225,-0.184953,0.888711,-0.31503,-0.00142,0.303006,-0.181253,-0.725597,0.556311,-0.568294,0.274687
0.040075004,-1.304302,0.896669,-0.013948001,-0.007996,0.744325,-0.66762394,0.043701,0.00654,0.248646,-1.02784,0.404538,-0.546914,0.444677,0.141352,0.621815,-0.20995,0.75766,0.381711,0.245657,0.332086,-0.260071,-0.510819,-0.009184,0.04937,-0.075104,-0.821354,-0.116574,-0.189833,0.904872,-0.224048,0.034444,0.328952,-0.193848,-0.725995,0.578704,-0.54848,0.284319
0.041971,-1.318603,0.891934,-0.0087979995,-0.00048499997,0.74214196,-0.670185,0.039385,0.010022,0.259785,-1.006834,0.399209,-0.582057,0.458861,0.143421,0.625669,-0.186346,0.75797,0.36581,0.232647,0.330208,-0.259327,-0.508542,-0.001803,0.047095,-0.075877,-0.810332,-0.144282,-0.206331,0.942677,-0.196129,0.062673,0.351523,-0.213213,-0.719716,0.613054,-0.522577,0.295449
0.044643003,-1.332981,0.888328,-0.0042950003,0.0065960004,0.73877805,-0.673902,0.030731,0.01495,0.259863,-0.986837,0.397998,-0.618685,0.472442,0.145145,0.624133,-0.150609,0.757441,0.332063,0.224372,0.324651,-0.256853,-0.514958,0.003547,0.050056,-0.077387,-0.791204,-0.164685,-0.194832,0.970249,-0.195553,0.0577,0.358058,-0.248886,-0.695832,0.678867,-0.482379,0.300916
0.04790899,-1.347,0.88629395,-0.00021399999,0.013174999,0.734088,-0.67892706,0.0185,0.020217,0.246365,-0.968968,0.404827,-0.655047,0.483876,0.150457,0.624491,-0.103613,0.759225,0.282914,0.216801,0.315305,-0.252873,-0.526791,0.005864,0.061939,-0.073909,-0.763571,-0.204144,-0.183245,0.98994,-0.217819,0.0806,0.347484,-0.303133,-0.660167,0.774051,-0.423032,0.29729
0.052006878,-1.3597666,0.88500106,0.0032748936,0.020358782,0.7284561,-0.6847818,0.0057333894,0.029164726,0.21895285,-0.9531985,0.42391944,-0.6935938,0.4995495,0.15962672,0.6274309,-0.052354563,0.759058,0.23265654,0.20981221,0.31387505,-0.24863213,-0.5178883,0.0077059437,0.07351365,-0.07560595,-0.731945,-0.2438618,-0.16672851,0.9992777,-0.2408093,0.107742175,0.29147172,-0.36293116,-0.560603,0.91542566,-0.3275569,0.25028744
0.05656586,-1.3706226,0.884184,0.006085914,0.026876805,0.7250252,-0.688171,-0.0018747677,0.041542623,0.18651499,-0.9388584,0.44126746,-0.73945355,0.50267196,0.16582781,0.63446873,-0.018012049,0.76189995,0.19589911,0.1935465,0.32156476,-0.2422542,-0.4936537,0.008573974,0.08389868,-0.07318608,-0.69988,-0.28169587,-0.1532174,0.999843,-0.2574905,0.1344142,0.19256602,-0.40967157,-0.41459745,1.0698073,-0.16511497,0.20922527
0.061037853,-1.3794178,0.88431597,0.0078109475,0.032719817,0.724521,-0.688431,-0.0008970299,0.054806594,0.14457728,-0.92710537,0.4615574,-0.78195673,0.49527025,0.17039786,0.6541634,0.0039363303,0.7681048,0.1667199,0.17874745,0.32430792,-0.2387311,-0.47910243,0.00922098,0.09016082,-0.06390128,-0.66845495,-0.313969,-0.14592722,0.9923012,-0.2674217,0.15652332,0.064828895,-0.42205465,-0.23969534,1.1989751,0.05562426,0.2021372
0.065217994,-1.38599,0.885855,0.007923001,0.037505995,0.72513187,-0.6875421,0.00661,0.06515,0.079568,-0.917885,0.501715,-0.809875,0.496092,0.170428,0.675347,0.018316,0.776278,0.143912,0.164583,0.318463,-0.238798,-0.47569,0.005674,0.091742,-0.052506,-0.634793,-0.336516,-0.139438,0.975188,-0.270203,0.174978,-0.071236,-0.418688,-0.089914,1.335078,0.109191,0.192184
0.069053,-1.390821,0.8889179,0.006603999,0.041621,0.72630906,-0.686076,0.017107,0.072799,-0.010179,-0.917517,0.559949,-0.815394,0.495338,0.169331,0.690529,0.028662,0.785486,0.131624,0.151889,0.311534,-0.239333,-0.474644,-0.001948,0.088374,-0.040939,-0.597285,-0.350625,-0.134908,0.948445,-0.266456,0.188393,-0.216854,-0.401193,0.042787,1.473826,0.07221,0.188801
0.07226099,-1.393806,0.89333797,0.0043000015,0.045071,0.7281861,-0.683882,0.029699,0.078108,-0.1197,-0.926876,0.630756,-0.800217,0.482092,0.160969,0.699033,0.036942,0.796382,0.124775,0.14577,0.30799,-0.240819,-0.473136,-0.01038,0.077937,-0.02797,-0.561556,-0.352525,-0.134495,0.917357,-0.257822,0.196861,-0.374756,-0.348413,0.173877,1.599135,0.069158,0.20775
0.07478099,-1.395474,0.89834493,0.0012949994,0.048071004,0.7311681,-0.68050104,0.045537,0.082438,-0.237349,-0.944997,0.705085,-0.775147,0.455859,0.142995,0.705573,0.038765,0.808783,0.125368,0.140531,0.305277,-0.242008,-0.469805,-0.018933,0.062876,-0.01537,-0.529668,-0.343181,-0.132058,0.886127,-0.248202,0.200817,-0.535383,-0.263383,0.292701,1.704576,0.090476,0.234408
0.076935,-1.396543,0.90383095,-0.002744,0.049521998,0.736773,-0.674319,0.068236,0.084074,-0.34907,-0.9672,0.763891,-0.753175,0.436304,0.11884,0.716606,0.028225,0.823201,0.1305,0.135763,0.305987,-0.241646,-0.466602,-0.030272,0.046133,0.001503,-0.50044,-0.325664,-0.128268,0.855844,-0.239545,0.198527,-0.690207,-0.157464,0.385187,1.783425,0.1106,0.248662
0.07915093,-1.397902,0.9093058,-0.007483854,0.049821988,0.7457418,-0.66432816,0.09807108,0.08552095,-0.447651,-0.9842465,0.80709666,-0.7445723,0.43233213,0.092306815,0.7259857,0.009332577,0.83825153,0.14533454,0.13733795,0.30977687,-0.24083702,-0.46921894,-0.045831528,0.031989433,0.025849257,-0.46959293,-0.3056956,-0.11981025,0.8267179,-0.23339419,0.19693206,-0.8344326,-0.05196422,0.44605014,1.8274337,0.11651982,0.25487882
0.08173591,-1.399543,0.9149139,-0.01337382,0.04792206,0.7571197,-0.65137845,0.13583685,0.08023316,-0.53608835,-0.9938087,0.8362741,-0.7516748,0.43854183,0.072734594,0.73294485,-0.017041195,0.85298353,0.1714442,0.1439108,0.3127999,-0.24203396,-0.4751638,-0.06749435,0.021015335,0.061098922,-0.43680102,-0.28637558,-0.11175725,0.7970409,-0.2267822,0.1937971,-0.9708398,0.045349028,0.478677,1.8390126,0.09967651,0.25585097
0.08483792,-1.4019408,0.92015874,-0.021076767,0.045458082,0.7708876,-0.6349975,0.18297255,0.0738002,-0.6107747,-0.993449,0.85287344,-0.7764282,0.45013663,0.06399627,0.7431706,-0.050804973,0.8641747,0.21035881,0.1538067,0.3154739,-0.24377696,-0.4827038,-0.0968241,0.010279328,0.10807556,-0.4007421,-0.26811054,-0.10590418,0.7717638,-0.22306311,0.18833816,-1.0961462,0.1309094,0.48987865,1.8212376,0.06293712,0.25954688
0.08912787,-1.4051019,0.9257778,-0.029704737,0.04013716,0.7852035,-0.61722153,0.22484173,0.052322656,-0.6802849,-0.9885372,0.86227673,-0.8119649,0.45421287,0.06004012,0.7511768,-0.08902983,0.87492365,0.25845152,0.16257873,0.315591,-0.24212505,-0.48700285,-0.13458984,0.0018532572,0.16279334,-0.36249018,-0.24928856,-0.10694997,0.7491816,-0.2204191,0.18385413,-1.2143555,0.20558472,0.48284224,1.7795572,0.030647986,0.24803336
0.09353587,-1.4085948,0.93067586,-0.03819174,0.03465317,0.7990086,-0.59910446,0.26631272,0.03173963,-0.746134,-0.9835671,0.8712397,-0.84765095,0.44366133,0.04957532,0.7619167,-0.12985975,0.8857796,0.30308667,0.16666088,0.32020986,-0.24077705,-0.49200284,-0.17274983,-0.0011569081,0.2181793,-0.32508013,-0.23535644,-0.10934392,0.72861564,-0.21822307,0.18297602,-1.3289706,0.26717412,0.46986037,1.716657,0.008400679,0.23064953
0.098838985,-1.412625,0.93454194,-0.045772,0.030045997,0.81149495,-0.5817891,0.304308,0.014088,-0.810628,-0.983117,0.885079,-0.878126,0.429755,0.030113,0.771295,-0.16753,0.89196,0.342033,0.168923,0.32521,-0.236895,-0.493836,-0.20975,-0.004378,0.2691,-0.291889,-0.221125,-0.112033,0.718041,-0.22167,0.184752,-1.436534,0.311382,0.441021,1.633328,-0.014583,0.218598
0.10404,-1.417425,0.936713,-0.051141,0.026994,0.822405,-0.56595504,0.337364,0.001528,-0.873113,-0.985713,0.911784,-0.905853,0.419651,0.013746,0.775923,-0.19745,0.894307,0.369753,0.16986,0.33317,-0.230951,-0.492819,-0.243854,-0.012008,0.312367,-0.269057,-0.20055,-0.118139,0.731143,-0.238925,0.184959,-1.535244,0.350896,0.398787,1.53695,-0.030012,0.202067
0.108739,-1.422554,0.938047,-0.054408,0.025235,0.8317149,-0.551954,0.366498,-0.006168,-0.931076,-0.990096,0.947272,-0.926661,0.416838,-0.01292,0.771101,-0.220493,0.89646,0.382051,0.168536,0.333101,-0.228468,-0.489056,-0.2704,-0.01536,0.347274,-0.247332,-0.183914,-0.118642,0.742887,-0.256673,0.186574,-1.625327,0.383805,0.35644,1.427856,-0.042416,0.181016
0.11247888,-1.4281417,0.939454,-0.056593936,0.024704017,0.83892775,-0.54072833,0.3895743,-0.011864826,-0.9793026,-0.99900675,0.9866348,-0.9426675,0.41886294,-0.04011017,0.770925,-0.23428658,0.895763,0.37973905,0.16657107,0.3263992,-0.23031494,-0.4858411,-0.29197735,-0.018412907,0.37220326,-0.22304875,-0.16760251,-0.114769116,0.7479778,-0.27276152,0.18553403,-1.7038456,0.416247,0.31846917,1.3091687,-0.042305,0.1612416
0.114822924,-1.4343859,0.940269,-0.057877965,0.025838964,0.84539384,-0.53036934,0.41025838,-0.013448952,-1.011095,-1.0036108,1.0209011,-0.9618375,0.418514,-0.06467025,0.7599943,-0.24165778,0.8931601,0.3736502,0.16624801,0.32465005,-0.230396,-0.48769096,-0.30950847,-0.023465848,0.39222038,-0.20094667,-0.14851558,-0.10857919,0.7574787,-0.29298636,0.18168512,-1.7674971,0.45373985,0.2916618,1.1809199,-0.030421363,0.15635315
0.115905,-1.441122,0.941235,-0.058159,0.027074,0.85113,-0.52102,0.428249,-0.014016,-1.029264,-1.002511,1.053679,-0.984186,0.415033,-0.085393,0.726776,-0.242661,0.892072,0.358743,0.167143,0.323868,-0.228809,-0.491867,-0.324111,-0.024773,0.408474,-0.174232,-0.130607,-0.098277,0.760005,-0.311279,0.176887,-1.818135,0.49429,0.281318,1.053239,-0.020754,0.164111
0.116046,-1.448074,0.942222,-0.059595,0.029144999,0.856225,-0.51232594,0.4432,-0.017173,-1.037818,-0.995579,1.089105,-1.007212,0.411753,-0.094357,0.672916,-0.241627,0.888633,0.34291,0.170958,0.32286,-0.229226,-0.495967,-0.341395,-0.02435,0.426835,-0.140255,-0.116083,-0.087118,0.756596,-0.327358,0.172339,-1.859015,0.531076,0.291214,0.939163,-0.021359,0.185707
0.115998,-1.454942,0.94286007,-0.060359,0.031087998,0.86077,-0.50444597,0.456665,-0.017849,-1.045816,-0.98528,1.142861,-1.024891,0.422916,-0.089378,0.599356,-0.237755,0.885104,0.327854,0.177398,0.322774,-0.226107,-0.500997,-0.355362,-0.023313,0.446193,-0.110576,-0.103818,-0.080365,0.755327,-0.342807,0.169511,-1.900685,0.556813,0.296479,0.85079,-0.029222,0.19722
0.1161,-1.461325,0.94319296,-0.061078995,0.032909,0.864703,-0.497468,0.468407,-0.017402,-1.053449,-0.975201,1.210205,-1.03828,0.45081,-0.076174,0.51103,-0.234812,0.880384,0.316623,0.182614,0.328042,-0.224737,-0.500824,-0.367432,-0.021705,0.466151,-0.085261,-0.095084,-0.077256,0.755546,-0.356367,0.171115,-1.942608,0.563505,0.278536,0.793624,-0.036727,0.204942
0.11686197,-1.4668688,0.9435161,-0.061365984,0.034626953,0.86815995,-0.49125722,0.4789237,-0.01443609,-1.052985,-0.96194035,1.2510118,-1.0615842,0.516255,-0.023794599,0.51562387,-0.23420301,0.8751222,0.31005022,0.18729386,0.32787,-0.22423601,-0.5022829,-0.37358078,-0.01978006,0.48482943,-0.06675056,-0.09101212,-0.07511506,0.75357807,-0.36546072,0.17522587,-1.9833837,0.5545203,0.23104544,0.75905,-0.047350675,0.18931848
0.118006,-1.471292,0.944009,-0.062035,0.036389,0.87071294,-0.486505,0.486327,-0.010933,-1.034135,-0.932111,1.217777,-1.140153,0.581337,0.038021,0.674357,-0.235199,0.868563,0.303376,0.189419,0.323794,-0.22156,-0.501313,-0.375283,-0.020335,0.498001,-0.05554,-0.090193,-0.072636,0.749339,-0.370122,0.18107,-2.011013,0.538637,0.171942,0.733777,-0.068812,0.165521
0.11878897,-1.474297,0.94450694,-0.062035,0.036389,0.87071294,-0.486505,0.48258513,-0.008541073,-1.0298471,-0.92467725,1.1627997,-1.1861246,0.5102952,0.032266174,0.57078713,-0.22938217,0.8623742,0.28958243,0.1925359,0.32360303,-0.21897508,-0.50372094,-0.37651494,-0.024945859,0.49858096,-0.050503153,-0.08614112,-0.06727917,0.74719906,-0.37397987,0.18509388,-2.0235505,0.51750165,0.09857724,0.71585256,-0.088869385,0.1558193
0.119022,-1.4760149,0.944874,-0.062457,0.037051003,0.8697932,-0.48804393,0.47167334,-0.007116044,-1.0533442,-0.92251104,1.1579002,-1.2021515,0.50419617,0.017363457,0.39473435,-0.21787536,0.8572572,0.2731745,0.19749485,0.32183403,-0.21719004,-0.50848186,-0.37640804,-0.029435864,0.48791933,-0.048370067,-0.08294509,-0.060402207,0.74525803,-0.3765459,0.1882689,-2.0288057,0.51139915,0.06721896,0.7214379,-0.08742704,0.15405904
0.11848002,-1.47716,0.94526494,-0.062896974,0.03605603,0.868122,-0.49102795,0.46030834,-0.0057190424,-1.0697325,-0.91971505,1.1657188,-1.2140347,0.52531034,0.02160487,0.4007658,-0.2082253,0.85384715,0.2669672,0.19869895,0.3186531,-0.21626703,-0.5096889,-0.37415805,-0.03374787,0.4749304,-0.052496873,-0.08132805,-0.05557615,0.74495703,-0.37796697,0.19040693,-2.029907,0.51908875,0.07577774,0.7450143,-0.06934155,0.15921585
0.11736,-1.478109,0.9459639,-0.06383101,0.034894,0.867195,-0.492627,0.453708,-0.003357,-1.082114,-0.909561,1.165718,-1.224159,0.517485,0.039258,0.430835,-0.205352,0.853747,0.266467,0.197024,0.313548,-0.2139,-0.511144,-0.370748,-0.037947,0.46234,-0.058932,-0.078022,-0.04819,0.742933,-0.377976,0.189681,-2.026981,0.538471,0.114731,0.789332,-0.046166,0.170588
0.11589004,-1.478154,0.94684887,-0.065241955,0.033086054,0.866182,-0.494346,0.4476732,-0.0017620487,-1.0972055,-0.8966764,1.1608591,-1.2287338,0.48913085,0.027354363,0.3948971,-0.20759794,0.85610795,0.27267882,0.18991622,0.313285,-0.21624193,-0.50982106,-0.3673661,-0.041509893,0.44905138,-0.06804572,-0.07432812,-0.040517233,0.7403731,-0.37615505,0.18834104,-2.0142941,0.5649442,0.17468017,0.8476612,-0.02747557,0.18800147
0.114502,-1.477438,0.94784,-0.06597501,0.031262003,0.865373,-0.49578196,0.442303,0.00059,-1.103756,-0.884684,1.146956,-1.2313,0.469393,0.026235,0.384768,-0.212471,0.860686,0.281014,0.18177,0.321632,-0.219507,-0.501743,-0.360248,-0.047596,0.439239,-0.085636,-0.06804,-0.039479,0.741812,-0.373428,0.185488,-1.987633,0.575765,0.215216,0.904147,-0.022198,0.18951
0.11258206,-1.476041,0.94940394,-0.067790955,0.02862508,0.86341804,-0.49909294,0.4325383,0.0003350078,-1.1093789,-0.87792724,1.1287355,-1.23198,0.45248255,0.033743773,0.39736763,-0.21392496,0.8664468,0.27881807,0.17786612,0.32265797,-0.21923201,-0.49982205,-0.35192126,-0.05253085,0.42066458,-0.10337246,-0.06458311,-0.031791236,0.73489726,-0.36527523,0.18376106,-1.9540541,0.57585,0.22890559,0.970388,-0.018261122,0.18649809
0.111741,-1.474514,0.9508201,-0.068817,0.026541,0.86143994,-0.502475,0.423375,0.001051,-1.114354,-0.876064,1.110201,-1.227794,0.429677,0.033055,0.393953,-0.213545,0.86985,0.283061,0.178806,0.323349,-0.218659,-0.496509,-0.338632,-0.057792,0.398315,-0.124061,-0.063937,-0.021624,0.726734,-0.355793,0.185814,-1.920182,0.575596,0.241208,1.052221,-0.013045,0.180241
0.11250703,-1.472781,0.9518321,-0.069839,0.024882952,0.85872096,-0.50705117,0.41037062,0.0023550603,-1.1231853,-0.88481337,1.0978199,-1.2163738,0.40914443,0.032149967,0.39023304,-0.21489896,0.86865693,0.28455245,0.18349515,0.329607,-0.21111864,-0.4865125,-0.32361752,-0.055828862,0.3801144,-0.13985935,-0.079883546,-0.015733767,0.7099214,-0.33937746,0.1964763,-1.8644303,0.575814,0.2892747,1.1258799,-0.038682412,0.16471894
0.11342797,-1.471548,0.9526589,-0.069734015,0.023311049,0.85557514,-0.5124309,0.39764938,0.0043329396,-1.1313808,-0.89688665,1.0933281,-1.2053223,0.39014357,0.031062033,0.39160696,-0.21317604,0.8662221,0.29904255,0.18851885,0.329917,-0.19936536,-0.47068846,-0.3072925,-0.051275138,0.3603226,-0.15111266,-0.09764746,-0.0081212325,0.6891266,-0.32237655,0.2059897,-1.8078357,0.575881,0.3450053,1.2182602,-0.052229587,0.16268806
0.11393002,-1.470489,0.9535581,-0.069859,0.021633001,0.852831,-0.517041,0.384722,0.004706,-1.136409,-0.90377,1.092971,-1.200971,0.374241,0.028919,0.390133,-0.216758,0.866363,0.332853,0.190412,0.328044,-0.184874,-0.453837,-0.292119,-0.048052,0.334116,-0.16157,-0.109243,0.007454,0.667999,-0.30732,0.211254,-1.74188,0.575825,0.393056,1.307714,-0.056551,0.169097
0.113921,-1.469768,0.95438296,-0.07000198,0.019827057,0.8499081,-0.52188486,0.37293735,0.0042860126,-1.1403428,-0.90753686,1.1007718,-1.2024529,0.3671892,0.024827125,0.38059226,-0.22216284,0.86849594,0.3787796,0.19230494,0.3316719,-0.17470431,-0.43883848,-0.28029737,-0.048494987,0.30396292,-0.17281266,-0.112303905,0.023767503,0.65410244,-0.2977283,0.21343593,-1.6637164,0.57365006,0.43444672,1.3910545,-0.061573848,0.1724829
0.11405401,-1.469339,0.95513,-0.069329,0.018762,0.847757,-0.5254999,0.362858,0.004484,-1.13897,-0.90898,1.110558,-1.204684,0.365877,0.023392,0.371866,-0.23456,0.874037,0.43295,0.189888,0.340127,-0.167282,-0.420019,-0.266451,-0.047534,0.279561,-0.182482,-0.116496,0.037997,0.638775,-0.28768,0.215403,-1.578455,0.55625,0.470068,1.468072,-0.067421,0.175627
0.114328,-1.468923,0.9556581,-0.068785,0.017901,0.84561104,-0.52904606,0.351558,0.005303,-1.134936,-0.911479,1.120648,-1.205382,0.357962,0.018923,0.36273,-0.252134,0.880787,0.498581,0.185919,0.343171,-0.159758,-0.403562,-0.253065,-0.044419,0.256141,-0.189968,-0.123545,0.053091,0.621476,-0.276918,0.218045,-1.48605,0.52376,0.501904,1.534267,-0.076683,0.179347
0.114481,-1.468628,0.95598507,-0.0682,0.016873002,0.843638,-0.532296,0.339331,0.005023,-1.128077,-0.913379,1.129761,-1.20488,0.346527,0.01604,0.360227,-0.273006,0.891124,0.56678,0.184232,0.339889,-0.151888,-0.388472,-0.239808,-0.04164,0.232359,-0.19996,-0.128251,0.06739,0.608389,-0.268368,0.218261,-1.390635,0.485019,0.529304,1.589433,-0.077383,0.180129
0.11441899,-1.468692,0.956163,-0.067633994,0.016213,0.84113,-0.5363421,0.32613,0.003334,-1.118599,-0.919022,1.138112,-1.201317,0.330127,0.010411,0.357874,-0.293106,0.902065,0.638509,0.186434,0.336695,-0.139388,-0.369069,-0.228635,-0.039535,0.206881,-0.207188,-0.131889,0.082518,0.59686,-0.262,0.21784,-1.289046,0.436765,0.551939,1.632717,-0.075196,0.177186
0.11433799,-1.469048,0.95613,-0.06719898,0.016464997,0.83833,-0.54075503,0.31021643,0.0011599025,-1.1061326,-0.9283473,1.1440991,-1.1940157,0.31409258,0.0041228617,0.3526069,-0.31838983,0.9165556,0.70973206,0.18423398,0.34270015,-0.1185272,-0.34277114,-0.21758674,-0.03807188,0.17459397,-0.21239407,-0.13557014,0.10355968,0.5852427,-0.2575399,0.21886508,-1.1849087,0.38259304,0.5682353,1.6602254,-0.06732753,0.18107803
0.113831,-1.4696019,0.95583314,-0.06674501,0.016352003,0.83538604,-0.5453519,0.29195657,-0.0020349023,-1.0924114,-0.9379637,1.1475888,-1.1863862,0.30097142,-0.00040686177,0.3484891,-0.34606516,0.9355054,0.77622896,0.18352501,0.34736785,-0.0919798,-0.31436485,-0.20948625,-0.034001123,0.14094503,-0.21490392,-0.13999486,0.12578931,0.5757393,-0.2553661,0.22100693,-1.0774863,0.31813896,0.5781507,1.6716416,-0.051911473,0.18191497
0.112669,-1.470287,0.95532995,-0.06553501,0.015518999,0.83214206,-0.550459,0.273805,-0.005399,-1.077359,-0.948424,1.149351,-1.178248,0.28855,-0.005343,0.34508,-0.375198,0.961627,0.837051,0.180591,0.344464,-0.061397,-0.283696,-0.2023,-0.026229,0.102882,-0.215393,-0.144702,0.15028,0.566735,-0.254744,0.220986,-0.969622,0.248394,0.582344,1.667591,-0.034228,0.184462
0.11142403,-1.4710078,0.95451593,-0.06427403,0.014191041,0.82887113,-0.55555385,0.25312462,-0.008253913,-1.0617155,-0.95998967,1.150216,-1.1690444,0.27455342,-0.009867862,0.34355602,-0.406982,0.99263304,0.89925915,0.17799208,0.3406121,-0.033691846,-0.2551139,-0.19470422,-0.015644325,0.06521915,-0.21822591,-0.15205577,0.17360629,0.5589342,-0.25421903,0.22148798,-0.86935806,0.16552153,0.5739712,1.6499656,-0.033133034,0.17627625
0.110111,-1.472211,0.9534861,-0.063552,0.012607999,0.8247389,-0.56179,0.229108,-0.010615,-1.047321,-0.976004,1.153528,-1.160021,0.260614,-0.015495,0.336516,-0.439037,1.024636,0.957123,0.179685,0.340607,-0.008411,-0.231466,-0.190223,-0.002522,0.02341,-0.217102,-0.163453,0.200517,0.547837,-0.253698,0.223661,-0.773236,0.065402,0.551864,1.617059,-0.041147,0.171687
0.10918003,-1.474034,0.95193106,-0.06239603,0.012315007,0.82131714,-0.56691474,0.20652969,-0.008814055,-1.0276955,-0.9920845,1.153553,-1.1513072,0.2570171,-0.015796991,0.33154118,-0.47425193,1.0595429,1.0185851,0.18408287,0.34603286,0.012800353,-0.20939767,-0.18513717,0.0113955755,-0.019644685,-0.21414208,-0.17775457,0.23262402,0.5364053,-0.25530797,0.22817487,-0.6818298,-0.054177348,0.5100243,1.5632087,-0.058355473,0.15485851
0.107616,-1.47612,0.950367,-0.061546,0.009956998,0.817586,-0.5724211,0.182152,-0.009609,-1.008787,-1.006743,1.15299,-1.14699,0.255222,-0.014017,0.327507,-0.510295,1.099392,1.070242,0.193387,0.351843,0.033016,-0.192655,-0.184224,0.030763,-0.063693,-0.208937,-0.194857,0.266577,0.521422,-0.256043,0.232083,-0.591251,-0.188677,0.445091,1.488143,-0.083174,0.132375
0.105261,-1.479045,0.948433,-0.060847,0.008842999,0.81465095,-0.576684,0.158406,-0.007126,-0.979174,-1.017374,1.147571,-1.153163,0.24409,-0.023,0.311142,-0.548544,1.142197,1.117351,0.207062,0.35673,0.050909,-0.182859,-0.180341,0.049396,-0.103137,-0.206319,-0.213392,0.29902,0.508551,-0.259342,0.234675,-0.503673,-0.329409,0.353709,1.400168,-0.110714,0.104582
0.10157712,-1.482101,0.94675004,-0.060570013,0.0074390434,0.81225294,-0.58010393,0.13675666,-0.003886099,-0.9432431,-1.01513,1.1372863,-1.1670595,0.27283013,0.00054128154,0.3219897,-0.59143066,1.1895485,1.1610537,0.22490844,0.35524803,0.06998442,-0.17208333,-0.17756307,0.066202484,-0.14361076,-0.20612101,-0.22483365,0.33283097,0.50191617,-0.2668208,0.23205209,-0.4133168,-0.45927903,0.23726155,1.3065978,-0.13967311,0.07990775
0.09676014,-1.4838359,0.94556904,-0.06337591,0.0055380575,0.811625,-0.580705,0.12390239,-0.007053904,-0.8966134,-1.0026144,1.1183466,-1.1927233,0.29011247,0.010564694,0.3262339,-0.6500032,1.2465883,1.2023757,0.2384606,0.34441632,0.086828485,-0.16206929,-0.177897,0.078761615,-0.18468075,-0.21408376,-0.22594796,0.37108985,0.50404596,-0.27692467,0.22313327,-0.33009154,-0.57200456,0.10515303,1.2172086,-0.1592204,0.061407566
0.09155401,-1.483419,0.94491404,-0.068292,0.005865001,0.816315,-0.57352495,0.13564,-0.014616,-0.829317,-0.969968,1.084143,-1.219669,0.305771,0.012306,0.333646,-0.736192,1.336658,1.250669,0.217273,0.32739,0.11146,-0.14133,-0.17826,0.081199,-0.211839,-0.226771,-0.210264,0.412244,0.52043,-0.292084,0.205013,-0.243367,-0.656558,-0.039065,1.131971,-0.160058,0.051699
0.0849322,-1.4814961,0.945415,-0.0749278,0.0041990504,0.8188239,-0.56911814,0.14282678,-0.031061497,-0.7706648,-0.94420385,1.0629407,-1.2313637,0.32061055,0.005162218,0.33903286,-0.8192385,1.4110777,1.2912416,0.2274257,0.30845958,0.1248736,-0.14038701,-0.18271686,0.07915207,-0.24741592,-0.24216153,-0.1813639,0.45271873,0.54085636,-0.30576858,0.18115073,-0.15716162,-0.7128113,-0.18687949,1.0458436,-0.1340448,0.053239956
0.077844,-1.477345,0.946753,-0.08027801,0.0015179998,0.821922,-0.563913,0.144135,-0.048784,-0.719676,-0.920033,1.05847,-1.220466,0.345167,-0.00623,0.347311,-0.904494,1.484324,1.306311,0.254347,0.30046,0.125987,-0.137122,-0.184122,0.079639,-0.282607,-0.256997,-0.146278,0.494177,0.554753,-0.311528,0.155513,-0.082103,-0.746557,-0.325444,0.961149,-0.089087,0.058787
0.07103521,-1.4712601,0.948156,-0.08532085,-0.0012919138,0.8259399,-0.55726224,0.14558996,-0.057789728,-0.6716464,-0.8971147,1.059802,-1.1956627,0.3744531,-0.01900761,0.36308852,-0.99055636,1.51685,1.3085588,0.3585698,0.29160428,0.10086577,-0.11606165,-0.18342902,0.07990899,-0.31336203,-0.27474847,-0.10429728,0.5328588,0.5714955,-0.31360093,0.12819982,-0.023782779,-0.7640495,-0.45126715,0.8837544,-0.046847288,0.0653228
0.064378,-1.463566,0.949908,-0.090315,-0.005735,0.831072,-0.548753,0.151893,-0.067712,-0.623933,-0.872465,1.061591,-1.162463,0.400723,-0.033562,0.382357,-1.077708,1.5178,1.306039,0.517759,0.278382,0.060612,-0.095026,-0.183953,0.08369,-0.342831,-0.290853,-0.058952,0.573463,0.583643,-0.309176,0.102447,0.013369,-0.767604,-0.549898,0.810122,-0.016424,0.074595
0.05862535,-1.4544885,0.95169485,-0.095198706,-0.010577704,0.83729964,-0.5382887,0.1647402,-0.07700543,-0.57390505,-0.8481115,1.0573003,-1.1231834,0.416851,-0.04735316,0.40237677,-1.1707383,1.518208,1.2929878,0.6646,0.2525316,0.027967993,-0.081243835,-0.18437697,0.08835172,-0.36457965,-0.30521113,-0.012919809,0.6107007,0.5914065,-0.29841864,0.07755952,0.034606703,-0.75789857,-0.6203037,0.73974735,0.0065076,0.08312748
0.053480152,-1.4440233,0.9531809,-0.09963188,-0.016641816,0.84388596,-0.5269284,0.1808785,-0.08713969,-0.5274434,-0.82345974,1.057116,-1.0845342,0.4393683,-0.06176756,0.40982875,-1.2709,1.518317,1.2766665,0.7884032,0.20341949,0.0051736957,-0.07682314,-0.18353203,0.09594077,-0.38256443,-0.32311445,0.03460955,0.642552,0.5991828,-0.28316548,0.055589672,0.033167046,-0.73521674,-0.6453683,0.673263,0.023479482,0.09757755
0.048903868,-1.4324465,0.953778,-0.103118114,-0.022898212,0.8503583,-0.5154926,0.19826165,-0.095409274,-0.4791595,-0.7976241,1.052151,-1.0480312,0.4540225,-0.06840522,0.44089362,-1.3793536,1.51834,1.2572154,0.8875004,0.14601336,-0.0023259474,-0.074323915,-0.17949487,0.1084105,-0.39641628,-0.34459078,0.0788583,0.6702787,0.6061883,-0.26460037,0.03809654,0.011001201,-0.70990527,-0.63073575,0.62433195,0.0057226922,0.15522976
0.044543136,-1.4197245,0.95332104,-0.10677088,-0.02985579,0.8570597,-0.50314736,0.21948434,-0.104492724,-0.4306145,-0.7671719,1.049018,-1.0186888,0.4703155,-0.07536279,0.46071437,-1.4987463,1.518353,1.2395716,0.9654296,0.09245863,-0.00060005265,-0.07141708,-0.17524514,0.1248535,-0.40483972,-0.3700362,0.1216207,0.69296426,0.6154067,-0.24439362,0.022915464,-0.015178201,-0.6854587,-0.6237952,0.58892506,-0.037124693,0.24554624
0.040165998,-1.406487,0.95198697,-0.110780984,-0.036737002,0.86375606,-0.490208,0.243061,-0.112641,-0.37684,-0.736372,1.041756,-0.994893,0.487022,-0.078745,0.47838,-1.627799,1.518361,1.22608,1.01915,0.043526,0.015332,-0.066577,-0.171536,0.1394,-0.406398,-0.398852,0.165935,0.702492,0.629633,-0.224719,0.010049,-0.03438,-0.655152,-0.628067,0.556956,-0.092241,0.312367
0.035808004,-1.393689,0.95004195,-0.11598,-0.043774005,0.86976606,-0.47763997,0.266964,-0.122768,-0.320248,-0.707437,1.035114,-0.976009,0.508321,-0.081563,0.487714,-1.762702,1.518364,1.213473,1.051215,-0.009777,0.03313,-0.064763,-0.171042,0.145071,-0.406829,-0.43882,0.213689,0.67112,0.652316,-0.207458,-0.000373,-0.063828,-0.617934,-0.609343,0.547727,-0.163961,0.314033
0.032018,-1.382029,0.9475799,-0.121419,-0.050658,0.874948,-0.46600103,0.292139,-0.132867,-0.262457,-0.684534,1.03147,-0.959026,0.536016,-0.085377,0.492312,-1.893167,1.518361,1.19261,1.065128,-0.068184,0.044415,-0.072866,-0.173764,0.150834,-0.404157,-0.470818,0.261752,0.652325,0.6735,-0.187945,-0.010718,-0.093732,-0.58826,-0.587539,0.552944,-0.237311,0.314065
0.029137,-1.371242,0.9451829,-0.12721902,-0.057483997,0.88021696,-0.45357302,0.322769,-0.145211,-0.198854,-0.667115,1.02365,-0.942759,0.557181,-0.085559,0.505326,-2.01586,1.518355,1.16532,1.064923,-0.124683,0.05743,-0.076419,-0.172963,0.156523,-0.391047,-0.539785,0.317431,0.591129,0.741334,-0.142911,-0.024397,-0.131273,-0.562159,-0.569627,0.571708,-0.303856,0.314055
0.028080996,-1.361774,0.94253695,-0.134057,-0.064275,0.8856981,-0.43981504,0.357021,-0.164204,-0.12827,-0.657157,1.006308,-0.928949,0.566387,-0.081193,0.520879,-2.131612,1.518344,1.130207,1.050838,-0.170281,0.073536,-0.070043,-0.1725,0.162401,-0.371396,-0.625064,0.360094,0.498715,0.809142,-0.083729,-0.021241,-0.182874,-0.544336,-0.539024,0.609011,-0.361987,0.313993
0.029290967,-1.3543613,0.9387691,-0.14030084,-0.069562845,0.89248675,-0.42301852,0.39407486,-0.17937253,-0.04420357,-0.6582329,0.9741979,-0.91755337,0.566296,-0.08198098,0.5317227,-2.2353518,1.518329,1.0862553,1.0250589,-0.20887983,0.09293441,-0.059737317,-0.16659218,0.17267768,-0.34276286,-0.71441823,0.36573783,0.37082592,0.8519317,-0.030302633,-0.013777228,-0.2649455,-0.544984,-0.47877085,0.6782469,-0.40913057,0.31386802
0.03324618,-1.3493949,0.9336068,-0.1460812,-0.07449713,0.8999821,-0.40391034,0.43722337,-0.19549647,0.046186768,-0.6673855,0.939501,-0.9131658,0.57122815,-0.07280267,0.5456924,-2.3267264,1.518298,1.028158,0.9857144,-0.23488948,0.112892814,-0.048149366,-0.15809968,0.18983951,-0.31025994,-0.7945672,0.31849223,0.19286473,0.8632638,-0.001884847,-0.053464133,-0.3799717,-0.5606024,-0.38258588,0.77298087,-0.43740147,0.31350797
0.03900882,-1.3456771,0.92720115,-0.15168382,-0.07878386,0.9079468,-0.38264668,0.48248863,-0.21105953,0.13686225,-0.6850365,0.90714604,-0.9090122,0.5750479,-0.062088326,0.55719066,-2.4067535,1.518241,0.9592941,0.93445563,-0.25041854,0.1393172,-0.027331635,-0.14797132,0.20661849,-0.27525207,-0.8677058,0.26067877,0.020096272,0.88812923,-0.029635152,-0.123434864,-0.5023273,-0.57398057,-0.28008112,0.8663501,-0.45290953,0.31278002
0.04536301,-1.342472,0.91951597,-0.158293,-0.082046,0.91481405,-0.36239,0.523635,-0.224926,0.216569,-0.706013,0.878736,-0.908319,0.564085,-0.091813,0.527866,-2.480976,1.518087,0.884118,0.87016,-0.255322,0.172421,0.002143,-0.140676,0.216521,-0.245026,-0.932527,0.215832,-0.11096,0.92531,-0.055599,-0.184735,-0.611393,-0.577751,-0.195455,0.943963,-0.470478,0.312875
0.051573813,-1.339645,0.9103822,-0.1642428,-0.08408194,0.9204919,-0.34445456,0.56089085,-0.23329474,0.28150403,-0.7295292,0.8647894,-0.90573806,0.55124944,-0.14412841,0.45012137,-2.5476,1.5127772,0.81803,0.80494505,-0.2522381,0.20487401,0.029284172,-0.13336122,0.22226582,-0.22140473,-0.99121016,0.18428697,-0.2060051,0.96817666,-0.070491545,-0.2300606,-0.7054901,-0.5729492,-0.12087728,1.0072551,-0.49848518,0.31313097
0.057804,-1.337549,0.899869,-0.16946898,-0.084902994,0.9244679,-0.33080196,0.589045,-0.238516,0.333382,-0.774802,0.883453,-0.883879,0.624667,0.00442,0.590008,-2.600561,1.458283,0.800862,0.796462,-0.26345,0.223794,0.048453,-0.127169,0.226508,-0.207114,-1.044087,0.157103,-0.277093,1.01408,-0.081517,-0.255405,-0.791807,-0.567988,-0.057316,1.065004,-0.533751,0.313006
0.064042,-1.336451,0.888249,-0.17381002,-0.08439301,0.927795,-0.319162,0.614032,-0.24071,0.386613,-0.808454,0.883693,-0.878078,0.635487,0.054996,0.653492,-2.639581,1.380876,0.813931,0.820506,-0.292408,0.233553,0.057179,-0.119698,0.228357,-0.19782,-1.093417,0.132863,-0.333626,1.064293,-0.087917,-0.274898,-0.882105,-0.556122,0.017007,1.130686,-0.562547,0.313713
0.06999001,-1.336252,0.875476,-0.178215,-0.08294901,0.93069994,-0.308474,0.633572,-0.243339,0.43953,-0.841119,0.868563,-0.877366,0.631942,0.072124,0.671531,-2.673193,1.305892,0.831888,0.843537,-0.327738,0.240669,0.06323,-0.113648,0.230375,-0.192564,-1.136908,0.10971,-0.377061,1.117722,-0.097466,-0.286912,-0.978038,-0.539422,0.101549,1.201589,-0.585124,0.313904
0.07579883,-1.336773,0.8617794,-0.18336587,-0.080733076,0.93339294,-0.29771838,0.6523594,-0.24924682,0.4921594,-0.875084,0.8475677,-0.877135,0.62876815,0.081810705,0.6816057,-2.703983,1.2404349,0.84699655,0.8582536,-0.35847306,0.24912874,0.07248671,-0.10763219,0.22824608,-0.18745315,-1.1829586,0.09602742,-0.40498713,1.1778831,-0.14240363,-0.29496276,-1.0704912,-0.5142628,0.18124858,1.2728019,-0.6060424,0.313949
0.081021845,-1.337789,0.84687936,-0.18874282,-0.077510096,0.9359679,-0.28693527,0.6713184,-0.25392985,0.54206747,-0.91059095,0.8290606,-0.876177,0.63503784,0.08603188,0.67899305,-2.7313612,1.1862926,0.8578157,0.8661188,-0.3740495,0.26018366,0.078920804,-0.10071321,0.22044224,-0.18509407,-1.2296146,0.103972755,-0.40621096,1.2310405,-0.20688103,-0.31281745,-1.1564554,-0.48041004,0.25110888,1.3451259,-0.62689537,0.31397498
0.085575856,-1.3390468,0.83067954,-0.19337086,-0.07290814,0.93875295,-0.27574536,0.6891085,-0.25508597,0.5943254,-0.9457839,0.8079716,-0.877426,0.64198375,0.08301009,0.6705713,-2.7521706,1.1455003,0.85999197,0.865361,-0.38321373,0.27309257,0.08141693,-0.09293824,0.2103483,-0.18486,-1.2771505,0.11483967,-0.40828395,1.2894962,-0.28275168,-0.31370798,-1.2392465,-0.44786698,0.31280312,1.4181397,-0.6451105,0.314
0.089685,-1.340035,0.813658,-0.19811602,-0.068674,0.94151694,-0.26378,0.703888,-0.254983,0.648904,-0.975681,0.786543,-0.886521,0.642816,0.075172,0.67067,-2.766258,1.116312,0.849927,0.856612,-0.396775,0.286797,0.086887,-0.084102,0.199934,-0.186934,-1.329699,0.13662,-0.40657,1.349635,-0.359262,-0.313832,-1.317714,-0.407418,0.366087,1.490043,-0.663861,0.314017
0.093388885,-1.341296,0.7961345,-0.20335586,-0.064352125,0.944051,-0.25154236,0.71942955,-0.25561196,0.69984245,-1.0038272,0.77277344,-0.8953848,0.6415471,0.06575629,0.6746599,-2.7786965,1.0944227,0.83848834,0.8447754,-0.40711468,0.30040658,0.09547074,-0.077263206,0.18743637,-0.18869096,-1.3895831,0.16040827,-0.40800995,1.416816,-0.42432,-0.313175,-1.3909327,-0.36938918,0.4083037,1.5602698,-0.6794725,0.314033
0.096945,-1.342633,0.7788289,-0.20930399,-0.060224,0.94602,-0.24002397,0.732107,-0.260239,0.744585,-1.028391,0.763581,-0.90722,0.64483,0.056609,0.671589,-2.789682,1.074365,0.830608,0.837015,-0.40978,0.31709,0.101896,-0.074844,0.17468,-0.189251,-1.454679,0.180141,-0.415197,1.489951,-0.469538,-0.309545,-1.455833,-0.328581,0.447856,1.628372,-0.69488,0.314047
0.10027889,-1.3439059,0.7620585,-0.21595979,-0.05607012,0.94731885,-0.22979231,0.74074376,-0.2664278,0.78010094,-1.0496852,0.75940114,-0.9192016,0.65029085,0.04480936,0.6634762,-2.7975068,1.0575315,0.82219726,0.8334441,-0.41812375,0.32937664,0.10734083,-0.07550099,0.1615854,-0.189367,-1.520224,0.1929776,-0.4306245,1.5600479,-0.501714,-0.30580512,-1.5158153,-0.2922211,0.480396,1.6917391,-0.70731366,0.314059
0.10340001,-1.345494,0.746066,-0.222195,-0.051269,0.948385,-0.22038102,0.747873,-0.270203,0.810061,-1.070798,0.756632,-0.928325,0.650885,0.035222,0.659612,-2.798911,1.044119,0.810009,0.832152,-0.436306,0.336147,0.114164,-0.077916,0.14594,-0.188461,-1.580784,0.199731,-0.454159,1.626589,-0.527946,-0.308804,-1.57066,-0.269021,0.503019,1.748408,-0.716307,0.314071
0.10601993,-1.346902,0.7314545,-0.2284268,-0.0479861,0.94915205,-0.21125428,0.75535077,-0.27526584,0.8315113,-1.0884134,0.76297975,-0.9356748,0.6444732,0.03058014,0.66153395,-2.795249,1.0315634,0.7947025,0.83331895,-0.45257053,0.34087884,0.117314905,-0.078617975,0.13451736,-0.18707004,-1.6379614,0.20583381,-0.47688332,1.6815563,-0.5509133,-0.31277987,-1.6208725,-0.23715197,0.5246223,1.7991714,-0.7228618,0.314078
0.10844892,-1.348213,0.7179154,-0.23341385,-0.044657104,0.94995916,-0.20273426,0.76298374,-0.27644297,0.84944046,-1.1031677,0.7699698,-0.94449073,0.63698924,0.028685058,0.6666909,-2.7875443,1.0220703,0.7821284,0.83359,-0.46699354,0.34600386,0.12091889,-0.080995925,0.12549427,-0.1840901,-1.6860305,0.21152183,-0.4932445,1.7319285,-0.57298636,-0.31365898,-1.6663595,-0.21350072,0.54595834,1.8448987,-0.7283148,0.314085
0.110411,-1.349049,0.70579,-0.238027,-0.041677,0.950466,-0.19549999,0.768009,-0.274984,0.862269,-1.112573,0.776882,-0.950266,0.642318,0.028718,0.677444,-2.779101,1.015623,0.774456,0.833678,-0.480341,0.349238,0.123444,-0.083836,0.118684,-0.184187,-1.728656,0.219425,-0.507889,1.775632,-0.592228,-0.313852,-1.707405,-0.19089,0.563669,1.885142,-0.732634,0.314091
0.11208795,-1.3496959,0.6950113,-0.24188188,-0.03884008,0.9509451,-0.1889142,0.7736438,-0.27085716,0.8710417,-1.1206927,0.77969694,-0.9567158,0.6392271,0.028592005,0.6934375,-2.7699971,1.0130721,0.76986116,0.83270705,-0.4945126,0.35158095,0.12391698,-0.08733889,0.11401614,-0.18508898,-1.764542,0.22669877,-0.52070355,1.8149348,-0.6069805,-0.313933,-1.7441518,-0.17113861,0.58020455,1.9204949,-0.7359959,0.314096
0.113372006,-1.350084,0.685284,-0.24509202,-0.035780005,0.9513351,-0.18333602,0.776898,-0.264107,0.874905,-1.125753,0.782264,-0.957579,0.632578,0.02517,0.702679,-2.762358,1.014461,0.768194,0.831672,-0.504809,0.352473,0.125334,-0.091175,0.109918,-0.186329,-1.795115,0.232816,-0.531387,1.850488,-0.618634,-0.313981,-1.777069,-0.155029,0.595435,1.952467,-0.739547,0.3141
0.11429201,-1.35022,0.676672,-0.24755798,-0.032678,0.9516421,-0.178956,0.779769,-0.255533,0.876243,-1.129711,0.781661,-0.955659,0.628153,0.029443,0.714954,-2.755203,1.019008,0.767485,0.831399,-0.509501,0.352643,0.123427,-0.093157,0.106845,-0.187845,-1.821354,0.236107,-0.54099,1.880947,-0.628506,-0.313998,-1.807034,-0.140567,0.609542,1.980204,-0.74241,0.314103
0.114997,-1.35008,0.669329,-0.249871,-0.029368,0.951843,-0.175202,0.782115,-0.248119,0.87167,-1.131281,0.784576,-0.950458,0.626954,0.044519,0.734498,-2.751885,1.026025,0.771041,0.830994,-0.506347,0.356991,0.121895,-0.095276,0.104675,-0.189274,-1.841862,0.238295,-0.5471,1.906121,-0.636364,-0.31401,-1.834442,-0.12821,0.623158,2.003773,-0.744023,0.314105
0.115434,-1.349864,0.663052,-0.25156,-0.025607,0.9518399,-0.17338802,0.782697,-0.241025,0.863391,-1.130922,0.791001,-0.9427,0.622339,0.048145,0.744548,-2.750831,1.034276,0.776399,0.8319,-0.503019,0.358445,0.117763,-0.096086,0.102418,-0.192337,-1.85885,0.239587,-0.550414,1.927287,-0.643154,-0.314011,-1.858854,-0.1174,0.636795,2.024116,-0.745094,0.314108
0.115884,-1.349557,0.6579649,-0.25291103,-0.022033904,0.951813,-0.17205298,0.78341,-0.23651396,0.85457677,-1.129947,0.79590195,-0.9368939,0.6147097,0.045517877,0.74952114,-2.749409,1.0424162,0.78028697,0.8354861,-0.50117385,0.3583489,0.11299192,-0.09704204,0.09939291,-0.19613004,-1.8731602,0.24281006,-0.5535431,1.9443303,-0.6487672,-0.314014,-1.8779715,-0.1079958,0.6467373,2.0399284,-0.745181,0.314109
0.116064,-1.349335,0.65363014,-0.25402895,-0.018947093,0.9517999,-0.17084305,0.783845,-0.23463705,0.8482192,-1.13029,0.79532903,-0.9334011,0.6055233,0.04152312,0.75321287,-2.747293,1.0500147,0.77897704,0.8406949,-0.49813908,0.3557581,0.110310085,-0.09821896,0.09648409,-0.19791895,-1.8842088,0.24450395,-0.5559709,1.9588987,-0.6537878,-0.314019,-1.8933436,-0.101345204,0.6558427,2.0536675,-0.746169,0.314111
0.116183,-1.349201,0.650203,-0.254858,-0.016549999,0.95175105,-0.17012802,0.782695,-0.236154,0.842554,-1.130048,0.794979,-0.932623,0.59673,0.036496,0.757399,-2.745309,1.05611,0.775804,0.846356,-0.493775,0.351185,0.109792,-0.098236,0.094836,-0.200003,-1.893459,0.245257,-0.55747,1.970294,-0.657505,-0.314018,-1.906289,-0.094607,0.663204,2.064121,-0.746057,0.314112
0.116226,-1.349061,0.647748,-0.25555295,-0.014619061,0.95167404,-0.16969399,0.782996,-0.23989889,0.83505017,-1.129784,0.7994609,-0.9297031,0.59002525,0.036143012,0.75911397,-2.74396,1.0607208,0.7723851,0.8521028,-0.4982229,0.3491031,0.11017999,-0.098659985,0.09288806,-0.20137396,-1.8995708,0.245091,-0.55907494,1.9784107,-0.66017795,-0.314017,-1.9152957,-0.09057412,0.6681729,2.0717418,-0.746205,0.314113
0.116114,-1.349071,0.64614,-0.256317,-0.013296,0.9515601,-0.169288,0.781299,-0.245407,0.827424,-1.129453,0.804688,-0.926917,0.58186,0.03498,0.75541,-2.742695,1.065367,0.765017,0.858134,-0.512021,0.347848,0.108846,-0.099413,0.092765,-0.201133,-1.902084,0.244141,-0.557511,1.983697,-0.662315,-0.314012,-1.922793,-0.088571,0.673807,2.076663,-0.746073,0.314114
0.11607001,-1.349145,0.64525104,-0.256317,-0.013296,0.9515601,-0.169288,0.77929103,-0.2487439,0.8211082,-1.127388,0.81165975,-0.9252121,0.5775051,0.032000095,0.7537041,-2.742722,1.068104,0.7614281,0.8624898,-0.512173,0.347516,0.10740305,-0.099443,0.09205202,-0.20177598,-1.903196,0.24346401,-0.556372,1.9868389,-0.6638259,-0.314007,-1.9269029,-0.088138014,0.6771639,2.079137,-0.745932,0.314114
0.11607699,-1.349373,0.644928,-0.25664797,-0.011514,0.951542,-0.169016,0.779634,-0.249355,0.814046,-1.127121,0.820382,-0.918976,0.570685,0.028335,0.755559,-2.742087,1.071956,0.755997,0.863832,-0.510164,0.347529,0.106606,-0.100128,0.091101,-0.200145,-1.902268,0.242414,-0.555272,1.988434,-0.664912,-0.313998,-1.927908,-0.088978,0.679728,2.080128,-0.74606,0.314115
0.116071,-1.349612,0.645373,-0.25601697,-0.010679,0.951674,-0.16928698,0.778061,-0.248835,0.808567,-1.12619,0.826427,-0.913919,0.56522,0.024577,0.75611,-2.739041,1.075906,0.751569,0.866596,-0.514157,0.345423,0.104002,-0.099871,0.090026,-0.20032,-1.898822,0.242956,-0.55288,1.988003,-0.666146,-0.313987,-1.926721,-0.092012,0.680999,2.078423,-0.745915,0.314115
0.116109,-1.349902,0.64625686,-0.25522202,-0.010058018,0.95174915,-0.17010199,0.776731,-0.24698307,0.80320716,-1.124353,0.83157784,-0.9101241,0.5602901,0.020890113,0.75398403,-2.7356663,1.0782288,0.74875814,0.87222683,-0.5150269,0.34115013,0.10104409,-0.10033399,0.089219026,-0.200064,-1.8925112,0.24182205,-0.54949415,1.986329,-0.66706896,-0.313973,-1.9236001,-0.097392835,0.68265694,2.075497,-0.746196,0.314116
0.116032004,-1.350259,0.64769095,-0.25418702,-0.009891005,0.951847,-0.17111099,0.77546304,-0.24562605,0.80029804,-1.1211671,0.83377093,-0.909473,0.55756414,0.017997088,0.7504291,-2.733967,1.079834,0.7491009,0.8766439,-0.5125941,0.33628714,0.09844908,-0.10017901,0.089791976,-0.200062,-1.8846992,0.241657,-0.5445661,1.9827992,-0.667747,-0.31395102,-1.920162,-0.10425479,0.683512,2.0706391,-0.74593,0.314116
0.115871,-1.350787,0.649313,-0.25246096,-0.009867,0.95217,-0.17186402,0.776671,-0.244694,0.799177,-1.117407,0.834913,-0.910118,0.554578,0.015533,0.746721,-2.730079,1.081493,0.748131,0.879946,-0.510943,0.334999,0.096674,-0.098506,0.090773,-0.198291,-1.875375,0.240118,-0.538689,1.978789,-0.668583,-0.313919,-1.91604,-0.112587,0.684918,2.065112,-0.746043,0.314117
0.11559001,-1.351341,0.6515209,-0.25133306,-0.01022899,0.9523011,-0.17277,0.7751071,-0.24498099,0.79587615,-1.1134101,0.8368669,-0.90784204,0.5486752,0.010744146,0.7449611,-2.728768,1.0851059,0.74543005,0.87976503,-0.5102491,0.33594298,0.096217014,-0.09974495,0.09285294,-0.19528809,-1.8617654,0.23776308,-0.5304002,1.9730183,-0.6691129,-0.313876,-1.9102442,-0.12373166,0.6876549,2.0582314,-0.746423,0.314118
0.115387,-1.351933,0.65421295,-0.24953997,-0.010195,0.95248306,-0.17436102,0.777258,-0.242965,0.788982,-1.106582,0.845797,-0.906493,0.538967,0.005212,0.746584,-2.725294,1.089725,0.741383,0.880329,-0.515624,0.335378,0.09665,-0.100444,0.093421,-0.192037,-1.845736,0.233317,-0.522045,1.965961,-0.669328,-0.313806,-1.902556,-0.139196,0.689439,2.049617,-0.747049,0.314118
0.11522301,-1.352597,0.65751386,-0.24758704,-0.010649986,0.95257604,-0.17659792,0.777617,-0.24242103,0.78356117,-1.0978183,0.84757495,-0.905381,0.5323862,-0.00031383138,0.7446691,-2.7217882,1.0932568,0.7371132,0.881272,-0.52130485,0.33462,0.09662,-0.100989975,0.09487896,-0.19037205,-1.8288876,0.2300421,-0.5131952,1.9568403,-0.6689141,-0.313676,-1.8935633,-0.15539451,0.68944,2.0386882,-0.746715,0.314119
0.115124,-1.353139,0.661271,-0.245209,-0.011031,0.9525071,-0.18022601,0.774527,-0.24216,0.777072,-1.085304,0.85034,-0.91009,0.525369,-0.004275,0.741118,-2.719442,1.095643,0.736666,0.8796,-0.518728,0.335574,0.095743,-0.101515,0.096071,-0.191314,-1.810529,0.226082,-0.504746,1.946305,-0.667861,-0.313538,-1.882266,-0.172807,0.687898,2.02604,-0.746385,0.314119
0.115054004,-1.353877,0.66563773,-0.2433801,-0.011904946,0.95242,-0.1830838,0.77323705,-0.24332292,0.7694745,-1.0723488,0.85108596,-0.9143978,0.5209972,-0.010051647,0.7394501,-2.717148,1.1011857,0.73277825,0.87633324,-0.5177721,0.335587,0.09371412,-0.101586,0.09684195,-0.1897171,-1.7935841,0.22169027,-0.4963795,1.9332108,-0.6650342,-0.313371,-1.8712287,-0.19338775,0.6828303,2.0103788,-0.74517107,0.314119
0.115150996,-1.354704,0.67060196,-0.24106108,-0.013044965,0.95224094,-0.1869689,0.772959,-0.24430397,0.7622162,-1.0563936,0.84860814,-0.9203618,0.51568717,-0.014666858,0.73864204,-2.7145443,1.1059738,0.72951204,0.8716022,-0.5152591,0.33534104,0.09430198,-0.101817995,0.09726099,-0.18884704,-1.7749656,0.21650717,-0.48827523,1.9184664,-0.6615711,-0.31257603,-1.8570415,-0.2165333,0.67618024,1.9929576,-0.7440141,0.314119
0.115118995,-1.355731,0.67609584,-0.2389201,-0.015050939,0.9520231,-0.19063891,0.77220607,-0.24625695,0.75310725,-1.0401415,0.8434341,-0.9238279,0.50956815,-0.015454977,0.7409759,-2.711239,1.1124448,0.7240562,0.8651212,-0.5124591,0.33678493,0.09369402,-0.102638975,0.099282935,-0.18546611,-1.7545387,0.2100292,-0.4786783,1.9017475,-0.6575811,-0.31068006,-1.8409405,-0.24117224,0.6693092,1.9736656,-0.74286604,0.314119
0.11491201,-1.356935,0.6820048,-0.23539412,-0.017041938,0.95182693,-0.19576482,0.76806414,-0.24673998,0.7441463,-1.0202346,0.83639026,-0.9287228,0.5069451,-0.01901689,0.739728,-2.7066383,1.1181579,0.7216101,0.85694724,-0.50730014,0.33925995,0.09500996,-0.100890055,0.10110395,-0.18389805,-1.7328275,0.20247923,-0.46966326,1.8839976,-0.65401214,-0.30737808,-1.8212976,-0.2672542,0.6605533,1.9523966,-0.742039,0.31412
0.114704005,-1.3584759,0.68856275,-0.2318141,-0.019257933,0.951415,-0.20174482,0.7637781,-0.24770696,0.7323394,-0.99753666,0.8308862,-0.93281686,0.507833,-0.019518984,0.739641,-2.702532,1.1244668,0.71934605,0.8476393,-0.50063425,0.34324387,0.09548798,-0.100844,0.102535956,-0.18163407,-1.7075708,0.19237131,-0.4602603,1.8646456,-0.65015113,-0.30273816,-1.7966467,-0.29632515,0.6508383,1.9283277,-0.74113905,0.31412
0.114551,-1.360058,0.695729,-0.227731,-0.021803,0.950982,-0.208078,0.759732,-0.248298,0.720459,-0.972855,0.819618,-0.938222,0.502533,-0.021183,0.737218,-2.696304,1.133451,0.715383,0.835893,-0.495813,0.346438,0.095593,-0.100133,0.105332,-0.180752,-1.681169,0.184387,-0.449494,1.843371,-0.645737,-0.29639,-1.769633,-0.324166,0.639391,1.901711,-0.73871,0.314121
0.114277,-1.362056,0.70349,-0.22374198,-0.024303999,0.950541,-0.214058,0.752792,-0.248959,0.70693,-0.949833,0.806967,-0.940342,0.495444,-0.022123,0.739074,-2.689515,1.145472,0.710866,0.823381,-0.491136,0.348147,0.095073,-0.100572,0.107468,-0.178676,-1.65153,0.174875,-0.438904,1.820553,-0.641367,-0.290094,-1.738217,-0.352549,0.626641,1.872319,-0.735365,0.314122
0.11408101,-1.364116,0.7120069,-0.219405,-0.026495999,0.949518,-0.22265701,0.744408,-0.249386,0.688856,-0.921275,0.796987,-0.944542,0.488634,-0.027276,0.739959,-2.682513,1.156667,0.709049,0.811117,-0.487485,0.351004,0.097504,-0.101637,0.109649,-0.179772,-1.619055,0.163072,-0.426746,1.795255,-0.635654,-0.281994,-1.703223,-0.383699,0.612156,1.839071,-0.730425,0.314123
0.113773994,-1.3666911,0.7209213,-0.21434383,-0.028671063,0.9487118,-0.23060727,0.7349257,-0.24891096,0.6714444,-0.89159,0.78700155,-0.94975823,0.4799024,-0.033305556,0.7332947,-2.6723967,1.1705983,0.706387,0.7987097,-0.4826998,0.35517806,0.100320004,-0.10192802,0.11065105,-0.17876203,-1.5845768,0.15095654,-0.41595665,1.7690291,-0.63051385,-0.2736837,-1.6625696,-0.416146,0.5940314,1.8032598,-0.7249988,0.314124
0.113515005,-1.3696309,0.73030573,-0.20931514,-0.030753935,0.94741,-0.24011567,0.7247243,-0.24809003,0.6532296,-0.85818404,0.77216446,-0.95744574,0.45866463,-0.051511444,0.7227923,-2.6618173,1.1815418,0.70782,0.7885453,-0.4767702,0.35761493,0.100664996,-0.10222199,0.11230095,-0.17983197,-1.5484812,0.13558246,-0.40464136,1.7405678,-0.6242072,-0.2641553,-1.6197844,-0.44895998,0.5739576,1.7637932,-0.71699226,0.314125
0.113279,-1.3729881,0.7403603,-0.20312178,-0.03278106,0.9462039,-0.24972829,0.71257454,-0.2466059,0.6334843,-0.8243749,0.75957173,-0.96638435,0.43988755,-0.070207454,0.7005909,-2.6463833,1.1937073,0.70921206,0.7770446,-0.47136384,0.36109215,0.102322094,-0.10326503,0.111103944,-0.18114199,-1.5082357,0.12166444,-0.39763483,1.710888,-0.61885875,-0.25528467,-1.5648711,-0.48365417,0.54517996,1.7208166,-0.70874673,0.314126
0.11319,-1.3767118,0.7508267,-0.19652419,-0.03461194,0.9446539,-0.26040164,0.6975965,-0.2433681,0.6094027,-0.78971905,0.7506823,-0.97797567,0.42526546,-0.08517755,0.6650671,-2.6284227,1.2054176,0.7103099,0.76410544,-0.46687016,0.36650786,0.105501905,-0.10431397,0.10948005,-0.18083702,-1.4656453,0.10317156,-0.3912182,1.6791229,-0.6121162,-0.24448533,-1.503776,-0.52101487,0.511921,1.6738844,-0.6987223,0.314127
0.113159,-1.38107,0.762192,-0.18964902,-0.035927996,0.942882,-0.27150598,0.682851,-0.238842,0.584355,-0.756795,0.740025,-0.987347,0.406814,-0.10628,0.635517,-2.606858,1.215418,0.714289,0.754316,-0.460764,0.370119,0.105691,-0.106045,0.104997,-0.180157,-1.419673,0.084654,-0.386747,1.644479,-0.604644,-0.233493,-1.431459,-0.560265,0.468185,1.621148,-0.685954,0.314129
0.11348498,-1.3871759,0.7739316,-0.18184522,-0.037084967,0.941097,-0.2826547,0.66668254,-0.23230119,0.5565348,-0.72805685,0.739452,-0.99557275,0.39854628,-0.118096635,0.6120597,-2.5799809,1.2183609,0.7212128,0.7520211,-0.4583321,0.37226194,0.10706396,-0.10695897,0.09702825,-0.17618912,-1.3708694,0.06133171,-0.387189,1.609979,-0.5979732,-0.22057539,-1.3447217,-0.6025707,0.41105473,1.5620968,-0.67010045,0.31413
0.114365,-1.39538,0.78681,-0.17452,-0.038401004,0.9390551,-0.293674,0.651517,-0.226766,0.527833,-0.707965,0.736622,-1.003966,0.392356,-0.124512,0.589187,-2.54893,1.21149,0.730136,0.760817,-0.4604,0.370776,0.109434,-0.112479,0.094269,-0.166075,-1.310492,0.025831,-0.380518,1.570792,-0.589703,-0.201843,-1.236119,-0.603648,0.383569,1.502364,-0.667614,0.314132
0.115541,-1.405101,0.799406,-0.166133,-0.038872004,0.937144,-0.30438402,0.639991,-0.217064,0.4999,-0.6922,0.740047,-1.01555,0.388337,-0.127323,0.568678,-2.512113,1.202965,0.737226,0.771347,-0.472712,0.366035,0.112574,-0.116108,0.087619,-0.150478,-1.24907,-0.015576,-0.381148,1.532872,-0.581886,-0.180378,-1.129398,-0.631915,0.331802,1.440977,-0.649928,0.314132
0.116829,-1.415276,0.811639,-0.1566,-0.038882997,0.935353,-0.31476903,0.626414,-0.203406,0.47244,-0.677548,0.749133,-1.028566,0.383318,-0.128791,0.546388,-2.469465,1.193612,0.744407,0.783491,-0.486755,0.364027,0.114294,-0.117958,0.080209,-0.133995,-1.186408,-0.055993,-0.386845,1.49476,-0.574724,-0.159254,-1.025533,-0.670963,0.265845,1.384555,-0.601455,0.314134
0.11828596,-1.4257977,0.82358766,-0.14777929,-0.038190026,0.9332022,-0.3253257,0.6129694,-0.18831046,0.43976203,-0.6654264,0.7672995,-1.0382257,0.3767702,-0.12427614,0.53672427,-2.428774,1.1823814,0.75661963,0.79788154,-0.49523872,0.36198306,0.11658792,-0.120369926,0.07458617,-0.114806585,-1.122987,-0.10111062,-0.39367878,1.4544634,-0.5653343,-0.1362347,-0.9327558,-0.70346004,0.21538554,1.3380673,-0.5233474,0.314134
0.12020994,-1.4363797,0.8346187,-0.13961723,-0.036733046,0.9305382,-0.33653563,0.5928156,-0.17395245,0.40129715,-0.65326744,0.79286724,-1.0505706,0.37160715,-0.122136064,0.5166256,-2.3907952,1.1712734,0.7711845,0.8098986,-0.494634,0.362158,0.11836095,-0.122795925,0.0681512,-0.099138476,-1.0631428,-0.14365171,-0.40266272,1.4172021,-0.55715024,-0.11292671,-0.8582943,-0.7273603,0.18364097,1.3059751,-0.41443434,0.314134
0.12264392,-1.4471238,0.8443947,-0.1323252,-0.03440807,0.927588,-0.3476876,0.5707587,-0.16007942,0.36300817,-0.64361423,0.81870925,-1.0655096,0.36103633,-0.11123133,0.49918753,-2.357092,1.1605624,0.7897575,0.81920373,-0.49297106,0.36293998,0.116986044,-0.12489193,0.06371013,-0.08525942,-1.0067756,-0.18915862,-0.4117947,1.3834201,-0.54915226,-0.088892736,-0.81203735,-0.7416465,0.18870085,1.2861706,-0.27324128,0.314127
0.125489,-1.457457,0.8528,-0.12547499,-0.031917002,0.924216,-0.359252,0.547619,-0.147616,0.317498,-0.63859,0.850729,-1.076077,0.349012,-0.084401,0.458361,-2.323653,1.147439,0.806637,0.828476,-0.500611,0.36541,0.121989,-0.125916,0.059554,-0.073065,-0.955692,-0.234901,-0.424784,1.353547,-0.540284,-0.06455,-0.786785,-0.737306,0.228304,1.278338,-0.109858,0.314086
0.1286699,-1.4666238,0.8606108,-0.11919819,-0.029842066,0.9209342,-0.3698387,0.5260907,-0.13625434,0.27258438,-0.63248515,0.87934214,-1.0916516,0.33560038,-0.06433361,0.4452754,-2.288558,1.1375504,0.81782365,0.83591276,-0.5101717,0.36796892,0.12595488,-0.12559101,0.055475127,-0.06231433,-0.9100044,-0.27367783,-0.43991256,1.3227179,-0.5278964,-0.043207653,-0.7781883,-0.704319,0.2978859,1.2798959,0.061949756,0.29599956
0.131649,-1.474213,0.8680139,-0.113855995,-0.028083,0.91734004,-0.38044104,0.505083,-0.128308,0.217323,-0.627656,0.920072,-1.100472,0.329772,-0.049596,0.435081,-2.253146,1.13083,0.82538,0.841385,-0.510248,0.370853,0.126241,-0.12523,0.049943,-0.056721,-0.869169,-0.302243,-0.4567,1.29132,-0.513646,-0.026197,-0.780455,-0.669683,0.332646,1.285059,0.133726,0.1644
0.1342619,-1.4803208,0.87489784,-0.10865415,-0.026490048,0.9138632,-0.39031672,0.48455262,-0.11967327,0.16009675,-0.62550306,0.9593178,-1.100173,0.3167434,-0.041057263,0.42380837,-2.216593,1.129297,0.83053386,0.84374994,-0.5057131,0.3781248,0.12806295,-0.12429403,0.04407718,-0.05055419,-0.8310092,-0.3254763,-0.4762724,1.260051,-0.4983695,-0.01271541,-0.77912503,-0.6401429,0.34458065,1.2974087,0.07528679,0.1576142
0.136143,-1.484844,0.881158,-0.104122,-0.025150998,0.91022193,-0.40002704,0.464461,-0.111049,0.098162,-0.627916,0.998268,-1.091736,0.302822,-0.032841,0.413128,-2.180445,1.131095,0.83559,0.842918,-0.494786,0.385308,0.130515,-0.123973,0.038119,-0.046294,-0.796307,-0.341996,-0.496325,1.229883,-0.483272,-0.003063,-0.782878,-0.59702,0.363053,1.315573,0.00814,0.172284
0.13731296,-1.4880829,0.88694185,-0.099689126,-0.023776043,0.90657425,-0.40941477,0.4457956,-0.10238327,0.03488093,-0.6329398,1.0370549,-1.0780264,0.29560822,-0.029563101,0.40565723,-2.1426342,1.1369159,0.83847994,0.8393101,-0.48524728,0.39309576,0.12930302,-0.12184307,0.03129821,-0.04389307,-0.76599693,-0.3514387,-0.5163854,1.2008059,-0.46889845,0.0031408106,-0.7910538,-0.5434657,0.38133746,1.3342474,-0.058542963,0.16868412
0.13792798,-1.4902369,0.8922668,-0.09559213,-0.022644036,0.902835,-0.41861376,0.42737454,-0.094966225,-0.03584784,-0.65155643,1.099702,-1.0406342,0.34031165,0.017753556,0.3982652,-2.1043952,1.1445558,0.8418159,0.8342302,-0.47215742,0.39974684,0.12718607,-0.12138902,0.025005192,-0.041556075,-0.7364279,-0.3573878,-0.53613937,1.1730108,-0.4554144,0.007568865,-0.7960488,-0.4920616,0.38919672,1.3442057,-0.12625293,0.17739373
0.1378,-1.491711,0.8972469,-0.09176012,-0.020980053,0.89882207,-0.42808774,0.40872356,-0.08737923,-0.09454821,-0.6659226,1.102222,-1.0177076,0.27605093,-0.00095342903,0.37000787,-2.066824,1.1526548,0.84897774,0.8286332,-0.45516852,0.4062588,0.12312113,-0.12086801,0.01783322,-0.042037986,-0.7081478,-0.35932994,-0.5542815,1.1462828,-0.44343537,0.011310886,-0.79861796,-0.44071057,0.39141095,1.3406842,-0.17624648,0.1904596
0.13702902,-1.492646,0.90208685,-0.08788111,-0.019453047,0.89499414,-0.43690264,0.3924955,-0.08052121,-0.15172726,-0.68419844,1.1293572,-0.986025,0.25435668,-0.014545585,0.36198524,-2.0280852,1.1627617,0.8562668,0.82213116,-0.43832752,0.41510674,0.116866186,-0.11989603,0.01093721,-0.041839004,-0.6806569,-0.35785207,-0.57234144,1.1193687,-0.43221533,0.012705958,-0.797984,-0.38859257,0.391417,1.3247905,-0.20945999,0.20072068
0.13539806,-1.492963,0.9065499,-0.08450512,-0.01841803,0.891238,-0.44521174,0.3758915,-0.07523216,-0.2043294,-0.7021465,1.1521993,-0.9541339,0.22904778,-0.036209337,0.362441,-1.9909431,1.1741157,0.8644817,0.8129723,-0.42080554,0.42116782,0.112720124,-0.11968101,0.0060801487,-0.041375015,-0.65497077,-0.3540011,-0.58785653,1.0930468,-0.42213133,0.012699,-0.79511315,-0.33847353,0.39261898,1.2954988,-0.23998408,0.20955373
0.13282,-1.492494,0.910404,-0.080897994,-0.016727999,0.886855,-0.45460296,0.355633,-0.069027,-0.259604,-0.722986,1.185209,-0.916873,0.209519,-0.06059,0.358949,-1.953492,1.185531,0.87418,0.80216,-0.405569,0.42631,0.108338,-0.119215,0.001638,-0.040837,-0.629445,-0.3508,-0.603703,1.068185,-0.412969,0.011036,-0.786409,-0.296059,0.39233,1.252631,-0.262431,0.226115
0.129175,-1.49154,0.913702,-0.077158004,-0.015218,0.88202906,-0.46458602,0.334833,-0.062881,-0.313223,-0.746136,1.218344,-0.877681,0.18353,-0.084936,0.36061,-1.914966,1.196716,0.882621,0.790387,-0.390478,0.431941,0.102158,-0.118264,-0.000465,-0.039738,-0.605074,-0.348479,-0.619928,1.044525,-0.404797,0.007543,-0.773618,-0.257441,0.399119,1.199043,-0.274897,0.245782
0.124892,-1.490419,0.91680706,-0.073126,-0.01355,0.877255,-0.474229,0.317199,-0.055331,-0.360466,-0.770559,1.249455,-0.835586,0.159436,-0.111713,0.355755,-1.874566,1.208651,0.89015,0.777622,-0.373239,0.434942,0.09727,-0.116263,-0.002232,-0.034928,-0.581106,-0.345716,-0.637832,1.020826,-0.396825,0.003348,-0.754536,-0.22363,0.410188,1.136792,-0.28462,0.266324
0.119898,-1.489144,0.919642,-0.06917401,-0.011608,0.872378,-0.483774,0.299732,-0.047519,-0.400636,-0.796287,1.271381,-0.792095,0.137178,-0.138404,0.345771,-1.834491,1.222081,0.898897,0.762345,-0.354611,0.439407,0.089964,-0.114873,-0.004403,-0.029754,-0.55659,-0.34158,-0.656354,0.998033,-0.390317,-0.003268,-0.7302,-0.19205,0.429936,1.070931,-0.295342,0.291038
0.114246,-1.487863,0.92222,-0.06507901,-0.009807999,0.867205,-0.493583,0.282306,-0.040421,-0.434668,-0.823721,1.285348,-0.747892,0.116174,-0.161712,0.33617,-1.795115,1.234032,0.910075,0.745158,-0.332927,0.445401,0.082697,-0.11453,-0.006662,-0.023344,-0.531143,-0.336524,-0.676478,0.977081,-0.385648,-0.009897,-0.700803,-0.163896,0.454223,1.008655,-0.303811,0.308143
0.108114,-1.486544,0.924277,-0.060231004,-0.00808,0.861961,-0.503319,0.265049,-0.033189,-0.464205,-0.851048,1.296853,-0.70466,0.098238,-0.18079,0.329366,-1.753393,1.245972,0.918788,0.726798,-0.312572,0.448189,0.07697,-0.114932,-0.007601,-0.014964,-0.504069,-0.332143,-0.698088,0.958517,-0.382775,-0.018247,-0.66953,-0.141588,0.477964,0.958267,-0.319301,0.313138
0.101363,-1.485187,0.925992,-0.055208,-0.0067199995,0.856022,-0.51394,0.246162,-0.025626,-0.49186,-0.877268,1.306173,-0.664001,0.085674,-0.200391,0.317869,-1.710245,1.255054,0.925273,0.709468,-0.298904,0.448828,0.071983,-0.11396,-0.008941,-0.004921,-0.4795,-0.328189,-0.72541,0.943073,-0.381376,-0.025595,-0.640665,-0.123912,0.490055,0.921625,-0.328591,0.313241
0.09399899,-1.483954,0.927301,-0.04976,-0.005311,0.8496739,-0.524928,0.225898,-0.017472,-0.516578,-0.904621,1.312507,-0.622663,0.073617,-0.21843,0.302364,-1.666154,1.261568,0.93341,0.692977,-0.281752,0.449957,0.066909,-0.111939,-0.007855,0.006456,-0.45533,-0.326472,-0.754081,0.928302,-0.380308,-0.032906,-0.614812,-0.114336,0.49176,0.899099,-0.333598,0.31385
0.086111486,-1.4828821,0.9285169,-0.044347327,-0.0042740633,0.84293455,-0.53616834,0.20463529,-0.008994518,-0.53729075,-0.93339324,1.3103701,-0.5800306,0.060576797,-0.23263913,0.28500804,-1.6230786,1.2655478,0.94437134,0.67752194,-0.25800845,0.45407075,0.059449453,-0.10963114,-0.0064780843,0.018365273,-0.43215442,-0.3237272,-0.7855721,0.91412187,-0.38012102,-0.040542535,-0.5896016,-0.10848036,0.4785368,0.8851489,-0.3322411,0.314032
0.077746,-1.482249,0.929573,-0.038582,-0.003158,0.835934,-0.54746306,0.182071,-0.000705,-0.553582,-0.962211,1.30231,-0.53867,0.050757,-0.247212,0.263342,-1.578621,1.270193,0.952038,0.660134,-0.23606,0.455385,0.048969,-0.106935,-0.003871,0.029485,-0.408519,-0.320399,-0.816616,0.899688,-0.380616,-0.048711,-0.563399,-0.106128,0.45812,0.877144,-0.324185,0.314091
0.069402,-1.481855,0.930332,-0.032784,-0.0027399997,0.8284279,-0.5591279,0.159356,0.00678,-0.568632,-0.991511,1.294078,-0.501692,0.047955,-0.254805,0.254258,-1.53284,1.270577,0.956985,0.644841,-0.221257,0.455002,0.043646,-0.103261,-0.000598,0.039026,-0.388333,-0.316829,-0.849078,0.887707,-0.382187,-0.057125,-0.538319,-0.106027,0.427589,0.87091,-0.31434,0.314103
0.061481003,-1.481895,0.93087196,-0.026887,-0.0025320007,0.82122314,-0.56996804,0.138535,0.013001,-0.580122,-1.019539,1.28259,-0.470616,0.043678,-0.257082,0.249078,-1.485874,1.270289,0.958538,0.630609,-0.209837,0.453943,0.039423,-0.098449,0.006754,0.04948,-0.369739,-0.317538,-0.879438,0.874881,-0.38165,-0.063269,-0.515534,-0.114782,0.397355,0.866346,-0.310513,0.314075
0.0542,-1.482092,0.931149,-0.021383002,-0.0025210003,0.813722,-0.580856,0.12018,0.017657,-0.591215,-1.049322,1.27174,-0.439093,0.040289,-0.260783,0.240117,-1.440301,1.266466,0.961996,0.618357,-0.194214,0.454939,0.035383,-0.093555,0.016416,0.056775,-0.353386,-0.321859,-0.907125,0.86293,-0.379864,-0.067347,-0.497716,-0.136561,0.351164,0.867496,-0.324834,0.313712
0.046871,-1.482357,0.931409,-0.015508,-0.00315,0.806081,-0.5915931,0.101803,0.02199,-0.601803,-1.079307,1.260264,-0.405783,0.041038,-0.263104,0.231113,-1.393536,1.261833,0.964556,0.605985,-0.181791,0.454409,0.029979,-0.086768,0.025529,0.062549,-0.341361,-0.322423,-0.934,0.852082,-0.378982,-0.071835,-0.478492,-0.152357,0.305642,0.864625,-0.342823,0.289171
0.039680995,-1.482816,0.931645,-0.010680001,-0.0036960004,0.798688,-0.60164005,0.086793,0.023631,-0.610185,-1.107186,1.249248,-0.377401,0.044764,-0.264849,0.22508,-1.348918,1.257813,0.967577,0.594268,-0.172564,0.454129,0.022367,-0.081888,0.032577,0.0666,-0.329969,-0.320959,-0.958891,0.842603,-0.379699,-0.077109,-0.456039,-0.163177,0.260938,0.857076,-0.358253,0.238331
0.032618,-1.483549,0.932107,-0.006079,-0.005517,0.790621,-0.612251,0.068038,0.021761,-0.620484,-1.136153,1.239784,-0.348816,0.052332,-0.264603,0.219352,-1.303255,1.247783,0.973119,0.588299,-0.165747,0.453947,0.016416,-0.076742,0.039871,0.066988,-0.322083,-0.317392,-0.983224,0.832954,-0.38027,-0.081935,-0.434031,-0.17428,0.210059,0.843579,-0.376715,0.210468
0.025959406,-1.484645,0.93244994,-0.0020252476,-0.007255894,0.78236157,-0.6227794,0.049898107,0.019523136,-0.6297274,-1.168284,1.2272848,-0.31663996,0.057261698,-0.264787,0.21378233,-1.2559599,1.2359927,0.9773757,0.58380926,-0.15673356,0.45086122,0.008696471,-0.07423416,0.04579464,0.061884314,-0.31560642,-0.31157136,-0.99688816,0.8262004,-0.3819319,-0.084029876,-0.4124683,-0.18011564,0.17138636,0.83330864,-0.393652,0.1923641
0.019622002,-1.485826,0.933147,0.0013730004,-0.008817,0.77461994,-0.63236296,0.035724,0.016926,-0.635965,-1.200968,1.208426,-0.281658,0.062541,-0.265247,0.213893,-1.211462,1.226747,0.987244,0.576444,-0.141155,0.447954,0.000567,-0.070562,0.049721,0.056446,-0.31362,-0.301167,-1.002641,0.81724,-0.38171,-0.084977,-0.398129,-0.18146,0.142542,0.830337,-0.40234,0.178512
0.013404379,-1.486676,0.9342219,0.0036408615,-0.0108968755,0.7670424,-0.6414934,0.02198784,0.012127292,-0.6425146,-1.2334499,1.1854625,-0.24583519,0.06922759,-0.2664909,0.2156349,-1.1672846,1.2188284,0.99385756,0.5659766,-0.12887074,0.45051983,-0.008418451,-0.068328135,0.05238084,0.050626356,-0.31406498,-0.2913036,-1.001317,0.81162137,-0.3784262,-0.08976671,-0.38694268,-0.18069205,0.11626461,0.82642823,-0.4070947,0.16962653
0.0075680073,-1.487103,0.93553394,0.0051889997,-0.012869,0.759843,-0.64995795,0.009069,0.0068,-0.648648,-1.265615,1.164906,-0.211934,0.07878,-0.268349,0.221551,-1.123562,1.212024,0.998388,0.5548,-0.127092,0.460878,-0.013807,-0.066597,0.053511,0.04584,-0.321835,-0.28361,-0.987062,0.815412,-0.365945,-0.101395,-0.377498,-0.177882,0.09195,0.820276,-0.408732,0.161964
0.001611005,-1.487206,0.93702394,0.005609999,-0.014875001,0.752941,-0.6578959,-0.00289,0.000355,-0.65456,-1.296345,1.147954,-0.180853,0.088241,-0.270019,0.226211,-1.082964,1.207798,1.010311,0.540109,-0.121996,0.466685,-0.009587,-0.065562,0.053073,0.041686,-0.334474,-0.274798,-0.961821,0.824885,-0.353433,-0.101908,-0.369746,-0.173638,0.069359,0.812656,-0.40871,0.153042
-0.004044005,-1.486996,0.938644,0.0055709993,-0.016748002,0.746728,-0.6648961,-0.010676,-0.006464,-0.658785,-1.325062,1.134365,-0.151365,0.096965,-0.270339,0.230354,-1.045093,1.20738,1.021479,0.522932,-0.113005,0.464413,-0.012873,-0.065769,0.050736,0.03952,-0.351913,-0.260363,-0.91478,0.837684,-0.339549,-0.097957,-0.36064,-0.167849,0.044971,0.802902,-0.406941,0.144139
-0.009862003,-1.4866909,0.94014806,0.005388,-0.018468,0.74104106,-0.67118514,-0.017497,-0.011604,-0.661118,-1.350695,1.120718,-0.124542,0.101663,-0.271264,0.234936,-1.007893,1.211628,1.029656,0.501133,-0.10106,0.461499,-0.021949,-0.065794,0.048277,0.040303,-0.372927,-0.241454,-0.851229,0.850744,-0.3257,-0.090367,-0.352407,-0.161386,0.020825,0.794162,-0.405691,0.135417
-0.015865004,-1.486329,0.941629,0.005210001,-0.020040998,0.73595995,-0.67670906,-0.02266,-0.015676,-0.6611,-1.372103,1.10936,-0.102094,0.104947,-0.272592,0.237493,-0.97158,1.219709,1.03636,0.476511,-0.091365,0.457052,-0.031981,-0.06601,0.046581,0.042376,-0.392834,-0.219061,-0.780274,0.861357,-0.312908,-0.081494,-0.344258,-0.154783,-0.002424,0.785567,-0.404597,0.125118
-0.022264615,-1.486024,0.94314885,0.0052000005,-0.021133931,0.7312993,-0.68170977,-0.026293779,-0.018245844,-0.6579842,-1.3898289,1.1033703,-0.08489105,0.10927274,-0.27301696,0.23982687,-0.93456024,1.2326871,1.036178,0.4488117,-0.08192857,0.4487505,-0.041965388,-0.06614399,0.04460312,0.045674797,-0.40994796,-0.19411051,-0.70561755,0.8725863,-0.30373257,-0.062397167,-0.33477056,-0.14674748,-0.025487592,0.7758376,-0.40321308,0.1137597
-0.028998004,-1.486061,0.94459295,0.005475,-0.021781,0.726751,-0.68653303,-0.031368,-0.019412,-0.651738,-1.404162,1.099289,-0.072624,0.111864,-0.273096,0.242074,-0.896295,1.247859,1.033365,0.419843,-0.071277,0.440131,-0.04982,-0.066045,0.04382,0.046858,-0.421921,-0.162933,-0.621725,0.876219,-0.298936,-0.042887,-0.325219,-0.138509,-0.044919,0.766728,-0.40258,0.102312
-0.036018003,-1.486502,0.9462191,0.0057890005,-0.022126,0.7224919,-0.69100106,-0.035706,-0.019157,-0.642201,-1.415855,1.092057,-0.06275,0.110176,-0.273043,0.243885,-0.856686,1.265518,1.023371,0.391322,-0.057566,0.429191,-0.063669,-0.067615,0.043258,0.047264,-0.426248,-0.125455,-0.531621,0.872667,-0.296085,-0.02775,-0.311537,-0.129014,-0.063099,0.754862,-0.401552,0.089934
-0.043077,-1.4875,0.947951,0.0063220006,-0.022149999,0.7185509,-0.6950929,-0.040437,-0.017626,-0.628962,-1.424602,1.079728,-0.056317,0.106259,-0.272156,0.248512,-0.81493,1.285705,1.005531,0.361002,-0.048484,0.416888,-0.080184,-0.068485,0.042627,0.04691,-0.423312,-0.08533,-0.441161,0.860233,-0.297073,-0.012842,-0.296136,-0.118394,-0.080327,0.740007,-0.399581,0.076497
-0.050053,-1.489153,0.949813,0.0076419995,-0.021745002,0.715103,-0.698639,-0.044188,-0.013412,-0.611968,-1.432126,1.065959,-0.048885,0.105214,-0.273481,0.253559,-0.77372,1.306883,0.983648,0.331658,-0.031194,0.409622,-0.088056,-0.068406,0.044446,0.046661,-0.411125,-0.049391,-0.357477,0.839807,-0.300172,0.005526,-0.27808,-0.109497,-0.096485,0.722621,-0.397275,0.063722
-0.056758,-1.491479,0.951708,0.00928,-0.020918002,0.71226996,-0.701532,-0.047688,-0.009634,-0.591159,-1.436909,1.052227,-0.046055,0.108492,-0.274029,0.257263,-0.729484,1.330136,0.953733,0.302814,-0.018537,0.398753,-0.103097,-0.067247,0.047965,0.047048,-0.390196,-0.019502,-0.283929,0.810126,-0.305674,0.025322,-0.25893,-0.103038,-0.111949,0.704035,-0.395006,0.053011
-0.062579,-1.494346,0.9536111,0.0110140005,-0.019853,0.71023,-0.7036039,-0.048849,-0.004209,-0.567266,-1.441144,1.036905,-0.044808,0.11085,-0.273378,0.263041,-0.686222,1.352365,0.922473,0.275847,-0.003804,0.38728,-0.11849,-0.066057,0.051356,0.048727,-0.36219,0.005982,-0.222453,0.772619,-0.309021,0.027806,-0.2376,-0.097295,-0.127412,0.682828,-0.391756,0.044027
-0.06774369,-1.4974217,0.9551759,0.013125871,-0.018921059,0.708429,-0.70540684,-0.05158083,0.0012316678,-0.5430795,-1.4454157,1.0235318,-0.043451082,0.11378282,-0.27130812,0.26891163,-0.6425327,1.3717868,0.8936958,0.25382334,0.010182147,0.37631166,-0.13425203,-0.064453095,0.056016713,0.04999192,-0.3317569,0.023633923,-0.18255343,0.73223245,-0.3126058,0.030148856,-0.21749122,-0.093277246,-0.14195012,0.6639831,-0.38977012,0.03729241
-0.07160201,-1.500628,0.956648,0.0149449995,-0.017795,0.7075309,-0.7063,-0.04928,0.0065,-0.517729,-1.450157,1.011635,-0.042326,0.116508,-0.269052,0.276516,-0.601517,1.386974,0.870557,0.237301,0.029009,0.365499,-0.154772,-0.062239,0.058937,0.052391,-0.301953,0.034875,-0.167166,0.69059,-0.312434,0.022282,-0.197277,-0.089264,-0.15601,0.643151,-0.386502,0.031778
-0.074829996,-1.503514,0.95775896,0.016201999,-0.017468,0.70672506,-0.7070869,-0.048464,0.009793,-0.495834,-1.454446,1.002109,-0.041424,0.118984,-0.268374,0.281119,-0.563143,1.400495,0.844706,0.220421,0.039912,0.356499,-0.167962,-0.059303,0.060841,0.056115,-0.281332,0.04347,-0.169583,0.655406,-0.309228,0.008337,-0.182989,-0.084966,-0.169846,0.626166,-0.384001,0.026929
-0.077365,-1.506669,0.958683,-0.018239,0.016849,-0.706227,0.70755005,-0.046258,0.013658,-0.472036,-1.458834,0.995204,-0.040842,0.123411,-0.265768,0.290549,-0.524948,1.41141,0.826408,0.207622,0.049707,0.351687,-0.179115,-0.058708,0.063807,0.057318,-0.253339,0.05137,-0.169697,0.618119,-0.306053,-0.007957,-0.163305,-0.081208,-0.181772,0.608246,-0.381929,0.023713
-0.079377994,-1.509628,0.959343,-0.019643,0.016694998,-0.7053229,0.708417,-0.046554,0.015719,-0.451587,-1.463959,0.98902,-0.040176,0.127231,-0.262787,0.298364,-0.488852,1.418143,0.808455,0.197485,0.054147,0.347407,-0.188147,-0.057316,0.066371,0.059207,-0.233682,0.057299,-0.17124,0.589386,-0.302637,-0.02094,-0.149112,-0.078875,-0.193032,0.594737,-0.381225,0.021435
-0.08088599,-1.512375,0.9598389,-0.020637,0.016768001,-0.7042369,0.70946693,-0.047263,0.017187,-0.432636,-1.469809,0.980638,-0.039159,0.127284,-0.256747,0.310272,-0.455554,1.422026,0.793225,0.18992,0.055963,0.342333,-0.197751,-0.054895,0.068497,0.060774,-0.220506,0.06157,-0.170518,0.567532,-0.300013,-0.028727,-0.139776,-0.077377,-0.202222,0.584523,-0.381074,0.01996
-0.081922,-1.515012,0.96031696,-0.020978002,0.016604,-0.703246,0.710443,-0.04774,0.01843,-0.414369,-1.476275,0.967348,-0.038225,0.129717,-0.250208,0.319348,-0.424369,1.42342,0.780937,0.184798,0.060418,0.339769,-0.211821,-0.053124,0.068335,0.061371,-0.209701,0.066244,-0.165046,0.551133,-0.299529,-0.030469,-0.131046,-0.074934,-0.210286,0.573868,-0.379919,0.018719
-0.08280499,-1.517467,0.960801,-0.021069,0.016651,-0.70216894,0.71150297,-0.048461,0.019457,-0.396838,-1.482719,0.950874,-0.03775,0.136835,-0.24286,0.328781,-0.395927,1.423444,0.772234,0.180519,0.066894,0.334723,-0.22226,-0.051464,0.069768,0.05992,-0.200042,0.068887,-0.156435,0.536619,-0.297635,-0.031475,-0.125665,-0.075097,-0.213836,0.566583,-0.379466,0.018445
-0.08359995,-1.5196909,0.96140695,-0.020797016,0.016672,-0.70132303,0.712345,-0.048231013,0.019521996,-0.380212,-1.4879476,0.9293443,-0.03751801,0.14383057,-0.23980719,0.3381534,-0.37023157,1.424272,0.7582899,0.17655523,0.06891187,0.33063927,-0.23457123,-0.049540114,0.07033497,0.057610143,-0.19250146,0.07067789,-0.14783552,0.5247687,-0.29512918,-0.031870976,-0.122154206,-0.07439304,-0.21534191,0.55860746,-0.3774861,0.01778804
-0.08445201,-1.521621,0.96186393,-0.020312004,0.016973,-0.700874,0.712794,-0.048312,0.019258,-0.364025,-1.491639,0.907601,-0.037475,0.151442,-0.236677,0.351315,-0.348016,1.426074,0.7472,0.172063,0.072477,0.325231,-0.24787,-0.048596,0.071396,0.056222,-0.185973,0.07191,-0.14088,0.514786,-0.293108,-0.032733,-0.120034,-0.074286,-0.215826,0.553746,-0.376965,0.017123
-0.08502296,-1.5235009,0.962287,-0.019512048,0.017151993,-0.7002041,0.71347,-0.04700708,0.019315997,-0.34859297,-1.4955608,0.8786907,-0.03758199,0.15481879,-0.2349441,0.36458215,-0.32776326,1.426262,0.7401824,0.16925918,0.07374193,0.3201643,-0.26239213,-0.047570065,0.07092503,0.05423012,-0.18221924,0.07306193,-0.13843215,0.50633156,-0.29068914,-0.03517185,-0.118244104,-0.07345905,-0.21633497,0.5485043,-0.37610605,0.016594032
-0.085694,-1.525124,0.9626961,-0.018604,0.017711,-0.699402,0.71426696,-0.047824,0.019021,-0.334756,-1.498437,0.854207,-0.037846,0.165044,-0.230331,0.382294,-0.307948,1.426068,0.729382,0.169671,0.071183,0.31494,-0.280881,-0.047601,0.071712,0.053289,-0.177806,0.073179,-0.136771,0.496637,-0.287286,-0.038517,-0.116762,-0.074287,-0.218212,0.545027,-0.376136,0.016504
-0.086246,-1.526478,0.963217,-0.017301,0.018449998,-0.698229,0.71542805,-0.048234,0.017412,-0.323389,-1.501209,0.831194,-0.038115,0.180323,-0.230698,0.39582,-0.288659,1.424566,0.707796,0.17372,0.062576,0.309202,-0.300863,-0.048604,0.072038,0.051713,-0.174291,0.072513,-0.136831,0.487063,-0.283092,-0.040418,-0.115157,-0.075222,-0.220459,0.540738,-0.37529,0.016568
-0.086844005,-1.527555,0.9635959,-0.015599,0.019282,-0.6966811,0.7169521,-0.051172,0.015501,-0.312784,-1.503197,0.800454,-0.039191,0.194673,-0.234898,0.41419,-0.267061,1.421338,0.681469,0.18675,0.050855,0.303409,-0.326296,-0.050518,0.07141,0.048109,-0.173233,0.072062,-0.137209,0.481359,-0.280266,-0.042682,-0.115242,-0.075593,-0.22102,0.538998,-0.375343,0.016326
-0.087114,-1.528434,0.963982,-0.013397001,0.020144999,-0.69529605,0.71831596,-0.05248,0.013541,-0.301851,-1.505394,0.751514,-0.041076,0.211934,-0.236471,0.442556,-0.2447,1.414185,0.661032,0.2107,0.043894,0.29685,-0.352009,-0.052229,0.070139,0.045402,-0.174423,0.070664,-0.137651,0.476935,-0.277325,-0.04551,-0.117458,-0.076983,-0.221525,0.538591,-0.375417,0.016731
-0.08737,-1.529218,0.9641551,-0.010915,0.020824,-0.693571,0.720005,-0.055906,0.011892,-0.288058,-1.505168,0.687116,-0.051538,0.235175,-0.238665,0.471087,-0.218897,1.405635,0.636018,0.245021,0.033557,0.288636,-0.380745,-0.054029,0.067184,0.040985,-0.181301,0.068716,-0.142812,0.481642,-0.277602,-0.046117,-0.121205,-0.077323,-0.220954,0.540445,-0.376469,0.016852
-0.08723601,-1.529845,0.9644589,-0.008253162,0.02194893,-0.69214714,0.7213749,-0.058121867,0.008879184,-0.26700327,-1.5006124,0.6123946,-0.084290996,0.2630033,-0.23485723,0.4974154,-0.19005977,1.3973227,0.59932923,0.2893223,0.01785296,0.28218138,-0.41626284,-0.05663184,0.06548411,0.03720623,-0.19127941,0.06593717,-0.15133448,0.49236533,-0.27363527,-0.05840225,-0.12527475,-0.07977085,-0.22031705,0.54248583,-0.37717697,0.018120922
-0.086559,-1.530219,0.96484697,-0.005717999,0.023024002,-0.69059205,0.722855,-0.060537,0.006259,-0.23265,-1.489858,0.547886,-0.154816,0.296297,-0.212124,0.5278,-0.156528,1.388778,0.550901,0.346835,0.014284,0.273451,-0.459956,-0.057937,0.066079,0.032894,-0.203104,0.060463,-0.166734,0.502767,-0.264146,-0.077588,-0.132211,-0.086883,-0.218369,0.546916,-0.378162,0.021456
-0.08522608,-1.5305929,0.96493393,-0.0033841422,0.024050934,-0.68913203,0.7242279,-0.06396479,0.00331318,-0.18491592,-1.4737769,0.50590456,-0.2611635,0.32354933,-0.16915663,0.5559723,-0.11463556,1.3801515,0.4881058,0.42281234,0.020622613,0.2601118,-0.49081913,-0.057909,0.06655197,0.029321218,-0.2260646,0.049772657,-0.20567563,0.5307003,-0.25470456,-0.103603415,-0.14185143,-0.0951165,-0.21534318,0.5547865,-0.38076583,0.025986722
-0.083059005,-1.530525,0.965109,-0.0008429999,0.025562,-0.6882471,0.72502506,-0.06456,-0.001014,-0.134404,-1.457138,0.485692,-0.378195,0.336251,-0.126018,0.577274,-0.073138,1.369538,0.4392,0.509909,0.023011,0.245785,-0.511667,-0.058067,0.067875,0.0291,-0.24716,0.034727,-0.257414,0.55444,-0.249607,-0.131891,-0.153643,-0.105461,-0.212556,0.563216,-0.382281,0.031811
-0.08025418,-1.530276,0.9649919,0.001558853,0.027159901,-0.688202,0.725009,-0.06562094,-0.005357735,-0.08708889,-1.4418219,0.47907043,-0.48907423,0.35048214,-0.086533405,0.60413635,-0.03285446,1.3591326,0.4050051,0.6017524,0.027410733,0.22810309,-0.5414622,-0.058952942,0.068678945,0.030200932,-0.26896566,0.01915095,-0.3130906,0.58428323,-0.25482067,-0.17024267,-0.16562326,-0.11527441,-0.20813526,0.5736264,-0.38473186,0.038077615
-0.076951005,-1.529776,0.96492696,0.0032879994,0.028351,-0.68964404,0.7235861,-0.060265,-0.009,-0.041976,-1.428675,0.469174,-0.590729,0.370579,-0.055822,0.629412,0.002571,1.345933,0.39281,0.694967,0.045977,0.209275,-0.582817,-0.059608,0.069877,0.034909,-0.284226,0.009794,-0.351847,0.606215,-0.255831,-0.199918,-0.174931,-0.124767,-0.203858,0.581133,-0.385393,0.044522
-0.073708,-1.529233,0.96480495,0.004724999,0.029263997,-0.6917299,0.721548,-0.054226,-0.011367,0.000924,-1.418861,0.454985,-0.682817,0.399784,-0.027253,0.657388,0.037081,1.334162,0.384057,0.787596,0.070081,0.193565,-0.62905,-0.060083,0.067709,0.039258,-0.298146,0.016063,-0.360302,0.626187,-0.260202,-0.200397,-0.181785,-0.12808,-0.199231,0.584414,-0.384035,0.048935
-0.07056999,-1.528637,0.96486294,0.005616001,0.029360998,-0.69477993,0.71860087,-0.044352,-0.010811,0.044194,-1.41127,0.434,-0.769746,0.436539,0.00046,0.680347,0.068763,1.324903,0.377817,0.876824,0.090334,0.172906,-0.677138,-0.059074,0.064684,0.043263,-0.309214,0.036461,-0.340676,0.640887,-0.268514,-0.187376,-0.186628,-0.12897,-0.192774,0.583164,-0.380049,0.052383
-0.067384,-1.528428,0.965093,0.0061290003,0.029416,-0.69992906,0.71358,-0.029871,-0.008338,0.091401,-1.405385,0.406099,-0.855391,0.478395,0.025293,0.708245,0.097886,1.319469,0.37535,0.963594,0.10941,0.153981,-0.721973,-0.058866,0.060584,0.052658,-0.313913,0.066748,-0.307947,0.646088,-0.265193,-0.166494,-0.185756,-0.125894,-0.188362,0.576016,-0.37423,0.05442
-0.06452001,-1.528539,0.9654399,0.006202,0.029880999,-0.70521694,0.708335,-0.015667,-0.006259,0.139639,-1.400905,0.374232,-0.941998,0.518742,0.044444,0.73336,0.125884,1.318539,0.370935,1.047503,0.140032,0.138538,-0.770185,-0.057489,0.058523,0.059045,-0.313008,0.102938,-0.258767,0.640063,-0.257043,-0.138929,-0.187103,-0.122232,-0.17979,0.568713,-0.367985,0.055673
-0.062078003,-1.5286192,0.96551704,-0.0048519997,-0.029484002,0.70977193,-0.703797,-0.00439,-0.000267,0.187871,-1.395821,0.343113,-1.02877,0.558261,0.06271,0.748217,0.154444,1.31792,0.37117,1.128513,0.168512,0.12535,-0.816735,-0.053265,0.057835,0.063938,-0.307729,0.140186,-0.202617,0.628638,-0.249033,-0.116871,-0.187996,-0.119174,-0.171646,0.562878,-0.363327,0.056863
-0.059143007,-1.529165,0.965359,-0.004304,-0.029891,0.71497595,-0.69849706,0.005492,0.003032,0.23517,-1.391668,0.312527,-1.113846,0.596959,0.080191,0.763981,0.183451,1.314693,0.374075,1.214414,0.192054,0.106375,-0.858052,-0.051772,0.057525,0.066294,-0.295807,0.175835,-0.141679,0.613709,-0.238971,-0.102037,-0.191346,-0.116729,-0.15692,0.562013,-0.361208,0.059066
-0.056109004,-1.5295861,0.965066,-0.0038499997,-0.029474998,0.71827,-0.69513005,0.008829,0.006726,0.275191,-1.390442,0.286857,-1.191687,0.627712,0.095163,0.777882,0.216091,1.318142,0.362497,1.297789,0.218016,0.082702,-0.886951,-0.05011,0.056409,0.062645,-0.279609,0.20483,-0.085859,0.598712,-0.231248,-0.10538,-0.194642,-0.116061,-0.141891,0.562627,-0.359834,0.06228
-0.052743,-1.530167,0.96476805,-0.0035429995,-0.028985998,0.7211171,-0.692198,0.010888,0.007445,0.309477,-1.390747,0.264599,-1.259495,0.654876,0.110874,0.790965,0.247822,1.322193,0.347874,1.376596,0.25525,0.063729,-0.908105,-0.049663,0.056719,0.056418,-0.25896,0.224196,-0.040823,0.583629,-0.219584,-0.107751,-0.197257,-0.118651,-0.125191,0.564481,-0.359251,0.067234
-0.04825901,-1.530812,0.96469605,-0.0031829993,-0.027688999,0.72366786,-0.6895851,0.014921,0.007663,0.339005,-1.392415,0.246519,-1.316145,0.680502,0.116472,0.80464,0.279059,1.321576,0.334654,1.450556,0.283037,0.048306,-0.916003,-0.049897,0.057214,0.054061,-0.237991,0.231,-0.012928,0.573153,-0.199415,-0.114665,-0.193618,-0.125891,-0.114834,0.561301,-0.356871,0.075195
-0.043033,-1.531301,0.96424294,-0.0037099998,-0.026236001,0.72577494,-0.687422,0.017476,0.007085,0.361582,-1.395057,0.232942,-1.365716,0.700463,0.122691,0.816407,0.309435,1.321416,0.315778,1.520428,0.299312,0.03813,-0.919609,-0.04618,0.051751,0.058096,-0.236567,0.23507,-0.009122,0.579588,-0.193109,-0.122965,-0.195581,-0.130175,-0.110519,0.559027,-0.354387,0.0833
-0.037245993,-1.532052,0.96418995,-0.0036070005,-0.02479,0.72771305,-0.6854239,0.020957,0.005093,0.380939,-1.396365,0.224419,-1.407313,0.721733,0.127897,0.829731,0.337347,1.322282,0.297551,1.58063,0.305024,0.030305,-0.921867,-0.042674,0.049828,0.056163,-0.22275,0.234001,0.007963,0.57451,-0.196462,-0.1509,-0.194825,-0.137689,-0.101669,0.551872,-0.349037,0.093189
-0.031028375,-1.5327998,0.96357894,-0.0043219575,-0.024032047,0.72968394,-0.68334824,0.022857884,0.0011962379,0.39615008,-1.395751,0.22024326,-1.4460727,0.74199474,0.13352466,0.846305,0.36428937,1.3242189,0.280828,1.6355777,0.3068119,0.024547352,-0.9228069,-0.040903106,0.046451204,0.053948134,-0.20184126,0.23513092,0.050893378,0.5514794,-0.20729035,-0.18109216,-0.19900374,-0.14456758,-0.09044769,0.551917,-0.34691015,0.10345238
-0.024536004,-1.533518,0.963191,-0.004801999,-0.023354,0.73127395,-0.68166703,0.024795,-0.002518,0.40817,-1.393264,0.219386,-1.480292,0.76375,0.138115,0.860967,0.387634,1.327512,0.263839,1.681103,0.314834,0.0205,-0.923818,-0.041666,0.046676,0.048551,-0.178132,0.228487,0.08792,0.529731,-0.221388,-0.185783,-0.199509,-0.15598,-0.078021,0.549955,-0.343778,0.115985
-0.01806001,-1.534196,0.96253,-0.005268,-0.023802003,0.73233,-0.68051404,0.024122,-0.008532,0.417538,-1.388754,0.220322,-1.514019,0.785365,0.141417,0.878066,0.409832,1.331235,0.246676,1.721919,0.334035,0.017613,-0.924103,-0.03933,0.047567,0.039565,-0.162154,0.221304,0.120615,0.510526,-0.238959,-0.185107,-0.21051,-0.165526,-0.059787,0.552792,-0.341158,0.128104
-0.011292997,-1.534424,0.961774,-0.006524,-0.024449999,0.73395103,-0.678731,0.025629,-0.013234,0.424796,-1.384021,0.221694,-1.546084,0.803596,0.142941,0.893619,0.425016,1.333493,0.229161,1.759705,0.365847,0.01797,-0.924142,-0.037143,0.047867,0.031262,-0.154485,0.213121,0.147464,0.499939,-0.257755,-0.179085,-0.225415,-0.175347,-0.039693,0.556933,-0.337925,0.140463
-0.0041959938,-1.534562,0.961031,-0.008162,-0.024230998,0.735063,-0.67751586,0.027155,-0.018319,0.429805,-1.380752,0.225628,-1.575039,0.824414,0.144842,0.906393,0.440121,1.334879,0.213241,1.792822,0.394137,0.021008,-0.924155,-0.034855,0.045304,0.028441,-0.154407,0.203647,0.15747,0.497774,-0.276116,-0.176071,-0.234992,-0.1868,-0.028745,0.556842,-0.333795,0.157859
0.0017649987,-1.533937,0.959399,-0.010465,-0.025582,0.7359259,-0.676497,0.028361,-0.024737,0.433173,-1.373967,0.225784,-1.609705,0.847907,0.146291,0.915601,0.450452,1.342862,0.198364,1.825282,0.418591,0.021569,-0.924321,-0.029583,0.046676,0.020623,-0.170731,0.194119,0.163147,0.509538,-0.298391,-0.172839,-0.274534,-0.199755,0.002356,0.58657,-0.340481,0.209191
0.006899997,-1.533128,0.95771194,-0.013592001,-0.02627,0.736918,-0.675334,0.030318,-0.032451,0.436748,-1.367957,0.223097,-1.64363,0.867154,0.145096,0.920191,0.45927,1.352906,0.184968,1.857564,0.454248,0.021679,-0.924426,-0.024582,0.042715,0.020645,-0.195378,0.189546,0.158204,0.530226,-0.320844,-0.168565,-0.308859,-0.21092,0.024434,0.611757,-0.346302,0.273058
0.009772002,-1.531643,0.9554399,-0.017143002,-0.027587,0.737481,-0.67458594,0.029871,-0.041403,0.437501,-1.355334,0.218923,-1.67747,0.873511,0.144591,0.923114,0.465064,1.372307,0.17152,1.889661,0.492366,0.020093,-0.924542,-0.022103,0.03672,0.0197,-0.223584,0.193566,0.151233,0.557457,-0.34413,-0.167851,-0.345157,-0.208711,0.063314,0.639014,-0.354324,0.314026
0.010543952,-1.5296102,0.95317817,-0.020184815,-0.02887492,0.73757094,-0.6743501,0.027652135,-0.049978476,0.43609208,-1.3360482,0.21427429,-1.7080231,0.87113315,0.13985528,0.92357093,0.46797782,1.3973806,0.16462743,1.9181303,0.53444743,0.019186053,-0.924604,-0.019983128,0.029467441,0.015889233,-0.25443614,0.20555326,0.14245853,0.5922019,-0.36185694,-0.17155978,-0.38311768,-0.19407289,0.11365893,0.672264,-0.3558149,0.314119
0.010466,-1.526947,0.95063996,-0.022911998,-0.030218001,0.7377359,-0.67402405,0.025013,-0.05635,0.432812,-1.316536,0.206313,-1.737365,0.866589,0.133205,0.92397,0.46772,1.424501,0.162079,1.942878,0.575014,0.018248,-0.924647,-0.021746,0.024771,0.012287,-0.284651,0.216844,0.13502,0.632651,-0.377606,-0.171698,-0.422553,-0.18017,0.172115,0.720616,-0.356071,0.314134
0.011068964,-1.5240282,0.9476032,-0.025498841,-0.031592917,0.73775303,-0.673849,0.021960186,-0.061798666,0.42736733,-1.3015319,0.19970441,-1.7633785,0.8687948,0.12924026,0.924208,0.46415022,1.4485614,0.15747528,1.9658515,0.6187843,0.017482046,-0.92469,-0.02586875,0.023905054,0.01048011,-0.31449917,0.22049578,0.1253236,0.6756784,-0.39461696,-0.1684912,-0.45691487,-0.1832488,0.21185458,0.7648183,-0.34983438,0.314137
0.012750997,-1.521049,0.944006,-0.027584,-0.033097,0.73739594,-0.6740851,0.019762,-0.065857,0.419707,-1.290743,0.197526,-1.786214,0.880334,0.129762,0.924321,0.458941,1.465002,0.14964,1.986796,0.663967,0.021062,-0.924721,-0.029711,0.029264,0.011707,-0.345479,0.211683,0.111143,0.719793,-0.412704,-0.162443,-0.490013,-0.221225,0.209014,0.80038,-0.337702,0.314134
0.015309007,-1.518233,0.93996906,-0.029173,-0.034336,0.73610497,-0.6753659,0.01396,-0.067721,0.410174,-1.284628,0.201028,-1.806979,0.899758,0.132959,0.924395,0.454511,1.479576,0.134668,2.00622,0.696248,0.02563,-0.924749,-0.032611,0.034624,0.017104,-0.379055,0.198001,0.089945,0.765773,-0.431564,-0.154677,-0.515234,-0.275911,0.188816,0.820083,-0.332371,0.314128
0.01844099,-1.5155001,0.935555,-0.030796,-0.035768,0.734777,-0.67666507,0.011007,-0.069333,0.39882,-1.284139,0.206006,-1.828577,0.92132,0.139154,0.924484,0.449286,1.487531,0.119364,2.022429,0.714697,0.030759,-0.924766,-0.034406,0.038791,0.027493,-0.415192,0.182498,0.063913,0.8118,-0.449976,-0.149653,-0.536819,-0.33208,0.176229,0.830153,-0.310183,0.31412
0.021517994,-1.51303,0.930407,-0.031735998,-0.036493,0.73227596,-0.679289,0.003975,-0.068365,0.385273,-1.286555,0.215589,-1.84972,0.937027,0.146009,0.924559,0.445491,1.492069,0.100361,2.040818,0.727013,0.036403,-0.924786,-0.032986,0.0399,0.038122,-0.453968,0.171346,0.040174,0.861214,-0.469637,-0.145703,-0.552571,-0.382205,0.177732,0.830122,-0.272216,0.314102
0.024557814,-1.5109612,0.92497927,-0.03261995,-0.037123963,0.7293573,-0.68234587,-0.0018946417,-0.06655611,0.36955595,-1.2929516,0.22775525,-1.867608,0.9559749,0.15342155,0.924607,0.4417102,1.4910672,0.078085355,2.0547512,0.73535645,0.046572376,-0.924795,-0.031095115,0.039540023,0.046398498,-0.49199167,0.15951373,0.01592948,0.91081095,-0.49054173,-0.13959137,-0.56368935,-0.42866817,0.18406062,0.82106256,-0.22923462,0.31405
0.026997004,-1.509039,0.919067,-0.032833003,-0.03779,0.726029,-0.68584,-0.009481,-0.063669,0.35251,-1.297839,0.243075,-1.882677,0.980579,0.163334,0.924636,0.434872,1.498534,0.041565,2.066595,0.703377,0.069762,-0.924822,-0.029276,0.039066,0.052867,-0.529687,0.147117,-0.011062,0.960981,-0.511485,-0.134119,-0.570463,-0.475045,0.182661,0.807637,-0.186955,0.312856
0.028614996,-1.506882,0.913358,-0.033406,-0.040192,0.722708,-0.68917507,-0.017077,-0.063698,0.331844,-1.302592,0.2577,-1.894985,1.006437,0.173406,0.924659,0.422924,1.49559,0.021042,2.07273,0.698216,0.077939,-0.924831,-0.034076,0.041433,0.056371,-0.560661,0.134671,-0.035629,1.007043,-0.530311,-0.129526,-0.574883,-0.520617,0.172047,0.796788,-0.164984,0.289519
0.029516,-1.505112,0.90731,-0.033307,-0.041767996,0.71933997,-0.692601,-0.022252,-0.063517,0.310047,-1.307126,0.272457,-1.904542,1.032109,0.18451,0.924679,0.409027,1.4821,0.018058,2.076124,0.736016,0.061074,-0.924831,-0.03326,0.04057,0.057264,-0.595997,0.126789,-0.060748,1.052882,-0.548438,-0.12689,-0.582346,-0.558308,0.158706,0.786563,-0.145404,0.266372
0.029436994,-1.503485,0.90127695,-0.033250995,-0.044262003,0.716302,-0.69559103,-0.0271,-0.066347,0.286962,-1.309565,0.286635,-1.911911,1.057003,0.196628,0.924692,0.393303,1.467488,0.021336,2.075976,0.768608,0.049181,-0.92483,-0.032825,0.039898,0.056605,-0.631453,0.12315,-0.084004,1.096252,-0.564749,-0.126793,-0.593363,-0.585639,0.154188,0.78081,-0.107523,0.238565
0.028345997,-1.501754,0.8949,-0.034106,-0.047251996,0.71281505,-0.698927,-0.033008,-0.072388,0.259631,-1.311223,0.301931,-1.918313,1.079141,0.210566,0.924701,0.372324,1.460454,0.010783,2.079326,0.771825,0.043274,-0.924837,-0.033751,0.037157,0.051623,-0.669143,0.124089,-0.106925,1.14011,-0.580423,-0.129339,-0.610694,-0.601625,0.161733,0.784574,-0.056779,0.212404
0.026245002,-1.50002,0.888119,-0.034795,-0.051115997,0.71033406,-0.701143,-0.035868,-0.078736,0.232097,-1.310784,0.312586,-1.926547,1.100006,0.224114,0.924712,0.347379,1.44838,0.01068,2.081341,0.783398,0.039188,-0.924841,-0.036059,0.036091,0.045923,-0.706261,0.128999,-0.127787,1.18361,-0.595816,-0.133973,-0.633782,-0.607167,0.18246,0.80006,-0.027954,0.207737
0.022918003,-1.498421,0.880936,-0.035372004,-0.05601,0.708897,-0.7021949,-0.037163,-0.086749,0.204552,-1.308855,0.319537,-1.934627,1.115466,0.235029,0.924722,0.316813,1.437265,0.016221,2.083205,0.795804,0.036754,-0.924845,-0.037233,0.035525,0.041529,-0.747602,0.139035,-0.149137,1.226378,-0.609491,-0.141557,-0.655322,-0.603461,0.198192,0.818942,-0.048929,0.270689
0.018609263,-1.4965711,0.8734675,-0.036069963,-0.061154686,0.7075581,-0.703079,-0.037526976,-0.09576645,0.17270295,-1.3064702,0.32465667,-1.9389007,1.1279792,0.24394447,0.924728,0.28183416,1.4264797,0.021945652,2.0847309,0.81638473,0.02937845,-0.924849,-0.03969685,0.03355112,0.037827224,-0.79027045,0.15084226,-0.17494042,1.2683915,-0.6216892,-0.15053146,-0.6819594,-0.60274005,0.17561339,0.8558938,-0.096924074,0.31404534
0.013824,-1.494522,0.865681,-0.037471995,-0.067296006,0.706892,-0.70311505,-0.0367,-0.106727,0.136625,-1.304995,0.326208,-1.941953,1.14095,0.252464,0.924735,0.24225,1.416318,0.030204,2.083889,0.832221,0.022527,-0.924851,-0.0419,0.03428,0.039855,-0.837284,0.156251,-0.203294,1.308739,-0.630384,-0.159487,-0.720227,-0.611185,0.138222,0.905934,-0.154634,0.314121
0.007896353,-1.492383,0.8576585,-0.03862892,-0.07484855,0.7059691,-0.7032161,-0.037887927,-0.12163109,0.09544651,-1.3016362,0.32652998,-1.94183,1.1515772,0.26180345,0.924739,0.19880965,1.4100513,0.039794415,2.0793843,0.83839756,0.016503368,-0.924852,-0.047255673,0.03873973,0.03605223,-0.88118833,0.16799028,-0.22696656,1.3467786,-0.63832754,-0.17139027,-0.76762915,-0.6056744,0.13727807,0.96332854,-0.21581326,0.314129
0.0016430079,-1.490206,0.848853,-0.040610004,-0.08223,0.705902,-0.702347,-0.03654,-0.13651,0.051934,-1.298801,0.325496,-1.940211,1.157314,0.271001,0.924741,0.149547,1.405921,0.048098,2.073942,0.843181,0.012712,-0.924855,-0.053019,0.044239,0.039176,-0.926941,0.170702,-0.254553,1.386241,-0.645639,-0.181688,-0.819602,-0.601326,0.150337,1.024535,-0.274145,0.31413
-0.0048490004,-1.487908,0.839796,-0.043088004,-0.089482,0.70544595,-0.701771,-0.036567,-0.151553,0.001621,-1.295721,0.326122,-1.933593,1.168234,0.279867,0.924747,0.097076,1.400618,0.055444,2.066202,0.85118,0.008386,-0.924858,-0.060217,0.048937,0.040793,-0.971848,0.174124,-0.281663,1.424177,-0.651446,-0.194366,-0.87337,-0.594359,0.170976,1.087168,-0.324616,0.31413
-0.011586998,-1.48556,0.83047605,-0.045877,-0.096651,0.705281,-0.700809,-0.03501,-0.163827,-0.052529,-1.293053,0.32666,-1.922483,1.179726,0.292922,0.924755,0.040396,1.396001,0.063912,2.052502,0.859178,0.007754,-0.92486,-0.067379,0.054114,0.041041,-1.017092,0.180056,-0.305851,1.461403,-0.657247,-0.206928,-0.933263,-0.582114,0.203368,1.152642,-0.365983,0.31413
-0.018132992,-1.48292,0.82123303,-0.049299,-0.101724,0.7052919,-0.69984597,-0.03261,-0.173541,-0.106225,-1.293597,0.326167,-1.903384,1.173111,0.296305,0.924757,-0.018857,1.390389,0.072519,2.034265,0.866766,0.004482,-0.924861,-0.073973,0.055971,0.041257,-1.059513,0.184695,-0.328787,1.497302,-0.663008,-0.217662,-0.990424,-0.569573,0.237417,1.215425,-0.397658,0.314132
-0.025047993,-1.48059,0.812055,-0.053016,-0.106375,0.7053549,-0.69881797,-0.031723,-0.183985,-0.161156,-1.293166,0.325809,-1.88094,1.169849,0.297661,0.924763,-0.078088,1.38857,0.079772,2.015789,0.871906,0.005488,-0.924863,-0.080766,0.056241,0.039713,-1.100583,0.191253,-0.352589,1.530798,-0.66785,-0.232235,-1.043622,-0.55422,0.269212,1.275101,-0.425969,0.314132
-0.031666595,-1.4782901,0.8031516,-0.057033762,-0.11043075,0.70570695,-0.6975171,-0.028341206,-0.19408739,-0.21572366,-1.29229,0.32656893,-1.8582804,1.16947,0.3011958,0.924767,-0.13890629,1.3862631,0.08694256,1.9958392,0.8786496,0.0043800673,-0.924865,-0.08610768,0.055489045,0.03990299,-1.1419294,0.1963327,-0.37585956,1.5620061,-0.6714858,-0.24587217,-1.0957978,-0.5416978,0.2950974,1.3312066,-0.4485966,0.314132
-0.038066994,-1.476318,0.794468,-0.060822,-0.113938,0.70645505,-0.6958739,-0.025729,-0.204951,-0.269175,-1.290192,0.32882,-1.833533,1.171902,0.307733,0.924774,-0.200003,1.386256,0.09446,1.971391,0.891351,0.000633,-0.924866,-0.090344,0.056131,0.042318,-1.180218,0.199444,-0.395676,1.590588,-0.674362,-0.257957,-1.145524,-0.533683,0.317888,1.383568,-0.469878,0.314132
-0.04418263,-1.4743052,0.7860745,-0.06422079,-0.11689583,0.70667595,-0.6948531,-0.022845175,-0.2148054,-0.3230807,-1.2900292,0.33139282,-1.8048118,1.1650614,0.31165376,0.924778,-0.2592674,1.386788,0.09882373,1.9441127,0.8995505,-0.0012228867,-0.924868,-0.09436275,0.05653998,0.042500988,-1.2160118,0.2029028,-0.4149428,1.6175534,-0.6770189,-0.2711702,-1.1912652,-0.52630544,0.3388487,1.4330989,-0.4905247,0.314132
-0.049717996,-1.472655,0.77788,-0.067600004,-0.11975,0.707976,-0.69271994,-0.018625,-0.225499,-0.373278,-1.289538,0.331093,-1.777897,1.15529,0.314136,0.924782,-0.320117,1.38847,0.105883,1.912066,0.906429,0.001395,-0.924868,-0.097106,0.059248,0.045656,-1.249286,0.20444,-0.429301,1.642287,-0.679203,-0.282857,-1.238481,-0.518964,0.362263,1.478862,-0.508074,0.314131
-0.0546537,-1.4711862,0.7701365,-0.070716806,-0.123012796,0.7092788,-0.69050014,-0.014966223,-0.2370093,-0.4237019,-1.2878752,0.33320287,-1.7499727,1.1490735,0.3158809,0.924787,-0.3791934,1.3931558,0.10811186,1.8799999,0.9088168,0.004448814,-0.92487,-0.10181671,0.062136825,0.047705874,-1.2792182,0.20800377,-0.44319713,1.6655296,-0.6817509,-0.29398632,-1.2808294,-0.50783664,0.38556457,1.5222094,-0.52379006,0.314131
-0.059187,-1.469767,0.762554,-0.073773,-0.12577398,0.710282,-0.68864906,-0.012908,-0.249065,-0.475157,-1.287247,0.335189,-1.717989,1.145233,0.318862,0.924791,-0.437449,1.396782,0.109604,1.845599,0.91204,0.005554,-0.924871,-0.105193,0.06583,0.048906,-1.307484,0.209323,-0.454508,1.687931,-0.684034,-0.303319,-1.323312,-0.496232,0.410181,1.562724,-0.536939,0.31413
-0.06319301,-1.468473,0.755451,-0.076619,-0.128464,0.71147096,-0.68661106,-0.009515,-0.260449,-0.526469,-1.286595,0.335954,-1.681792,1.135999,0.320785,0.924794,-0.496074,1.401406,0.111405,1.805923,0.915546,0.006814,-0.924872,-0.109178,0.0697,0.050954,-1.332907,0.210599,-0.464301,1.708871,-0.686313,-0.310088,-1.361132,-0.48545,0.432621,1.599185,-0.548431,0.314129
-0.066585004,-1.46739,0.748627,-0.079029,-0.13061002,0.7125931,-0.6847681,-0.008101,-0.268651,-0.575629,-1.287984,0.336338,-1.641955,1.124383,0.319558,0.924798,-0.552939,1.405798,0.113024,1.763481,0.917854,0.008293,-0.924873,-0.112403,0.073001,0.052242,-1.356538,0.211947,-0.473232,1.730052,-0.689929,-0.313063,-1.395598,-0.475417,0.453078,1.632633,-0.55856,0.314129
-0.069639996,-1.466511,0.74178207,-0.08178801,-0.13200802,0.71340007,-0.6833339,-0.007561,-0.274905,-0.62442,-1.290061,0.336887,-1.603031,1.114082,0.318443,0.924801,-0.606804,1.408539,0.115589,1.723946,0.916389,0.014852,-0.924874,-0.115444,0.074076,0.054339,-1.379775,0.21075,-0.482725,1.751961,-0.694034,-0.313752,-1.427567,-0.467726,0.471842,1.664386,-0.568624,0.314128
-0.072459996,-1.465672,0.735553,-0.084203,-0.13339502,0.714459,-0.681662,-0.005711,-0.280785,-0.671151,-1.290057,0.339413,-1.564518,1.107617,0.317703,0.924805,-0.660667,1.410099,0.123126,1.682472,0.924104,0.010727,-0.924875,-0.120002,0.074015,0.056045,-1.400214,0.212327,-0.49353,1.771992,-0.698496,-0.313921,-1.452686,-0.459838,0.485797,1.693449,-0.578488,0.314128
-0.075069,-1.465078,0.729171,-0.08639,-0.13465,0.71546507,-0.68008506,-0.003925,-0.284796,-0.717573,-1.287354,0.345366,-1.527035,1.099685,0.320268,0.924807,-0.712462,1.413423,0.128796,1.640902,0.928827,0.012614,-0.924876,-0.124006,0.072931,0.055463,-1.421564,0.216103,-0.506053,1.79275,-0.703876,-0.313992,-1.476278,-0.449426,0.498007,1.722583,-0.588476,0.314127
-0.077309,-1.464558,0.723281,-0.08851799,-0.135408,0.71648294,-0.67858803,-0.002291,-0.288103,-0.763,-1.285102,0.3523,-1.486032,1.091934,0.320931,0.924809,-0.762994,1.416288,0.135247,1.595629,0.9289,0.01938,-0.924876,-0.12639,0.071427,0.060015,-1.441629,0.212405,-0.517833,1.811663,-0.707387,-0.31402,-1.499359,-0.445746,0.509182,1.748155,-0.597556,0.314127
-0.079413995,-1.464109,0.717569,-0.090331994,-0.13602701,0.7171441,-0.677525,-0.002204,-0.29027,-0.808281,-1.283554,0.35993,-1.442195,1.082365,0.320734,0.924811,-0.81094,1.419229,0.140711,1.550278,0.929,0.022422,-0.924877,-0.129243,0.070376,0.063093,-1.459714,0.209556,-0.528795,1.830197,-0.711405,-0.314038,-1.520371,-0.442602,0.520147,1.772611,-0.606558,0.314127
-0.081529,-1.463683,0.712132,-0.091833994,-0.13643304,0.71775496,-0.6765949,-0.002066,-0.291208,-0.852459,-1.282554,0.364931,-1.397161,1.069481,0.318815,0.924814,-0.857526,1.421203,0.147736,1.504607,0.928771,0.025567,-0.924877,-0.130903,0.069968,0.066698,-1.476444,0.205136,-0.53876,1.847101,-0.7148,-0.314051,-1.54099,-0.439918,0.531197,1.79541,-0.614872,0.314127
-0.083446,-1.463493,0.707112,-0.09313501,-0.136629,0.71796197,-0.676157,-0.001657,-0.291922,-0.896368,-1.282496,0.371643,-1.351169,1.054328,0.315831,0.924816,-0.900144,1.425396,0.150433,1.459582,0.926507,0.025995,-0.924878,-0.131723,0.067913,0.068165,-1.49318,0.20202,-0.550112,1.862918,-0.718329,-0.314062,-1.55863,-0.436377,0.539128,1.816498,-0.622847,0.314127
-0.085274,-1.463305,0.702349,-0.094245,-0.136507,0.717959,-0.676031,-0.002014,-0.292267,-0.941993,-1.280784,0.384223,-1.298802,1.041736,0.317299,0.924817,-0.941443,1.426163,0.158123,1.408441,0.928622,0.028292,-0.924878,-0.132242,0.065566,0.068247,-1.508676,0.19995,-0.560893,1.877862,-0.721868,-0.314071,-1.57364,-0.432143,0.546055,1.835887,-0.630457,0.314126
-0.086765,-1.463112,0.697863,-0.09529,-0.135968,0.71791893,-0.67603594,-0.00243,-0.292142,-0.987509,-1.281774,0.396744,-1.237807,1.020073,0.315848,0.924817,-0.983973,1.42426,0.171214,1.350319,0.92744,0.032431,-0.924877,-0.131997,0.063287,0.066799,-1.52288,0.198795,-0.569992,1.892272,-0.72578,-0.314077,-1.588838,-0.42762,0.553526,1.853552,-0.636709,0.314126
-0.088278994,-1.463061,0.693735,-0.096468,-0.135634,0.717642,-0.67623,-0.004092,-0.293139,-1.032365,-1.283684,0.407134,-1.174455,0.987875,0.305461,0.924818,-1.023302,1.421843,0.185688,1.293461,0.923425,0.032654,-0.924877,-0.131462,0.061322,0.065973,-1.53657,0.195757,-0.578145,1.905214,-0.728542,-0.314081,-1.603447,-0.423217,0.560952,1.86971,-0.642361,0.314126
-0.08957,-1.463184,0.6900641,-0.09777899,-0.135177,0.717494,-0.6762899,-0.003698,-0.294991,-1.076149,-1.285059,0.417776,-1.10824,0.94967,0.290642,0.924817,-1.061376,1.420055,0.198995,1.237809,0.914635,0.036862,-0.924877,-0.130418,0.057671,0.06542,-1.550939,0.193473,-0.587133,1.916877,-0.730948,-0.314085,-1.616708,-0.420108,0.565308,1.884107,-0.647441,0.314126
-0.090643,-1.463464,0.686422,-0.0993,-0.13448499,0.717067,-0.67665994,-0.006405,-0.296837,-1.119712,-1.289263,0.428428,-1.038216,0.911403,0.273866,0.924817,-1.098816,1.41538,0.218633,1.181266,0.909358,0.032952,-0.924875,-0.127985,0.054119,0.064723,-1.565545,0.189287,-0.594282,1.92851,-0.733072,-0.314086,-1.631558,-0.416696,0.571172,1.89742,-0.65144,0.314126
-0.091539,-1.463814,0.683287,-0.101004,-0.13411002,0.7167,-0.676871,-0.006882,-0.299442,-1.165109,-1.290906,0.443753,-0.96737,0.874295,0.253282,0.924818,-1.135374,1.410188,0.238098,1.125013,0.897316,0.03275,-0.924874,-0.12665,0.050388,0.063199,-1.579112,0.187737,-0.600612,1.938603,-0.73529,-0.314089,-1.643663,-0.412345,0.575594,1.908877,-0.654923,0.314125
-0.09222101,-1.464089,0.680384,-0.10263101,-0.13365902,0.71655196,-0.676872,-0.008981,-0.302089,-1.210283,-1.292448,0.462562,-0.896289,0.848884,0.23608,0.924819,-1.171903,1.406354,0.258694,1.065269,0.883179,0.034647,-0.924872,-0.124759,0.046181,0.062234,-1.59304,0.186609,-0.606726,1.94786,-0.737087,-0.314091,-1.655292,-0.407876,0.578914,1.919255,-0.657463,0.314125
-0.092774995,-1.46456,0.67774,-0.1045,-0.13351299,0.71633005,-0.67684895,-0.009197,-0.302803,-1.254454,-1.295388,0.476974,-0.826254,0.821759,0.220896,0.92482,-1.206521,1.402567,0.276584,1.011338,0.865886,0.037106,-0.924871,-0.123768,0.042728,0.061486,-1.605703,0.185799,-0.611337,1.956813,-0.739084,-0.314093,-1.667183,-0.404591,0.583348,1.929086,-0.659697,0.314125
-0.09326499,-1.465052,0.675219,-0.105936006,-0.13364199,0.71612,-0.67682296,-0.010176,-0.304746,-1.298278,-1.298807,0.491097,-0.755786,0.791903,0.204648,0.924822,-1.240084,1.397717,0.297711,0.960348,0.851994,0.036996,-0.924869,-0.122078,0.041182,0.06168,-1.617578,0.184427,-0.613836,1.964631,-0.74054,-0.314095,-1.680244,-0.402732,0.588533,1.937895,-0.661688,0.314125
-0.09389896,-1.465552,0.67266715,-0.10697095,-0.13389197,0.7159121,-0.676831,-0.009576037,-0.30582893,-1.3429513,-1.3035438,0.50931287,-0.6823605,0.76375073,0.18713605,0.924823,-1.2720591,1.3937342,0.3176038,0.910458,0.8338941,0.03915387,-0.924867,-0.11945516,0.04158798,0.06041408,-1.6289903,0.18470697,-0.61510897,1.9718845,-0.7421469,-0.314096,-1.6947731,-0.39840326,0.59487563,1.9469514,-0.6628999,0.314125
-0.09433198,-1.4661709,0.67032427,-0.10778394,-0.13411899,0.71598786,-0.676576,-0.009457007,-0.30652094,-1.3861663,-1.3077127,0.5316067,-0.60969746,0.73783857,0.17117098,0.924823,-1.3029661,1.3919861,0.33411297,0.8594581,0.81042844,0.039857954,-0.924864,-0.116833165,0.042201962,0.06126795,-1.6388744,0.18357307,-0.61581093,1.9786726,-0.74363595,-0.314098,-1.7083491,-0.39623415,0.6014976,1.9551855,-0.6646669,0.314125
-0.094719976,-1.466823,0.6679501,-0.108621955,-0.13414098,0.7158561,-0.676578,-0.009853976,-0.30698597,-1.4276155,-1.3134776,0.55212474,-0.5383443,0.70702493,0.15359107,0.924823,-1.3311212,1.3894023,0.35038698,0.8140627,0.7872924,0.042400844,-0.924863,-0.115143105,0.04233199,0.059360117,-1.6476334,0.18506691,-0.61737794,1.9860275,-0.7465388,-0.3141,-1.7193104,-0.39230025,0.60749865,1.9633496,-0.6666209,0.314125
-0.094873995,-1.4674251,0.6658821,-0.10947694,-0.13410698,0.71600795,-0.676285,-0.010012991,-0.307252,-1.4666066,-1.3184087,0.57398665,-0.47017017,0.67464596,0.13630305,0.924823,-1.3599334,1.3861492,0.37276465,0.7690507,0.76634127,0.04211202,-0.92486,-0.113569096,0.042322002,0.057803098,-1.6553525,0.18701789,-0.61826897,1.9926916,-0.74946284,-0.314101,-1.7291644,-0.38797724,0.6131116,1.9702035,-0.6678069,0.314125
-0.095184006,-1.468124,0.663771,-0.109974004,-0.134018,0.716314,-0.67589897,-0.008173,-0.307198,-1.502483,-1.321764,0.604012,-0.406424,0.641942,0.121647,0.924822,-1.387804,1.383351,0.399034,0.724334,0.744317,0.041932,-0.924858,-0.112146,0.042728,0.057623,-1.661633,0.187817,-0.619654,1.999393,-0.752538,-0.314103,-1.738232,-0.38559,0.618662,1.977589,-0.67013,0.314125
-0.095344,-1.468738,0.66202915,-0.109974004,-0.134018,0.716314,-0.67589897,-0.0070000715,-0.30778396,-1.535838,-1.3253797,0.637939,-0.34637466,0.608357,0.106341936,0.92482,-1.4135494,1.3809891,0.42564636,0.6800808,0.71552473,0.04585076,-0.924855,-0.110616095,0.040509135,0.058206964,-1.6684656,0.18802798,-0.62356377,2.0048137,-0.7549619,-0.314105,-1.7436197,-0.38501304,0.6198499,1.9832468,-0.67257184,0.314125
-0.095585,-1.469372,0.66022193,-0.110493995,-0.133019,0.7172071,-0.6750631,-0.005792,-0.307863,-1.56499,-1.327714,0.672653,-0.291474,0.571753,0.089993,0.924818,-1.437742,1.380574,0.451699,0.634615,0.683123,0.047469,-0.924852,-0.109383,0.039731,0.058789,-1.672602,0.189367,-0.625867,2.010592,-0.758473,-0.314106,-1.749045,-0.384642,0.623558,1.989454,-0.675537,0.314125
-0.09568499,-1.4698288,0.6587751,-0.11079898,-0.13224204,0.7175219,-0.6748309,-0.0055680135,-0.30674908,-1.5904005,-1.3314688,0.705615,-0.24142006,0.53525823,0.07426296,0.924813,-1.4612496,1.3787001,0.484323,0.58906883,0.6495841,0.05290267,-0.924848,-0.10862304,0.037220154,0.05699711,-1.6770587,0.19199385,-0.63010776,2.0157337,-0.7616978,-0.314107,-1.7516469,-0.38270712,0.624167,1.9943328,-0.6774109,0.314126
-0.09580801,-1.4704092,0.657328,-0.110924,-0.130984,0.71791697,-0.674636,-0.004247,-0.304934,-1.611496,-1.334641,0.73949,-0.198562,0.502459,0.061051,0.924809,-1.484304,1.377778,0.51978,0.541374,0.612521,0.064648,-0.924844,-0.107925,0.035887,0.055474,-1.678307,0.194713,-0.63224,2.021078,-0.766105,-0.314108,-1.754756,-0.381859,0.627692,1.999372,-0.679793,0.314126
-0.09606199,-1.470885,0.6561081,-0.111090004,-0.13020305,0.71823204,-0.674425,-0.0036260376,-0.30371308,-1.6307218,-1.3355719,0.7734809,-0.16303717,0.4712459,0.052124545,0.924804,-1.5057527,1.377561,0.55458385,0.49716172,0.57713115,0.073539466,-0.92484,-0.10704105,0.033413153,0.05372911,-1.6820577,0.19762184,-0.63674873,2.0251637,-0.7689318,-0.314108,-1.7564598,-0.3801941,0.62707704,2.0038607,-0.6816709,0.314126
-0.09622401,-1.471265,0.655133,-0.111195005,-0.128946,0.718417,-0.674452,-0.002752,-0.301823,-1.647746,-1.339263,0.807685,-0.124445,0.435688,0.039505,0.924793,-1.526815,1.378432,0.5894,0.451315,0.540624,0.085451,-0.924834,-0.105666,0.030966,0.052104,-1.684132,0.199324,-0.639546,2.028692,-0.771455,-0.314109,-1.758286,-0.380236,0.627743,2.00706,-0.683244,0.314126
-0.09649501,-1.471702,0.654239,-0.11114399,-0.128027,0.718796,-0.6742311,-0.002404,-0.300594,-1.663128,-1.341593,0.844523,-0.090203,0.402846,0.029592,0.92478,-1.547195,1.380971,0.627237,0.405201,0.503755,0.097724,-0.924826,-0.104086,0.029823,0.05195,-1.685806,0.200409,-0.641298,2.031537,-0.77352,-0.314109,-1.760805,-0.380825,0.629028,2.010264,-0.684893,0.314126
-0.09663401,-1.472088,0.65358,-0.111292,-0.127089,0.719167,-0.67398906,-0.000663,-0.299347,-1.675274,-1.342876,0.876351,-0.063351,0.375092,0.023868,0.924768,-1.567133,1.383996,0.665069,0.359978,0.462222,0.115131,-0.924819,-0.102347,0.027324,0.050582,-1.688612,0.202468,-0.644307,2.033812,-0.775117,-0.314109,-1.761975,-0.379981,0.627872,2.012403,-0.68566,0.314126
-0.096916996,-1.472462,0.653054,-0.111211,-0.12654498,0.719591,-0.673652,0.001393,-0.29884,-1.684136,-1.342421,0.894013,-0.046276,0.345763,0.021184,0.924754,-1.587348,1.389789,0.702952,0.311762,0.420043,0.131534,-0.92481,-0.101271,0.026639,0.051014,-1.68957,0.203237,-0.645643,2.035409,-0.775804,-0.31411,-1.763363,-0.380721,0.62829,2.014513,-0.686943,0.314126
-0.097041,-1.472828,0.6527249,-0.111249,-0.125787,0.7202111,-0.673125,0.003846,-0.29854,-1.688857,-1.338816,0.913799,-0.040353,0.328343,0.025736,0.924731,-1.608326,1.398695,0.736605,0.260999,0.378648,0.147898,-0.9248,-0.099507,0.02452,0.050942,-1.691467,0.204936,-0.647931,2.036418,-0.776882,-0.31411,-1.76347,-0.380014,0.626617,2.015614,-0.6875,0.314126
-0.097144,-1.473252,0.652506,-0.11134199,-0.125023,0.72053194,-0.672908,0.005378,-0.296709,-1.692171,-1.336725,0.926966,-0.037702,0.311507,0.032903,0.924696,-1.62704,1.406594,0.772515,0.214296,0.340359,0.158193,-0.924788,-0.097306,0.022157,0.050227,-1.69381,0.206271,-0.650087,2.037111,-0.777628,-0.314111,-1.763387,-0.378995,0.624652,2.016197,-0.687999,0.314126
-0.097311,-1.4736879,0.652621,-0.111307025,-0.124666035,0.7209051,-0.6725811,0.007192889,-0.29613605,-1.6935649,-1.3347721,0.94365096,-0.036649067,0.29255816,0.042601407,0.92465,-1.6440849,1.4151725,0.80548596,0.17227256,0.3061171,0.16823539,-0.924773,-0.096055076,0.021623032,0.05006301,-1.693845,0.20844987,-0.650373,2.0364773,-0.7784609,-0.314111,-1.763116,-0.378989,0.62356406,2.015965,-0.688344,0.314126
-0.09744401,-1.474139,0.653042,-0.11128902,-0.123913,0.721355,-0.6722409,0.008285057,-0.29467592,-1.6939172,-1.333233,0.95200366,-0.036148984,0.2821341,0.052396927,0.924578,-1.6599137,1.4270844,0.8403326,0.124908544,0.2713878,0.17770441,-0.924745,-0.093636915,0.020011976,0.050733976,-1.6938388,0.20942709,-0.65033495,2.0348268,-0.778343,-0.314111,-1.762255,-0.37961206,0.62136996,2.0144527,-0.688363,0.314125
-0.09764799,-1.47453,0.653569,-0.11128902,-0.123913,0.721355,-0.6722409,0.009217943,-0.2932111,-1.6953329,-1.33366,0.9627463,-0.035912015,0.28361592,0.06758307,0.924431,-1.6727153,1.4354296,0.8660914,0.084628455,0.2352992,0.1844206,-0.924723,-0.09233208,0.019621024,0.05033402,-1.6922561,0.21099891,-0.64952105,2.0327282,-0.778552,-0.31411,-1.760988,-0.38053894,0.6201851,2.0127523,-0.688509,0.314125
-0.097831,-1.474891,0.654459,-0.11109301,-0.122891,0.721444,-0.67236507,0.009813,-0.292168,-1.696121,-1.33454,0.977056,-0.035822,0.274166,0.078558,0.92426,-1.681026,1.441092,0.88101,0.058652,0.215817,0.185941,-0.924693,-0.090328,0.01924,0.049861,-1.69002,0.212537,-0.64782,2.02938,-0.778178,-0.31411,-1.758922,-0.381204,0.618061,2.009903,-0.688467,0.314125
-0.098039985,-1.475274,0.65536696,-0.11091602,-0.12229705,0.721288,-0.6726691,0.009611012,-0.2906771,-1.6966279,-1.3358579,0.98346066,-0.035758004,0.2628457,0.08540058,0.923866,-1.6856958,1.44168,0.89499617,0.04765567,0.21098329,0.17151588,-0.924656,-0.087910146,0.01905901,0.049087048,-1.6878592,0.21369395,-0.6456801,2.0259032,-0.77781004,-0.31411,-1.7572991,-0.38192397,0.6163131,2.0068831,-0.688295,0.314125
-0.09819501,-1.475615,0.6565539,-0.11080498,-0.12174399,0.72114897,-0.67293704,0.009689,-0.289881,-1.69629,-1.338282,0.99471,-0.03571,0.259571,0.101067,0.922513,-1.687979,1.440257,0.911877,0.042876,0.208289,0.161084,-0.92463,-0.086195,0.018895,0.048679,-1.68429,0.214808,-0.642972,2.02165,-0.777278,-0.314109,-1.754467,-0.383418,0.614317,2.002959,-0.688123,0.314125
-0.098318994,-1.475958,0.65778786,-0.110592015,-0.12101803,0.72120196,-0.673046,0.010567946,-0.28862908,-1.6952481,-1.3399888,1.0169035,-0.035699,0.25525528,0.11677004,0.9141175,-1.6898409,1.439018,0.9197055,0.040936116,0.20287232,0.15231054,-0.924605,-0.084199116,0.018432029,0.04898598,-1.6805773,0.21588793,-0.6403331,2.0172265,-0.77668107,-0.314109,-1.7512221,-0.38532087,0.6120591,1.9988143,-0.68798006,0.314125
-0.098408,-1.476367,0.659401,-0.110407,-0.120532,0.721256,-0.67310697,0.011353,-0.288223,-1.694011,-1.341093,1.034411,-0.035734,0.243869,0.123699,0.904756,-1.690972,1.437408,0.9265,0.039778,0.201847,0.142593,-0.924544,-0.08197,0.018327,0.04932,-1.676372,0.216826,-0.636964,2.011482,-0.775575,-0.314108,-1.747494,-0.38692,0.60907,1.993285,-0.687148,0.314125
-0.098422006,-1.4766269,0.6609929,-0.110261,-0.119959,0.72138506,-0.67309403,0.012719,-0.287297,-1.693799,-1.342635,1.042623,-0.03574,0.243438,0.133449,0.884795,-1.693026,1.435123,0.938964,0.03963,0.209099,0.135186,-0.924513,-0.080244,0.018013,0.049235,-1.671959,0.218449,-0.633705,2.005985,-0.774553,-0.314108,-1.743258,-0.387858,0.606079,1.987783,-0.686163,0.314124
-0.098500006,-1.476859,0.66255295,-0.11004599,-0.119413,0.72148407,-0.673121,0.013092,-0.286263,-1.692945,-1.344344,1.056791,-0.035765,0.249136,0.145056,0.8629,-1.694494,1.433143,0.945859,0.040311,0.216325,0.130661,-0.92449,-0.079013,0.017876,0.048897,-1.667134,0.22073,-0.630667,2.000544,-0.77385,-0.314107,-1.73849,-0.388847,0.603058,1.982585,-0.685511,0.314124
-0.09853699,-1.477036,0.664377,-0.10994,-0.118678994,0.721721,-0.6730129,0.014009,-0.285464,-1.690531,-1.344635,1.075316,-0.035839,0.244692,0.149388,0.84227,-1.695485,1.431839,0.955802,0.040303,0.22668,0.127451,-0.924431,-0.077798,0.017376,0.04941,-1.661314,0.222308,-0.62682,1.994343,-0.772565,-0.314107,-1.733299,-0.390757,0.599919,1.976377,-0.684473,0.314124
-0.098639995,-1.477352,0.665962,-0.109657,-0.117815,0.72191614,-0.67300195,0.0151,-0.283591,-1.687179,-1.345722,1.085626,-0.035901,0.239338,0.148218,0.826061,-1.69571,1.431157,0.964663,0.04,0.235991,0.121004,-0.924325,-0.074859,0.017288,0.050298,-1.656702,0.222739,-0.62262,1.988532,-0.771451,-0.314106,-1.73027,-0.392613,0.597789,1.970816,-0.683592,0.314124
-0.098636,-1.477618,0.667753,-0.109379,-0.117156,0.721985,-0.673088,0.015888,-0.282029,-1.68399,-1.348036,1.092067,-0.035958,0.240871,0.148342,0.813349,-1.69531,1.429483,0.968901,0.040321,0.240014,0.11731,-0.924199,-0.072362,0.016686,0.050292,-1.652585,0.223975,-0.619237,1.982309,-0.769723,-0.314105,-1.725627,-0.393799,0.593982,1.964489,-0.682308,0.314124
-0.098769,-1.47775,0.669413,-0.10910301,-0.116731,0.72189814,-0.67329997,0.015447,-0.281301,-1.680669,-1.350802,1.104285,-0.036069,0.251497,0.146199,0.801027,-1.694475,1.427407,0.970409,0.041335,0.243468,0.115562,-0.923996,-0.072057,0.017205,0.049929,-1.646223,0.225801,-0.615669,1.976547,-0.768784,-0.314105,-1.720266,-0.395782,0.591479,1.959065,-0.681516,0.314124
-0.098866,-1.477894,0.671242,-0.108766,-0.116157,0.72141093,-0.673976,0.013658,-0.27884,-1.676095,-1.355458,1.113135,-0.036216,0.261565,0.139622,0.784507,-1.692628,1.42398,0.977846,0.041832,0.248587,0.116156,-0.923559,-0.070526,0.018098,0.04873,-1.63967,0.226335,-0.610949,1.970166,-0.76739,-0.314104,-1.716221,-0.398215,0.589322,1.952732,-0.679968,0.314124
-0.099054,-1.478103,0.672839,-0.10825899,-0.115673006,0.72106504,-0.674511,0.01231,-0.274883,-1.671256,-1.359375,1.117934,-0.036443,0.268142,0.131105,0.768153,-1.69052,1.421659,0.982607,0.042627,0.259522,0.118228,-0.922288,-0.068902,0.018534,0.046905,-1.634666,0.228762,-0.608002,1.964277,-0.766628,-0.314103,-1.711428,-0.39947,0.585851,1.947406,-0.679102,0.314123
-0.09927698,-1.478268,0.67472786,-0.10825899,-0.115673006,0.72106504,-0.674511,0.011376057,-0.27173117,-1.6649694,-1.3622379,1.1254305,-0.03695297,0.27464563,0.11908373,0.751863,-1.6878092,1.4187262,0.9942053,0.043502945,0.26887044,0.12295972,-0.91316354,-0.06748408,0.019425943,0.04540209,-1.6283814,0.23100987,-0.60402423,1.9573035,-0.76542604,-0.314103,-1.7061512,-0.40113688,0.58220524,1.9411714,-0.67783105,0.314124
-0.09933198,-1.478425,0.6765349,-0.10774599,-0.115233,0.720726,-0.67503095,0.011728979,-0.26675433,-1.6565325,-1.3648418,1.1368682,-0.03808993,0.28668126,0.103171974,0.73586494,-1.6856301,1.4154872,1.0055543,0.046430822,0.28060427,0.12776172,-0.8821849,-0.065607116,0.019702984,0.044395063,-1.6220264,0.23332185,-0.6000183,1.9509714,-0.7644681,-0.314103,-1.7007823,-0.40321088,0.5790782,1.9349093,-0.67669207,0.314123
-0.09944099,-1.478614,0.6782529,-0.10712198,-0.1144,0.720651,-0.6753519,0.011367022,-0.26263922,-1.6457586,-1.3662388,1.151429,-0.042936705,0.3012501,0.086712,0.72744054,-1.6843212,1.4112152,1.0180913,0.051770676,0.29273924,0.13013385,-0.8604213,-0.063878104,0.019938987,0.043621045,-1.6155614,0.23449993,-0.59575623,1.9448373,-0.76355803,-0.314102,-1.6958884,-0.40539888,0.57681113,1.9288833,-0.67567706,0.314123
-0.099428,-1.478753,0.6803149,-0.10672199,-0.113543995,0.7204131,-0.675814,0.0114309965,-0.2591302,-1.6334758,-1.3648261,1.1495451,-0.055945203,0.31360024,0.069305055,0.7172037,-1.6806322,1.4052294,1.0313371,0.062344357,0.3013575,0.13230586,-0.8306768,-0.06394299,0.019998996,0.042909045,-1.6074075,0.23654789,-0.59199125,1.9380285,-0.7625471,-0.314102,-1.6877345,-0.40818283,0.5730692,1.9219165,-0.67471904,0.314123
-0.09945901,-1.478898,0.682277,-0.106052995,-0.11206501,0.7205061,-0.676066,0.01228,-0.25561,-1.615883,-1.354984,1.148346,-0.088486,0.330421,0.057521,0.700945,-1.676487,1.401436,1.045595,0.074492,0.321344,0.136713,-0.810213,-0.063491,0.019206,0.043472,-1.599532,0.237978,-0.588631,1.931378,-0.761499,-0.314102,-1.680119,-0.410975,0.569253,1.915168,-0.673887,0.314123
-0.099576,-1.479153,0.68440795,-0.105707005,-0.111695,0.720177,-0.67653203,0.012019,-0.252309,-1.5945,-1.338208,1.175142,-0.144363,0.342297,0.054288,0.685354,-1.672455,1.393549,1.065759,0.093669,0.350569,0.146593,-0.793282,-0.0635,0.019626,0.041904,-1.59163,0.240688,-0.584805,1.924083,-0.760373,-0.314101,-1.672201,-0.412808,0.565073,1.908178,-0.672761,0.314123
-0.099699,-1.479291,0.686678,-0.105276994,-0.11139601,0.72025806,-0.676562,0.011491,-0.250781,-1.56921,-1.311132,1.219322,-0.216691,0.343153,0.038585,0.679833,-1.66314,1.381533,1.087885,0.125733,0.365151,0.149125,-0.779254,-0.06517,0.020662,0.041337,-1.581011,0.244182,-0.580381,1.916334,-0.759583,-0.314101,-1.662606,-0.415427,0.561185,1.900945,-0.671875,0.314123
-0.099838,-1.479542,0.689475,-0.105236,-0.111488,0.720587,-0.67620194,0.010656,-0.250949,-1.541736,-1.275204,1.268017,-0.308755,0.326077,0.034984,0.681866,-1.654818,1.369866,1.113135,0.161103,0.374586,0.149584,-0.764974,-0.067697,0.022685,0.040173,-1.568749,0.249581,-0.573812,1.906736,-0.758483,-0.314101,-1.652792,-0.416541,0.557468,1.892245,-0.670128,0.314123
-0.09989499,-1.480004,0.691886,-0.105099,-0.112112,0.72164905,-0.67498696,0.010892,-0.249973,-1.514722,-1.232501,1.317074,-0.414534,0.309641,0.045191,0.693725,-1.647304,1.356818,1.143423,0.202112,0.384646,0.147765,-0.749117,-0.070096,0.025133,0.043363,-1.557997,0.252003,-0.5682,1.898313,-0.757263,-0.3141,-1.64459,-0.419513,0.554507,1.884869,-0.669538,0.314123
-0.099787,-1.480597,0.69501007,-0.10492099,-0.111777,0.72238696,-0.67428,0.011433,-0.249427,-1.485341,-1.187077,1.357876,-0.527957,0.296908,0.052104,0.698405,-1.637313,1.34242,1.175054,0.245491,0.395568,0.149094,-0.730977,-0.070553,0.026018,0.043997,-1.545859,0.256368,-0.561169,1.887731,-0.756239,-0.314099,-1.633842,-0.421481,0.549659,1.874291,-0.667696,0.314123
-0.099791,-1.481044,0.697589,-0.104431,-0.111590005,0.72284806,-0.673894,0.009842,-0.246913,-1.458331,-1.144792,1.394328,-0.639598,0.287938,0.057889,0.697591,-1.627709,1.327127,1.191647,0.287989,0.390805,0.147438,-0.714319,-0.071559,0.02772,0.044212,-1.53416,0.26014,-0.555108,1.878791,-0.755814,-0.314099,-1.62402,-0.423814,0.546091,1.865863,-0.666934,0.314123
-0.099723,-1.481654,0.70082,-0.104135,-0.111375995,0.72307503,-0.67373204,0.00717,-0.2448,-1.433176,-1.107962,1.432411,-0.74305,0.287994,0.063941,0.698382,-1.61816,1.311711,1.211813,0.331133,0.392891,0.14897,-0.705018,-0.07302,0.02858,0.045188,-1.520721,0.262783,-0.548589,1.867797,-0.754509,-0.314098,-1.61145,-0.428345,0.540631,1.854961,-0.665969,0.314123
-0.09966799,-1.482168,0.704133,-0.103739,-0.11147301,0.72341913,-0.67340696,0.007148,-0.243944,-1.410714,-1.077586,1.469005,-0.830977,0.290539,0.067866,0.696116,-1.609559,1.29747,1.23436,0.373579,0.407185,0.149381,-0.696906,-0.075525,0.029522,0.044623,-1.507047,0.26784,-0.542995,1.85653,-0.753253,-0.314097,-1.597319,-0.430774,0.533585,1.844226,-0.664765,0.314122
-0.09957801,-1.482576,0.707301,-0.103358,-0.111629,0.7236809,-0.67315805,0.006824,-0.241864,-1.388111,-1.053914,1.495469,-0.905697,0.285765,0.070626,0.695139,-1.602757,1.284002,1.255307,0.415947,0.413961,0.149199,-0.686093,-0.077926,0.031285,0.045211,-1.493289,0.270647,-0.53636,1.845675,-0.7515,-0.314096,-1.584863,-0.434086,0.528489,1.833696,-0.663225,0.314122
-0.099307,-1.48303,0.71058,-0.103035,-0.11172399,0.724098,-0.6727431,0.007888,-0.239362,-1.366073,-1.034464,1.519399,-0.973253,0.279963,0.072193,0.695075,-1.597405,1.272321,1.274129,0.453413,0.413373,0.1461,-0.674411,-0.080314,0.033054,0.045711,-1.478943,0.273801,-0.528985,1.834654,-0.74984,-0.314095,-1.572563,-0.437598,0.523507,1.822448,-0.660961,0.314122
-0.099061,-1.483442,0.713753,-0.10247701,-0.112107,0.724514,-0.672317,0.010921,-0.237001,-1.347164,-1.017565,1.543591,-1.035814,0.281321,0.072978,0.692048,-1.593352,1.260591,1.295513,0.497652,0.41789,0.155379,-0.665898,-0.083604,0.035185,0.045844,-1.46441,0.278058,-0.522428,1.823881,-0.748349,-0.314093,-1.558711,-0.440334,0.51801,1.81175,-0.659057,0.314122
-0.09855904,-1.483859,0.71733576,-0.10247701,-0.112107,0.724514,-0.672317,0.012510903,-0.23581207,-1.329519,-1.0047889,1.5657035,-1.0942224,0.28525877,0.07571083,0.69075114,-1.5894692,1.2511525,1.311002,0.5376955,0.417902,0.15585297,-0.6515299,-0.086837806,0.036871895,0.045718007,-1.449054,0.28157178,-0.51441145,1.8120338,-0.7462391,-0.314091,-1.5448698,-0.44328183,0.5123903,1.7989068,-0.65564126,0.314122
-0.098254025,-1.484312,0.7205928,-0.102215014,-0.11291797,0.725156,-0.67152804,0.013285953,-0.23504205,-1.314749,-0.99443364,1.5845249,-1.1479026,0.29109764,0.07958876,0.6919989,-1.5876551,1.2421536,1.3280929,0.5789805,0.42027885,0.155837,-0.6440624,-0.09032179,0.03933385,0.04534602,-1.4342619,0.2849978,-0.50625056,1.8009067,-0.7442951,-0.31409,-1.5323657,-0.44574785,0.5080823,1.7874137,-0.6527312,0.314122
-0.09784402,-1.484703,0.72416985,-0.102067,-0.11356697,0.7253209,-0.67126304,0.014135948,-0.23530799,-1.299662,-0.9877784,1.5964622,-1.1955491,0.2923259,0.08315679,0.6944009,-1.5863671,1.2336115,1.3448789,0.62067544,0.4231418,0.15544802,-0.63673246,-0.094197765,0.041147888,0.046267945,-1.4191508,0.28692088,-0.49900046,1.7886087,-0.7413692,-0.314087,-1.517918,-0.45024672,0.50155634,1.7746137,-0.6495082,0.314122
-0.09736503,-1.485129,0.72739184,-0.102067,-0.11356702,0.7253209,-0.67126304,0.015073942,-0.23483503,-1.2842509,-0.98358625,1.6054964,-1.2381483,0.2961408,0.08377496,0.69190115,-1.585203,1.2261134,1.3621581,0.6625615,0.42086616,0.15638894,-0.6243958,-0.096598856,0.042808898,0.04742093,-1.4053948,0.28816694,-0.49218643,1.7776008,-0.73882914,-0.314085,-1.5046759,-0.45401877,0.49594334,1.7625468,-0.6463542,0.314122
-0.09671601,-1.485488,0.730815,-0.10183701,-0.113841996,0.72578806,-0.67074704,0.015511,-0.234808,-1.269876,-0.9819,1.614297,-1.278892,0.300618,0.082974,0.687428,-1.587081,1.22049,1.378104,0.702146,0.41789,0.154858,-0.614548,-0.098806,0.043676,0.047061,-1.391566,0.289537,-0.483936,1.766224,-0.735897,-0.314081,-1.492383,-0.456764,0.490823,1.749109,-0.64172,0.314122
-0.09605005,-1.485885,0.73424274,-0.10183701,-0.113841996,0.72578806,-0.67074704,0.017394885,-0.234885,-1.2571198,-0.98070407,1.6255254,-1.3195715,0.3103284,0.08503287,0.6884139,-1.588787,1.2165142,1.3933262,0.7402947,0.41356125,0.15344808,-0.60521054,-0.10126185,0.045137912,0.04787895,-1.3768709,0.29170087,-0.4759175,1.7546707,-0.7331492,-0.314076,-1.4784878,-0.46045578,0.48501137,1.7358788,-0.63775426,0.314122
-0.09525399,-1.486254,0.737823,-0.101212,-0.113998,0.7265871,-0.669949,0.018504,-0.234179,-1.245627,-0.982646,1.636718,-1.35532,0.319992,0.085932,0.688604,-1.593075,1.212793,1.410438,0.779475,0.413234,0.153169,-0.595425,-0.103295,0.045549,0.049335,-1.363299,0.292825,-0.468791,1.74261,-0.729614,-0.314071,-1.464115,-0.464943,0.477409,1.721731,-0.633233,0.314122
-0.09452604,-1.4864872,0.74130183,-0.101212,-0.113998,0.7265871,-0.669949,0.018397005,-0.23231411,-1.2336297,-0.9878426,1.6459424,-1.3835723,0.32398874,0.09200363,0.6936977,-1.5981468,1.2095082,1.427311,0.81829464,0.4151469,0.15256903,-0.58688354,-0.10425694,0.04699591,0.049968958,-1.3494139,0.29364097,-0.46066752,1.7305458,-0.7259842,-0.314065,-1.4511628,-0.46896377,0.47139138,1.707817,-0.6284822,0.314122
-0.09369599,-1.486681,0.74476004,-0.099768,-0.113571994,0.72666,-0.6701589,0.018164,-0.229374,-1.221163,-0.996443,1.65304,-1.406973,0.323876,0.095525,0.694688,-1.603811,1.207446,1.442421,0.853371,0.414545,0.15192,-0.579264,-0.105766,0.048561,0.050264,-1.33455,0.29378,-0.452538,1.718749,-0.722649,-0.314058,-1.436706,-0.473886,0.465491,1.69364,-0.623917,0.314122
-0.09276699,-1.486836,0.748541,-0.099017,-0.113606006,0.726916,-0.66998696,0.019055,-0.227765,-1.209235,-1.004077,1.660759,-1.430789,0.327958,0.096402,0.688068,-1.609452,1.209035,1.454863,0.88508,0.409312,0.151796,-0.570068,-0.107308,0.051223,0.051681,-1.318662,0.293482,-0.442718,1.70549,-0.718489,-0.314049,-1.422806,-0.478664,0.460076,1.678062,-0.618218,0.314123
-0.091755,-1.48681,0.752305,-0.098079,-0.11318501,0.726655,-0.67047894,0.018845,-0.224415,-1.199341,-1.016978,1.669785,-1.449735,0.333489,0.098933,0.685089,-1.614291,1.209069,1.46755,0.918151,0.40327,0.151343,-0.560716,-0.108042,0.053164,0.05269,-1.303239,0.291502,-0.433578,1.692318,-0.713891,-0.314036,-1.408524,-0.484662,0.454069,1.661994,-0.612137,0.314123
-0.090502,-1.486908,0.756413,-0.09713901,-0.113082,0.72665095,-0.6706371,0.018584,-0.221964,-1.190342,-1.028051,1.679478,-1.469368,0.334182,0.100648,0.67943,-1.620804,1.21053,1.482195,0.952195,0.401412,0.151027,-0.552123,-0.109492,0.055608,0.054245,-1.286358,0.289958,-0.423473,1.678045,-0.70914,-0.314018,-1.39259,-0.490649,0.447478,1.644309,-0.605355,0.314123
-0.08923401,-1.486793,0.760491,-0.09583198,-0.112596,0.7261651,-0.671433,0.016887,-0.218447,-1.181723,-1.043734,1.688546,-1.482461,0.33325,0.100767,0.670411,-1.625714,1.212145,1.496602,0.984104,0.398171,0.148328,-0.544692,-0.110252,0.057707,0.05485,-1.269473,0.287539,-0.414197,1.663606,-0.704133,-0.313994,-1.375762,-0.497144,0.44012,1.626303,-0.598311,0.314123
-0.087631,-1.486697,0.764719,-0.09459199,-0.11248599,0.726309,-0.671472,0.018012,-0.214667,-1.174013,-1.054699,1.696916,-1.499008,0.330391,0.104302,0.667762,-1.631925,1.219401,1.507296,1.011549,0.388415,0.144168,-0.526346,-0.110733,0.060683,0.057261,-1.252802,0.284299,-0.403874,1.64858,-0.698595,-0.313956,-1.359984,-0.502894,0.433727,1.607159,-0.590068,0.314123
-0.08600701,-1.486465,0.769095,-0.093292005,-0.112170994,0.7260901,-0.671943,0.017214,-0.21041,-1.166501,-1.069946,1.704551,-1.512493,0.329094,0.104021,0.653961,-1.638501,1.224605,1.52211,1.03785,0.386913,0.147303,-0.525448,-0.111359,0.064467,0.059095,-1.234237,0.27941,-0.392318,1.632758,-0.692763,-0.313892,-1.34386,-0.509783,0.428319,1.586756,-0.581155,0.314123
-0.08395401,-1.486484,0.77345,-0.09184499,-0.11161399,0.726414,-0.6718861,0.018768,-0.205811,-1.159012,-1.082051,1.711257,-1.527454,0.326874,0.105615,0.646704,-1.646287,1.232914,1.537037,1.063468,0.385261,0.148276,-0.527383,-0.112652,0.067336,0.060487,-1.214015,0.276737,-0.381059,1.61771,-0.688538,-0.313645,-1.324614,-0.515422,0.422088,1.56571,-0.57242,0.314124
-0.08177713,-1.486308,0.7779717,-0.09010311,-0.11064407,0.7261951,-0.672517,0.01827603,-0.19997336,-1.1497265,-1.100529,1.7151037,-1.5334716,0.31888747,0.10463006,0.6348697,-1.6521137,1.2422864,1.5465784,1.0873444,0.37634054,0.14743604,-0.5171526,-0.112734996,0.069966845,0.059674047,-1.1938233,0.27399817,-0.3692097,1.6018989,-0.6836993,-0.31318304,-1.3048502,-0.5201847,0.41551837,1.5431005,-0.5624196,0.314124
-0.079311825,-1.486072,0.7828223,-0.08855489,-0.110239916,0.726314,-0.672661,0.019567017,-0.19592865,-1.1415365,-1.1161382,1.7181151,-1.5363997,0.31083158,0.1070959,0.62411726,-1.6601124,1.2533247,1.5563015,1.1095293,0.3730797,0.14845097,-0.51185596,-0.11408402,0.072867066,0.060517967,-1.1731757,0.27054682,-0.35717824,1.5850439,-0.67803174,-0.3108837,-1.2833276,-0.5254253,0.40762946,1.5185733,-0.5512973,0.314124
-0.07649818,-1.485871,0.7876007,-0.08692809,-0.10885608,0.72642004,-0.67298394,0.019850982,-0.19012035,-1.1334295,-1.1343929,1.7211429,-1.5325612,0.3040004,0.105287105,0.6119147,-1.6668416,1.2651563,1.5634905,1.1303477,0.3681523,0.14793003,-0.5104961,-0.114529975,0.073952936,0.059994034,-1.1519014,0.26738718,-0.34502974,1.5692831,-0.67358226,-0.3059263,-1.2601374,-0.5303937,0.39911455,1.4928637,-0.5396487,0.314125
-0.07338101,-1.485557,0.792605,-0.085065,-0.10767401,0.72635204,-0.673485,0.018935,-0.183436,-1.126454,-1.153896,1.725502,-1.522014,0.294792,0.101932,0.600619,-1.673101,1.277676,1.567014,1.14787,0.362624,0.147635,-0.511923,-0.115609,0.075539,0.058405,-1.129408,0.263887,-0.332492,1.55308,-0.669054,-0.298462,-1.23493,-0.53494,0.389989,1.46521,-0.526884,0.314125
-0.069956206,-1.4850332,0.7978177,-0.08350009,-0.1059751,0.7265139,-0.67377603,0.018549023,-0.1767474,-1.1195345,-1.1716319,1.7295057,-1.506055,0.28072387,0.09998212,0.59473735,-1.6796997,1.2923621,1.5689209,1.1617621,0.3561964,0.147657,-0.5126339,-0.11662194,0.075949974,0.05904496,-1.1064953,0.25790235,-0.32003978,1.536166,-0.6637963,-0.28952855,-1.2081245,-0.54187757,0.37932065,1.4351918,-0.5127949,0.314126
-0.066200994,-1.484552,0.803375,-0.081832,-0.10451699,0.72657907,-0.67413896,0.018704,-0.170999,-1.113681,-1.190194,1.736465,-1.484476,0.257065,0.088743,0.589951,-1.689223,1.309144,1.570313,1.171697,0.359799,0.148566,-0.517928,-0.11814,0.075567,0.060353,-1.08342,0.251827,-0.30894,1.517882,-0.657998,-0.280328,-1.177375,-0.550005,0.364257,1.402494,-0.49767,0.314127
-0.06196127,-1.483996,0.8091136,-0.080392085,-0.10278811,0.726785,-0.674356,0.019086977,-0.16484438,-1.1054394,-1.2086798,1.7402488,-1.4585046,0.22888273,0.07939158,0.59046596,-1.6977766,1.3286828,1.5659822,1.1776537,0.35948303,0.1404345,-0.5276284,-0.119837895,0.07457606,0.060885966,-1.0591775,0.24575636,-0.29660776,1.499078,-0.6524463,-0.27014363,-1.144619,-0.55597264,0.34992087,1.3668581,-0.48061603,0.314127
-0.057326,-1.483502,0.815113,-0.078812994,-0.10074001,0.727406,-0.674181,0.020365,-0.159624,-1.097932,-1.229913,1.749998,-1.423651,0.210212,0.07089,0.562477,-1.70742,1.348508,1.56107,1.179912,0.358741,0.140982,-0.527749,-0.121113,0.073905,0.063355,-1.033111,0.237535,-0.283376,1.478967,-0.646512,-0.258652,-1.109477,-0.563348,0.334933,1.32798,-0.462091,0.314128
-0.051979,-1.482972,0.821807,-0.077558994,-0.099061,0.728012,-0.673922,0.021136,-0.155124,-1.087133,-1.251928,1.752985,-1.381971,0.196086,0.064744,0.553713,-1.71832,1.367312,1.554341,1.17964,0.360176,0.143138,-0.532975,-0.121653,0.073631,0.067446,-1.007363,0.226984,-0.268248,1.455568,-0.638709,-0.244793,-1.073481,-0.574315,0.315648,1.282821,-0.439218,0.314129
-0.045052,-1.482864,0.828295,-0.076164,-0.095878005,0.728891,-0.6735911,0.022338,-0.148522,-1.07387,-1.278635,1.75562,-1.332851,0.174444,0.046418,0.539428,-1.728477,1.384382,1.545311,1.179377,0.361967,0.143407,-0.538838,-0.122239,0.070987,0.069493,-0.977479,0.216325,-0.251495,1.434668,-0.634836,-0.229302,-1.02988,-0.580096,0.300771,1.232587,-0.414879,0.31413
-0.036754996,-1.482818,0.835579,-0.07543299,-0.093468,0.729566,-0.673281,0.022498,-0.144541,-1.060856,-1.310759,1.756719,-1.272107,0.15855,0.038684,0.527345,-1.738963,1.397259,1.532602,1.181355,0.365921,0.14101,-0.54463,-0.12507,0.073692,0.073824,-0.941768,0.194788,-0.229065,1.410151,-0.629737,-0.208345,-0.981611,-0.57541,0.30765,1.176761,-0.399836,0.314132
-0.027921002,-1.48306,0.842613,-0.07447001,-0.089637004,0.73043007,-0.672972,0.022804,-0.139284,-1.043746,-1.344705,1.754068,-1.20457,0.132848,0.025588,0.512546,-1.74853,1.410518,1.516932,1.179804,0.370519,0.138091,-0.550453,-0.126484,0.07094,0.077655,-0.907504,0.178053,-0.20965,1.386902,-0.626883,-0.188809,-0.934169,-0.591232,0.286481,1.117983,-0.366974,0.314132
-0.018968005,-1.483247,0.84975797,-0.07402899,-0.086061,0.731199,-0.67265207,0.023461,-0.13453,-1.026198,-1.378147,1.749433,-1.132163,0.11552,0.021314,0.510219,-1.7603,1.422481,1.498912,1.176316,0.373816,0.137772,-0.554507,-0.127377,0.068023,0.079598,-0.875041,0.162515,-0.18869,1.362221,-0.623368,-0.168796,-0.890708,-0.608492,0.262205,1.05803,-0.322215,0.314133
-0.009778004,-1.483417,0.857084,-0.073929,-0.082092,0.7323359,-0.671922,0.023582,-0.129383,-1.008377,-1.407979,1.73991,-1.057151,0.095402,0.007368,0.494173,-1.772622,1.435788,1.479019,1.169386,0.375799,0.135732,-0.561909,-0.127796,0.063608,0.083205,-0.843012,0.146437,-0.168803,1.335566,-0.618577,-0.149012,-0.846854,-0.624119,0.239391,0.997804,-0.266767,0.314134
-0.00030299788,-1.483575,0.864515,-0.074684,-0.077673994,0.73365,-0.67093,0.024638,-0.126369,-0.988444,-1.435813,1.722769,-0.978561,0.071974,-0.006585,0.478043,-1.78677,1.449452,1.45848,1.159908,0.380166,0.133914,-0.567729,-0.12871,0.058882,0.086147,-0.809513,0.129246,-0.146368,1.306888,-0.612746,-0.128476,-0.807218,-0.639533,0.223,0.936876,-0.196596,0.314133
0.009177003,-1.483581,0.87181,-0.075812,-0.073616005,0.73549,-0.669244,0.026598,-0.124148,-0.969685,-1.460648,1.699962,-0.896675,0.048188,-0.019702,0.456045,-1.800686,1.463804,1.433467,1.147413,0.381045,0.132052,-0.572999,-0.128369,0.055413,0.087861,-0.778033,0.11202,-0.122173,1.276082,-0.604918,-0.108193,-0.776626,-0.651033,0.218688,0.876096,-0.11438,0.314131
0.018549424,-1.4836719,0.8789626,-0.07721991,-0.06956125,0.7377238,-0.6670552,0.030090788,-0.123012066,-0.9512121,-1.4805288,1.6732725,-0.81526595,0.026458327,-0.035207056,0.43899703,-1.8150492,1.479439,1.4041578,1.1314349,0.38046503,0.13054009,-0.57502687,-0.12925296,0.05229319,0.08824798,-0.7446111,0.09581799,-0.09646257,1.2436779,-0.5967215,-0.08825521,-0.7518585,-0.6591985,0.22440366,0.82089436,-0.023545545,0.314126
0.027997423,-1.483796,0.8857355,-0.078631915,-0.06559224,0.7403818,-0.6643421,0.03427075,-0.12121511,-0.93558395,-1.496572,1.6458187,-0.7368118,0.015523667,-0.04919015,0.42493185,-1.83044,1.4951609,1.3727169,1.1125401,0.38125095,0.12701823,-0.57946676,-0.13053691,0.051070075,0.08735405,-0.70996106,0.07714914,-0.06977463,1.2104651,-0.58872646,-0.06757526,-0.734958,-0.6629128,0.2490215,0.77151006,0.07205017,0.314099
0.037074454,-1.484144,0.8922246,-0.07910897,-0.062336203,0.7428939,-0.66178817,0.039397687,-0.11904013,-0.9226218,-1.5077273,1.6194757,-0.66471833,0.0092713805,-0.061279263,0.4038663,-1.8446251,1.5071772,1.339768,1.0951741,0.38551572,0.1221923,-0.5861276,-0.13194792,0.05287589,0.08333325,-0.6736002,0.06265089,-0.038545903,1.1749672,-0.57989854,-0.049231116,-0.72696656,-0.662888,0.2748894,0.73406225,0.15955265,0.3105892
0.046059445,-1.484537,0.89880866,-0.07996294,-0.058999196,0.74516183,-0.65943915,0.04396072,-0.11673814,-0.91029376,-1.5140597,1.586012,-0.5980941,-0.0013373524,-0.06414083,0.387877,-1.8578441,1.5140057,1.3070561,1.0815388,0.385617,0.11634736,-0.5923726,-0.13339591,0.055729825,0.07562048,-0.6356743,0.04654698,-0.0043980842,1.1350265,-0.5689666,-0.030909117,-0.7329556,-0.6660428,0.27585995,0.71108145,0.22508101,0.2271491
0.054154508,-1.484948,0.9052256,-0.08016498,-0.05648015,0.74780375,-0.65663815,0.050075628,-0.11533208,-0.8995917,-1.5163139,1.552893,-0.532706,-0.0143042095,-0.06689783,0.3696151,-1.8700213,1.5172358,1.273529,1.0722406,0.385629,0.1065396,-0.5976187,-0.13409996,0.05767488,0.06714951,-0.6008381,0.03612964,0.027976023,1.0942785,-0.5565398,-0.01535095,-0.7447223,-0.6522138,0.28670934,0.71219796,0.23937213,0.15260154
0.061207995,-1.485284,0.91142297,-0.080267,-0.054585002,0.749803,-0.65450203,0.053578,-0.114463,-0.892883,-1.515655,1.523273,-0.473521,-0.017069,-0.0728,0.360815,-1.883103,1.517642,1.236289,1.065061,0.385991,0.083696,-0.58908,-0.134602,0.057096,0.05693,-0.570122,0.030759,0.056593,1.054271,-0.54304,-0.002642,-0.748307,-0.622423,0.30911,0.726626,0.191397,0.151384
0.067049995,-1.485411,0.917165,-0.08043,-0.053016007,0.75192195,-0.652176,0.057797,-0.114413,-0.889086,-1.514433,1.49523,-0.414696,-0.016466,-0.081974,0.353956,-1.897347,1.517923,1.206226,1.048276,0.38562,0.069539,-0.579508,-0.134406,0.05581,0.048679,-0.543537,0.026949,0.081329,1.015627,-0.528527,0.008277,-0.748808,-0.586114,0.325388,0.749209,0.118742,0.174386
0.07203901,-1.485553,0.92275804,-0.080247,-0.051403996,0.754074,-0.649839,0.0609,-0.11436,-0.885313,-1.512508,1.46548,-0.354695,-0.023355,-0.089918,0.347333,-1.911289,1.518026,1.180504,1.031513,0.385781,0.073552,-0.60419,-0.133382,0.052779,0.045096,-0.518969,0.023463,0.09915,0.976886,-0.512717,0.017036,-0.743308,-0.549014,0.32433,0.7774,0.040481,0.206692
0.076032,-1.485725,0.927981,-0.080333,-0.050582,0.75619495,-0.647424,0.065506,-0.116762,-0.883221,-1.507063,1.432933,-0.297166,-0.036439,-0.095014,0.346152,-1.927797,1.518107,1.15716,1.013123,0.384832,0.065202,-0.614327,-0.13378,0.049566,0.043659,-0.496914,0.019807,0.111156,0.940003,-0.496725,0.024011,-0.733743,-0.512059,0.309511,0.806634,-0.027761,0.239148
0.079529,-1.485956,0.933033,-0.080085,-0.049485,0.757984,-0.64544404,0.067981,-0.11769,-0.880611,-1.496469,1.400591,-0.252586,-0.047921,-0.100017,0.347034,-1.942762,1.518142,1.134405,0.993158,0.38408,0.055791,-0.621872,-0.135228,0.04532,0.044567,-0.472724,0.019037,0.122575,0.903199,-0.480763,0.029591,-0.719231,-0.476302,0.286332,0.837852,-0.07136,0.273838
0.082321,-1.486338,0.937615,-0.07930802,-0.048233,0.759833,-0.64345694,0.071238,-0.117285,-0.876471,-1.479029,1.369404,-0.223338,-0.055231,-0.10439,0.346222,-1.954434,1.518167,1.109084,0.972745,0.379401,0.046908,-0.627635,-0.135171,0.041644,0.046468,-0.449697,0.018967,0.133255,0.867779,-0.46538,0.033919,-0.704679,-0.439816,0.262981,0.869707,-0.108461,0.295546
0.084496,-1.48672,0.9417449,-0.078075,-0.046805996,0.7614741,-0.641772,0.074127,-0.115604,-0.87241,-1.457463,1.343092,-0.202901,-0.059231,-0.105514,0.346284,-1.965237,1.518177,1.086663,0.949007,0.377253,0.039548,-0.630504,-0.135185,0.038356,0.048199,-0.426303,0.019738,0.143575,0.833888,-0.450784,0.036464,-0.686795,-0.405233,0.233927,0.897397,-0.143271,0.309094
0.08609301,-1.48729,0.94547594,-0.076702,-0.045047004,0.762703,-0.64060295,0.075573,-0.113352,-0.868263,-1.435199,1.321045,-0.183727,-0.068955,-0.104816,0.344804,-1.974461,1.518179,1.066248,0.923243,0.379332,0.033492,-0.634575,-0.133085,0.035521,0.048005,-0.404285,0.020366,0.155116,0.800315,-0.436454,0.037614,-0.67151,-0.372166,0.203401,0.92221,-0.175266,0.313736
0.08727598,-1.487908,0.948773,-0.075168006,-0.043255,0.7638139,-0.63958406,0.076374,-0.109963,-0.863207,-1.411895,1.293688,-0.167903,-0.083245,-0.103027,0.346652,-1.981922,1.518179,1.045777,0.895876,0.379059,0.025745,-0.636473,-0.130993,0.033733,0.047046,-0.382117,0.020574,0.167512,0.767924,-0.422974,0.037995,-0.654913,-0.33929,0.17852,0.941199,-0.203548,0.313959
0.087997,-1.488688,0.95181906,-0.07344599,-0.041411,0.764468,-0.639123,0.076914,-0.107868,-0.857101,-1.386291,1.262342,-0.161282,-0.093429,-0.100562,0.34733,-1.987315,1.51817,1.025032,0.867678,0.374919,0.024811,-0.636595,-0.129956,0.031691,0.046224,-0.358746,0.021225,0.178297,0.736473,-0.410194,0.037686,-0.632202,-0.30672,0.157836,0.950362,-0.228516,0.313994
0.08850697,-1.4895799,0.9543228,-0.0717201,-0.039118137,0.76478404,-0.639086,0.076052055,-0.106034115,-0.8520523,-1.3599607,1.2404354,-0.15929213,-0.09479691,-0.09739719,0.34902388,-1.9913558,1.518146,1.0065312,0.8370779,0.37673888,0.028351784,-0.6382749,-0.12762314,0.03037608,0.044446107,-0.33670735,0.019655097,0.18901634,0.7067488,-0.39852673,0.037677,-0.6100503,-0.2770048,0.14232594,0.9528278,-0.2479538,0.314034
0.088799976,-1.490553,0.9565908,-0.070106104,-0.037231117,0.76474303,-0.6394271,0.07540204,-0.105175056,-0.8495422,-1.3357824,1.2230331,-0.15334235,-0.09698387,-0.096601054,0.3507389,-1.9963417,1.518128,0.9875592,0.80442995,0.38238266,0.017989634,-0.63745105,-0.12538813,0.029678043,0.042639107,-0.31623524,0.017395139,0.19827843,0.6780228,-0.3870017,0.037535008,-0.58857733,-0.2493107,0.13241261,0.94980717,-0.2625271,0.314039
0.08911497,-1.4915869,0.95842993,-0.06875109,-0.034871146,0.76514196,-0.63923,0.07475705,-0.10499702,-0.8467572,-1.3129414,1.1951526,-0.14352259,-0.11041118,-0.09756194,0.3527819,-1.9981859,1.518091,0.96481335,0.7750438,0.3809441,0.01714505,-0.63699406,-0.123269126,0.02903704,0.041976042,-0.29597124,0.013574233,0.20784342,0.6513406,-0.37696964,0.038885918,-0.5654584,-0.22687237,0.123391554,0.93890774,-0.27290738,0.314034
0.089517,-1.492768,0.9601921,-0.067232,-0.032918,0.765044,-0.639613,0.074472,-0.103874,-0.845432,-1.29139,1.167427,-0.135322,-0.119439,-0.096647,0.353287,-1.99984,1.518038,0.944067,0.740748,0.387247,0.009692,-0.641877,-0.121213,0.027429,0.041501,-0.277564,0.01117,0.214368,0.626494,-0.367457,0.03922,-0.5404,-0.204766,0.113844,0.921676,-0.27916,0.314042
0.08969798,-1.4939079,0.9617678,-0.065747105,-0.030777134,0.765068,-0.639845,0.0728331,-0.10454796,-0.8449681,-1.2696183,1.1477922,-0.12878539,-0.11714313,-0.09274924,0.35989362,-1.999657,1.517962,0.92133945,0.7070271,0.39147872,0.006287208,-0.64526576,-0.11854916,0.024493178,0.042425945,-0.26139998,0.0101750605,0.21827076,0.60414636,-0.35869354,0.038958017,-0.5158975,-0.1835223,0.10753239,0.90301913,-0.2904793,0.314041
0.089953,-1.494937,0.963268,-0.06427,-0.028919002,0.764953,-0.640219,0.072088,-0.105971,-0.847694,-1.248925,1.124344,-0.11859,-0.121688,-0.090275,0.364206,-2.000484,1.517769,0.899407,0.669212,0.395631,0.009621,-0.646963,-0.115006,0.023203,0.044054,-0.246341,0.00666,0.221411,0.580069,-0.348468,0.039584,-0.494751,-0.166299,0.106625,0.884671,-0.305593,0.314022
0.090333976,-1.4959729,0.96430594,-0.062717095,-0.027045118,0.7646611,-0.64080304,0.0703831,-0.10508005,-0.8522547,-1.2299181,1.0983787,-0.10518881,-0.13534817,-0.08863611,0.36421,-2.000721,1.517292,0.8747905,0.62877244,0.4001977,0.013448767,-0.6518087,-0.11084525,0.02106513,0.044961944,-0.23537867,0.004576127,0.22258593,0.56269306,-0.3415664,0.040021975,-0.47733304,-0.15207987,0.10317921,0.8703019,-0.31807226,0.313992
0.091206,-1.497138,0.965246,-0.061470006,-0.025045002,0.764113,-0.641658,0.070084,-0.103892,-0.859075,-1.213237,1.07577,-0.091437,-0.142167,-0.085519,0.365927,-2.003518,1.515559,0.855243,0.583738,0.404996,0.021791,-0.660785,-0.109841,0.019894,0.047273,-0.220199,-0.001245,0.223152,0.543667,-0.334542,0.043184,-0.452727,-0.150239,0.090493,0.84813,-0.327535,0.295679
0.09220193,-1.498316,0.966062,-0.060249075,-0.023085121,0.763415,-0.642678,0.06885508,-0.10341003,-0.8669775,-1.19697,1.0582981,-0.08029268,-0.14365591,-0.07981035,0.36973777,-2.005592,1.5100994,0.83708614,0.5429825,0.40917274,0.029128553,-0.6684845,-0.10860208,0.018498085,0.04914089,-0.20593786,-0.0068796556,0.22371897,0.52573514,-0.3281124,0.045967832,-0.42797753,-0.15651262,0.05869294,0.82053167,-0.33205074,0.2596792
0.093041,-1.499456,0.966969,-0.059217997,-0.021415,0.76243,-0.64399993,0.06803,-0.103764,-0.87576,-1.179968,1.040452,-0.07207,-0.148608,-0.074593,0.371019,-2.005815,1.497163,0.824439,0.512449,0.409342,0.032435,-0.679968,-0.107178,0.014952,0.050872,-0.194586,-0.008918,0.222197,0.510589,-0.322455,0.047812,-0.404837,-0.159541,0.029411,0.79239,-0.33005,0.218987
0.093707,-1.500686,0.96773696,-0.058282,-0.019549001,0.761386,-0.645378,0.065983,-0.104611,-0.885084,-1.162753,1.021562,-0.063071,-0.154027,-0.071697,0.371376,-2.004648,1.480127,0.81216,0.487091,0.406721,0.030472,-0.690174,-0.104538,0.00997,0.05193,-0.186287,-0.008897,0.219969,0.499011,-0.318425,0.048879,-0.383987,-0.157412,0.007009,0.76558,-0.324432,0.168499
0.09407601,-1.501921,0.9682989,-0.056974005,-0.017609999,0.7602131,-0.646931,0.063073,-0.102958,-0.895156,-1.144456,1.003861,-0.055296,-0.157362,-0.069452,0.367514,-2.002342,1.464028,0.796868,0.45866,0.403027,0.028704,-0.710129,-0.10219,0.005734,0.05309,-0.177411,-0.00846,0.217421,0.489179,-0.31555,0.049367,-0.361129,-0.159207,-0.023584,0.739693,-0.325493,0.147202
0.094068,-1.502958,0.9686891,-0.055597,-0.015982,0.75894606,-0.648579,0.060624,-0.100172,-0.90569,-1.123792,0.99259,-0.051922,-0.159599,-0.061815,0.365642,-2.002036,1.447528,0.780936,0.426741,0.399235,0.033236,-0.718116,-0.100908,0.002169,0.054312,-0.169397,-0.006847,0.214132,0.482492,-0.313973,0.049051,-0.340907,-0.159445,-0.04652,0.719194,-0.325458,0.130301
0.093818,-1.504066,0.96913093,-0.054116,-0.014242,0.757803,-0.65008,0.059329,-0.097521,-0.915564,-1.101607,0.981232,-0.04851,-0.165167,-0.056394,0.361369,-1.998598,1.429298,0.767426,0.401086,0.393012,0.032246,-0.723165,-0.098534,-0.000474,0.054037,-0.159868,-0.006043,0.213862,0.472028,-0.310761,0.048381,-0.321817,-0.16023,-0.067439,0.698353,-0.325789,0.119725
0.093278006,-1.50511,0.96958,-0.05263,-0.012642999,0.756769,-0.651438,0.059005,-0.095829,-0.924892,-1.078627,0.963401,-0.046605,-0.171358,-0.050026,0.362966,-1.994217,1.411855,0.75569,0.376102,0.385889,0.032671,-0.72986,-0.095019,-0.003299,0.053562,-0.152277,-0.003973,0.213637,0.462102,-0.307376,0.046474,-0.305063,-0.158896,-0.08271,0.67803,-0.326156,0.115688
0.092421,-1.506201,0.96984494,-0.050736,-0.011110001,0.755569,-0.653006,0.057047,-0.093249,-0.934894,-1.053945,0.949351,-0.046481,-0.173612,-0.044903,0.364465,-1.987438,1.391228,0.744079,0.355443,0.379978,0.030563,-0.733578,-0.089944,-0.004705,0.051555,-0.146086,-0.002159,0.214226,0.453064,-0.30439,0.044117,-0.288824,-0.157348,-0.094621,0.655674,-0.327706,0.110707
0.09152906,-1.5069999,0.9701161,-0.049211092,-0.010036066,0.75431716,-0.6545869,0.055062123,-0.0916411,-0.9466303,-1.0287155,0.9406055,-0.04662099,-0.1769988,-0.038794372,0.36508694,-1.9809815,1.3707092,0.7358895,0.33528522,0.3751493,0.030277018,-0.7357859,-0.087260164,-0.0058469307,0.04865618,-0.13928142,0.00012886034,0.21555191,0.4449845,-0.30167615,0.04168015,-0.27480885,-0.15495713,-0.10306249,0.63826,-0.32897192,0.110815994
0.09065005,-1.507818,0.97045195,-0.047574095,-0.008834073,0.753521,-0.65564,0.054533035,-0.090067096,-0.9581653,-1.0024717,0.92914474,-0.046037037,-0.18320763,-0.034017295,0.36285314,-1.9725645,1.3493483,0.73024035,0.32012492,0.3680824,0.028224126,-0.735003,-0.084174186,-0.006857938,0.047605064,-0.1311885,0.0020358835,0.2172349,0.43431365,-0.29763925,0.038767178,-0.26062486,-0.15274513,-0.11195745,0.6206661,-0.32935098,0.11182394
0.089732945,-1.5086471,0.970671,-0.04575991,-0.007963949,0.75269586,-0.65672815,0.052695815,-0.08873991,-0.97211796,-0.9774715,0.91111606,-0.04389897,-0.18337497,-0.028898625,0.35980666,-1.9598765,1.3236709,0.7238524,0.31392676,0.3594365,0.023812879,-0.7292724,-0.08027182,-0.006363037,0.046108887,-0.12483164,0.0030561278,0.21879007,0.42469248,-0.29392582,0.036739856,-0.24995233,-0.15104583,-0.12000247,0.6065631,-0.330534,0.11337496
0.088815056,-1.5093399,0.9709079,-0.04433109,-0.007120052,0.75178003,-0.65788394,0.049627185,-0.08730009,-0.98719007,-0.95199853,0.89595795,-0.043397028,-0.18281204,-0.022752374,0.35383037,-1.9504365,1.3049042,0.7138416,0.29333824,0.35174847,0.021833122,-0.7359656,-0.07741318,-0.0069729625,0.044275112,-0.11903436,0.0051488723,0.21997993,0.4166545,-0.29082417,0.034381144,-0.23892267,-0.14834416,-0.12766254,0.5920589,-0.330404,0.11276004
0.087801,-1.509876,0.97104,-0.042868,-0.006872,0.750951,-0.65892905,0.046483,-0.086877,-1.005061,-0.925104,0.883318,-0.04296,-0.18643,-0.01491,0.345962,-1.942675,1.288148,0.703706,0.264221,0.346855,0.022106,-0.74389,-0.075425,-0.00531,0.042844,-0.113269,0.00579,0.221214,0.408607,-0.287473,0.032164,-0.229613,-0.147236,-0.135251,0.580404,-0.331444,0.111238
0.08678806,-1.510273,0.97110707,-0.0412951,-0.0069329976,0.7501511,-0.65993893,0.042966217,-0.08640803,-1.02412,-0.8982626,0.8693189,-0.042599022,-0.19425252,-0.00638952,0.33871245,-1.9315877,1.2690341,0.69190574,0.24232033,0.3404984,0.021050064,-0.7462919,-0.07279517,-0.0028821484,0.041041113,-0.109465234,0.0064259614,0.22222494,0.40191743,-0.28445318,0.029570159,-0.22172448,-0.14621606,-0.14169161,0.5684357,-0.33262795,0.1096321
0.08585,-1.510675,0.971146,-0.039559003,-0.00702,0.74963605,-0.66062903,0.038556,-0.084905,-1.045312,-0.87045,0.855214,-0.041521,-0.1967,0.00357,0.33774,-1.914555,1.24567,0.680355,0.232284,0.334051,0.014015,-0.742773,-0.069963,-0.000224,0.040093,-0.106156,0.007146,0.222838,0.396128,-0.281853,0.027663,-0.213216,-0.144595,-0.148119,0.555712,-0.333803,0.106762
0.085146,-1.511025,0.97116107,-0.038004,-0.0070789997,0.749136,-0.66128796,0.034124,-0.08284,-1.067197,-0.84305,0.845756,-0.040814,-0.200177,0.012246,0.333638,-1.896573,1.222906,0.670136,0.221594,0.326243,0.013486,-0.741491,-0.06737,0.002456,0.038496,-0.103,0.007111,0.22411,0.390464,-0.279333,0.026496,-0.208598,-0.143282,-0.150651,0.549049,-0.334408,0.102825
0.08455199,-1.511497,0.971126,-0.036156,-0.0073700002,0.74850506,-0.66210103,0.02859,-0.080393,-1.090201,-0.815733,0.838678,-0.040658,-0.203163,0.01632,0.327112,-1.876031,1.198735,0.661772,0.212857,0.318314,0.013369,-0.736831,-0.06367,0.005255,0.03634,-0.102407,0.00797,0.22442,0.387569,-0.278106,0.025202,-0.206891,-0.141517,-0.151681,0.545482,-0.334578,0.098607
0.084181,-1.511824,0.971154,-0.034625,-0.0077949995,0.7477711,-0.663008,0.021366,-0.078566,-1.114823,-0.789665,0.825654,-0.040041,-0.211713,0.026325,0.327126,-1.852897,1.172559,0.654413,0.209502,0.307639,0.010848,-0.732104,-0.061106,0.008244,0.032882,-0.100314,0.007771,0.226483,0.382755,-0.276046,0.024562,-0.205891,-0.140371,-0.151045,0.542744,-0.334124,0.094423
0.083893,-1.512109,0.971155,-0.032776,-0.008235001,0.747391,-0.663524,0.014831,-0.076949,-1.140819,-0.762427,0.819648,-0.039495,-0.214897,0.036085,0.330875,-1.823763,1.145778,0.644408,0.213063,0.299922,0.001099,-0.725504,-0.058011,0.011882,0.029904,-0.097905,0.007362,0.229237,0.377274,-0.273681,0.023749,-0.205334,-0.139791,-0.150957,0.540776,-0.333998,0.091626
0.08378201,-1.512421,0.9712521,-0.031373,-0.008621,0.74698895,-0.66404,0.009662,-0.075826,-1.167815,-0.735216,0.819555,-0.039247,-0.216084,0.045488,0.334369,-1.794623,1.122838,0.631044,0.216147,0.293877,-0.008222,-0.714863,-0.055087,0.014486,0.026217,-0.095789,0.007055,0.232646,0.371238,-0.270986,0.023385,-0.205164,-0.13892,-0.1505,0.537631,-0.332697,0.089101
0.083757,-1.512687,0.971409,-0.03008,-0.009024999,0.7466329,-0.664495,0.002992,-0.074975,-1.196448,-0.707674,0.821151,-0.039272,-0.217762,0.054696,0.336818,-1.761185,1.101417,0.598109,0.229903,0.299824,-0.041392,-0.701357,-0.052448,0.016716,0.021789,-0.093097,0.007,0.237129,0.364319,-0.267883,0.022943,-0.204675,-0.137412,-0.148806,0.533216,-0.330486,0.086081
0.083732,-1.51315,0.971488,-0.028630001,-0.009436001,0.7464001,-0.66481405,-0.004111,-0.073914,-1.226812,-0.679851,0.825839,-0.039444,-0.221461,0.062811,0.337934,-1.726762,1.084396,0.563043,0.231484,0.316549,-0.066281,-0.691775,-0.048209,0.019428,0.016668,-0.091894,0.006645,0.242155,0.357829,-0.265145,0.022221,-0.206887,-0.136276,-0.145287,0.530574,-0.328989,0.084199
0.08381599,-1.513532,0.97163594,-0.027342,-0.01002,0.746283,-0.66499203,-0.009296,-0.073446,-1.260222,-0.652198,0.833169,-0.039582,-0.226286,0.070713,0.339047,-1.692084,1.066289,0.539295,0.228887,0.330101,-0.075096,-0.68369,-0.044788,0.021751,0.011303,-0.090393,0.006902,0.247891,0.351327,-0.262316,0.021265,-0.20829,-0.134106,-0.141005,0.526423,-0.326527,0.081238
0.083937004,-1.513936,0.9717371,-0.026135,-0.010515,0.745756,-0.66562396,-0.017658,-0.072622,-1.296334,-0.626853,0.844887,-0.039786,-0.231496,0.077676,0.343405,-1.656046,1.046918,0.517198,0.229731,0.33464,-0.078884,-0.667587,-0.041013,0.024188,0.005082,-0.089393,0.006294,0.253321,0.345069,-0.259748,0.021113,-0.210551,-0.133172,-0.137809,0.523283,-0.324481,0.078847
0.084048,-1.514379,0.971935,-0.026135,-0.010515,0.745756,-0.66562396,-0.027266415,-0.07222502,-1.3350756,-0.6029015,0.861389,-0.03995699,-0.23558475,0.0842556,0.34943762,-1.6226261,1.0328188,0.49544132,0.22266743,0.33361405,-0.078732006,-0.6648782,-0.03885213,0.025869897,-0.0012456139,-0.087154135,0.0065969815,0.25904363,0.33875138,-0.25722614,0.020987008,-0.21025102,-0.1313611,-0.13636108,0.5182803,-0.32186517,0.07671814
0.084118,-1.5148449,0.97206795,-0.024160061,-0.011828959,0.744688,-0.66686994,-0.034780543,-0.072641976,-1.3764995,-0.58041936,0.87856793,-0.039972,-0.23848481,0.09052961,0.35693854,-1.5865883,1.0180839,0.4743643,0.21869723,0.33106315,-0.08069188,-0.6579104,-0.035841186,0.028117863,-0.007014648,-0.08644404,0.006470008,0.26394472,0.33340234,-0.25500315,0.02115999,-0.21119694,-0.12993109,-0.13378316,0.5138543,-0.31954616,0.07284823
0.084189996,-1.515224,0.97224,-0.023504037,-0.012658948,0.744118,-0.667514,-0.040975623,-0.07350295,-1.4208244,-0.55920124,0.8982858,-0.04053797,-0.24058989,0.09349882,0.36140272,-1.5526,1.0074146,0.45178437,0.21342133,0.33058104,-0.08405979,-0.6509654,-0.034003112,0.030164875,-0.012405671,-0.08550206,0.0061500194,0.26838773,0.32800332,-0.25257915,0.021372987,-0.21239492,-0.12908204,-0.13242309,0.51066417,-0.31762013,0.07147508
0.084203,-1.515637,0.972465,-0.022960031,-0.013519947,0.743499,-0.668207,-0.04736361,-0.07450994,-1.467967,-0.5397432,0.9188278,-0.041128963,-0.24406178,0.09587286,0.36171097,-1.5168941,0.9978616,0.43094426,0.20891626,0.3291561,-0.08463997,-0.6460513,-0.0324341,0.031577915,-0.017385697,-0.084770046,0.0066799675,0.27230677,0.3231073,-0.2503181,0.021393998,-0.212479,-0.1273981,-0.13142906,0.5060743,-0.31533313,0.07025907
0.084336996,-1.516054,0.9726619,-0.022378037,-0.014127962,0.7427741,-0.66901785,-0.052370694,-0.075811915,-1.516819,-0.5257299,0.935988,-0.041701965,-0.25300246,0.10499644,0.37457922,-1.4810662,0.9911624,0.41031528,0.20330334,0.32314435,-0.08927371,-0.6436962,-0.030274132,0.03261994,-0.022235705,-0.08436602,0.006924985,0.27567178,0.31831428,-0.24813813,0.021485994,-0.21258499,-0.12592308,-0.13050604,0.5011343,-0.31275314,0.06910107
0.08427301,-1.516335,0.97289,-0.022131016,-0.015059943,0.74195004,-0.66991997,-0.057761673,-0.07683494,-1.5686759,-0.51500666,0.9604145,-0.042240966,-0.26044855,0.113777466,0.39316785,-1.4458642,0.9858873,0.39317405,0.19583146,0.31615144,-0.08965098,-0.6416301,-0.029741032,0.033796925,-0.026572736,-0.08385903,0.007386972,0.27818185,0.31420028,-0.24597912,0.021346008,-0.21212202,-0.12455409,-0.130564,0.49674228,-0.31060216,0.06742611
0.08427,-1.516638,0.973065,-0.021866,-0.015597999,0.741091,-0.670867,-0.06422,-0.076948,-1.615211,-0.509585,0.979022,-0.043668,-0.295653,0.126812,0.4084,-1.410642,0.983348,0.376409,0.187427,0.309969,-0.090021,-0.640127,-0.028212,0.034248,-0.030804,-0.084448,0.0081,0.280145,0.311373,-0.244492,0.021151,-0.211904,-0.123239,-0.130562,0.492198,-0.308203,0.06654
0.084245,-1.516958,0.97332495,-0.022020994,-0.015984979,0.7398361,-0.6722369,-0.07128057,-0.07789794,-1.6731794,-0.5142147,0.9768302,-0.045858867,-0.3464149,0.14741473,0.40573716,-1.3744822,0.9813031,0.35665923,0.18316127,0.29629582,-0.09230086,-0.6431398,-0.027126065,0.033655036,-0.03528373,-0.084527,0.008731962,0.2815259,0.30713928,-0.24215913,0.02082202,-0.21119505,-0.12182609,-0.13179092,0.48666832,-0.3053642,0.06619802
0.08425599,-1.517215,0.973474,-0.022085,-0.016268002,0.7387999,-0.673367,-0.079053,-0.078176,-1.730271,-0.506873,1.021678,-0.043449,-0.313957,0.143014,0.405344,-1.336668,0.981207,0.337926,0.182441,0.286667,-0.095004,-0.642995,-0.026225,0.033291,-0.03926,-0.084927,0.009308,0.282787,0.305014,-0.241123,0.020515,-0.210876,-0.120755,-0.13214,0.482958,-0.303373,0.065988
0.084241994,-1.517461,0.973683,-0.022368982,-0.016589979,0.73753214,-0.674738,-0.086191565,-0.07858997,-1.7861395,-0.50272626,1.055614,-0.042377066,-0.2729805,0.13056976,0.4066719,-1.303666,0.9835059,0.32910955,0.17542441,0.2879419,-0.0983088,-0.64261,-0.02572403,0.032411054,-0.04380372,-0.08526698,0.010218944,0.28402492,0.30261114,-0.2398371,0.020078026,-0.21003705,-0.11926409,-0.13286796,0.47829425,-0.30094215,0.065974005
0.084151,-1.51767,0.973824,-0.022587,-0.016892,0.736242,-0.67613,-0.09484,-0.078527,-1.842381,-0.503231,1.086411,-0.04119,-0.236459,0.115606,0.41069,-1.27148,0.987482,0.318245,0.164715,0.282785,-0.094716,-0.645699,-0.024812,0.032186,-0.048533,-0.086199,0.010501,0.285316,0.300532,-0.238629,0.019906,-0.210625,-0.118456,-0.132722,0.475282,-0.299112,0.06546
0.084128,-1.517864,0.9740121,-0.023078002,-0.017082999,0.7349741,-0.677487,-0.102717,-0.079376,-1.897672,-0.506983,1.108374,-0.040219,-0.206958,0.096157,0.415011,-1.240151,0.993686,0.304059,0.156241,0.271037,-0.090405,-0.650789,-0.024518,0.031365,-0.05312,-0.086228,0.010523,0.286987,0.297396,-0.23692,0.019978,-0.210468,-0.117704,-0.132985,0.471621,-0.297016,0.065081
0.084044985,-1.518105,0.97419393,-0.023837,-0.017421,0.73374796,-0.67878014,-0.110338,-0.080903,-1.952848,-0.513185,1.130371,-0.039812,-0.183144,0.072722,0.422517,-1.209812,1.000748,0.295,0.148036,0.262968,-0.088071,-0.655877,-0.024571,0.030767,-0.057415,-0.086453,0.010124,0.288754,0.29403,-0.23505,0.019939,-0.211289,-0.117385,-0.132728,0.469222,-0.295597,0.064711
0.08404,-1.518301,0.97431,-0.024765998,-0.017445,0.7326581,-0.6799219,-0.116637,-0.082384,-2.000667,-0.520762,1.158722,-0.041745,-0.1606,0.050907,0.437728,-1.182472,1.010115,0.298057,0.138363,0.259497,-0.086569,-0.659174,-0.024526,0.029762,-0.061273,-0.087149,0.009265,0.290337,0.29171,-0.233766,0.020173,-0.212828,-0.117666,-0.131894,0.468177,-0.294618,0.064754
0.08402001,-1.51847,0.97446,-0.025651002,-0.017565,0.731619,-0.6810039,-0.121503,-0.083992,-2.053828,-0.547853,1.133568,-0.039752,-0.180488,0.120353,0.425037,-1.15583,1.021586,0.296611,0.127216,0.246114,-0.082244,-0.664592,-0.024774,0.028847,-0.064561,-0.087581,0.008518,0.291329,0.28912,-0.232222,0.020677,-0.213691,-0.117725,-0.131588,0.466505,-0.29344,0.064575
0.084070995,-1.5186591,0.97458005,-0.026757002,-0.017604,0.73066294,-0.6819861,-0.126365,-0.085395,-2.102993,-0.562183,1.155009,-0.040084,-0.161417,0.121524,0.430899,-1.130802,1.034734,0.299536,0.114659,0.22865,-0.073738,-0.671087,-0.024835,0.027553,-0.067684,-0.088898,0.007683,0.291965,0.287533,-0.231269,0.020969,-0.215475,-0.117909,-0.130801,0.465454,-0.292394,0.064325
0.08413201,-1.518857,0.9747081,-0.027873931,-0.017570004,0.72988206,-0.68277884,-0.12995179,-0.08646294,-2.1497562,-0.578284,1.1702571,-0.040225994,-0.14707687,0.10820382,0.43504873,-1.1051066,1.0512791,0.32143065,0.10375966,0.22345632,-0.056252066,-0.68260527,-0.02498099,0.026386071,-0.07042683,-0.08929098,0.0063510817,0.29304495,0.28443718,-0.2295621,0.021564962,-0.2173269,-0.11842197,-0.12956408,0.46473902,-0.29155007,0.06439
0.08417498,-1.519052,0.97480196,-0.029232917,-0.017380012,0.729164,-0.68349314,-0.1331288,-0.0881729,-2.1927884,-0.595002,1.1789464,-0.040365994,-0.13305785,0.094029866,0.4384448,-1.0837814,1.0677699,0.33298028,0.091122776,0.21385458,-0.049623407,-0.67868525,-0.025457973,0.024803096,-0.0737778,-0.089640975,0.004905088,0.2947479,0.28203714,-0.22842306,0.02223096,-0.21941587,-0.11891197,-0.12716214,0.46463,-0.29089704,0.064112015
0.084318995,-1.519229,0.974905,-0.030564923,-0.017134015,0.72882205,-0.68380594,-0.13504387,-0.0898629,-2.2351794,-0.6133749,1.1882426,-0.038654104,-0.11439114,0.07943688,0.43977392,-1.0642442,1.086579,0.33648878,0.07887074,0.20359263,-0.042874414,-0.6765471,-0.025859976,0.023172101,-0.075508885,-0.08974499,0.0032680999,0.29591495,0.2790672,-0.22691411,0.023013951,-0.2212809,-0.119593956,-0.12517013,0.46413502,-0.28962108,0.06415099
0.084415,-1.519372,0.97496396,-0.032379,-0.016724002,0.72815806,-0.68444,-0.137569,-0.091897,-2.273601,-0.633232,1.198883,-0.038834,-0.091741,0.06578,0.44059,-1.044365,1.103741,0.346702,0.070839,0.202291,-0.03913,-0.666301,-0.026518,0.021031,-0.078523,-0.090707,0.001146,0.297184,0.277138,-0.225963,0.023904,-0.224737,-0.120956,-0.122128,0.46565,-0.28956,0.064387
0.08454799,-1.519529,0.97509,-0.03424988,-0.01634402,0.726997,-0.6855909,-0.14123577,-0.094655834,-2.3079488,-0.6556186,1.2093304,-0.039546955,-0.07164523,0.05012896,0.44099596,-1.0251722,1.119469,0.36048016,0.06355544,0.19891621,-0.03506225,-0.66237926,-0.028190898,0.01823317,-0.08187879,-0.090592004,-0.0005088989,0.297598,0.27495614,-0.22491407,0.024789946,-0.22559996,-0.12201093,-0.12137405,0.46511304,-0.28881705,0.06492096
0.084637,-1.519689,0.975181,-0.036090005,-0.015831,0.7258481,-0.686725,-0.145005,-0.097249,-2.338571,-0.678646,1.216255,-0.040771,-0.055631,0.036485,0.444715,-1.004506,1.135792,0.365388,0.059204,0.182314,-0.033452,-0.662789,-0.0296,0.015231,-0.084654,-0.091028,-0.001896,0.297237,0.273836,-0.224366,0.025478,-0.22644,-0.123183,-0.121288,0.46492,-0.288376,0.065618
0.084736995,-1.519799,0.97530806,-0.038131878,-0.015486022,0.72472,-0.68781394,-0.14871578,-0.10021282,-2.3672094,-0.7027205,1.216808,-0.042372905,-0.041643854,0.012164485,0.44927573,-0.9834463,1.1513572,0.3721706,0.060930897,0.1677839,-0.038263705,-0.66281,-0.032158844,0.012156188,-0.08688686,-0.09056603,-0.003417907,0.29678702,0.27214313,-0.22348706,0.026107961,-0.226404,-0.12450192,-0.12190996,0.464627,-0.28797403,0.06627196
0.08475299,-1.520023,0.97541195,-0.040035002,-0.0150810005,0.72336805,-0.6891361,-0.152789,-0.102933,-2.391462,-0.72408,1.213061,-0.046643,-0.028946,-0.033363,0.444533,-0.962655,1.168182,0.37976,0.060132,0.1638,-0.042647,-0.665929,-0.03386,0.009277,-0.089206,-0.090857,-0.004943,0.295627,0.270653,-0.222638,0.026971,-0.226695,-0.125975,-0.123103,0.464283,-0.287722,0.066842
0.08490299,-1.52018,0.975511,-0.04209387,-0.014471038,0.72219414,-0.690256,-0.15609081,-0.105586834,-2.4130156,-0.74662757,1.21283,-0.05234565,-0.011007096,-0.0514249,0.44163018,-0.9454741,1.1851809,0.38356477,0.058318112,0.1604982,-0.04547783,-0.66546106,-0.03615986,0.0058282106,-0.090442926,-0.09022304,-0.0067918873,0.29427606,0.26876312,-0.22166806,0.027927943,-0.22601004,-0.12787688,-0.12500387,0.46381804,-0.287467,0.06768695
0.085042,-1.520432,0.9756501,-0.044129,-0.014198001,0.721235,-0.691137,-0.158058,-0.108519,-2.432643,-0.767502,1.205669,-0.063745,0.008423,-0.05878,0.44546,-0.930526,1.204386,0.381141,0.052462,0.157915,-0.045619,-0.667833,-0.038593,0.002812,-0.090823,-0.089801,-0.00838,0.292644,0.266703,-0.220529,0.02882,-0.225438,-0.129586,-0.127276,0.463147,-0.287151,0.068788
0.085319,-1.520694,0.97579294,-0.046365,-0.013704001,0.72047114,-0.691798,-0.158163,-0.112633,-2.449719,-0.786634,1.192416,-0.079327,0.028117,-0.059387,0.449341,-0.913636,1.221217,0.38758,0.054635,0.161484,-0.051194,-0.665616,-0.04085,-0.000938,-0.090843,-0.089623,-0.010013,0.291175,0.264893,-0.219596,0.029994,-0.224969,-0.131202,-0.129319,0.462356,-0.287108,0.070088
0.085618,-1.520887,0.9759789,-0.048586998,-0.013421,0.719599,-0.692558,-0.158451,-0.116049,-2.465864,-0.807733,1.181897,-0.091509,0.046371,-0.060375,0.452568,-0.89986,1.238818,0.393489,0.051821,0.164276,-0.057885,-0.666722,-0.043587,-0.004422,-0.089976,-0.089027,-0.011896,0.288849,0.262094,-0.217893,0.031274,-0.22362,-0.132942,-0.132848,0.460546,-0.286213,0.070827
0.085866,-1.521196,0.976104,-0.050824996,-0.013164,0.71852297,-0.693518,-0.158939,-0.120222,-2.480682,-0.829696,1.171821,-0.102449,0.062234,-0.060784,0.453281,-0.88515,1.255261,0.396658,0.050943,0.160015,-0.060927,-0.668983,-0.046089,-0.007745,-0.090194,-0.089141,-0.013736,0.286937,0.260665,-0.217152,0.03229,-0.223128,-0.134792,-0.135517,0.459772,-0.2858,0.071568
0.08613599,-1.521511,0.976264,-0.052685,-0.012998,0.717601,-0.69433707,-0.159278,-0.123164,-2.494602,-0.851911,1.162214,-0.113344,0.076612,-0.060109,0.452438,-0.872401,1.27197,0.40575,0.046727,0.159426,-0.061798,-0.664785,-0.048223,-0.010547,-0.090368,-0.088196,-0.015493,0.285732,0.257299,-0.215413,0.03336,-0.221824,-0.136174,-0.138346,0.457394,-0.284188,0.071899
0.08641,-1.521838,0.976414,-0.054753006,-0.012696999,0.7166731,-0.695141,-0.159993,-0.126439,-2.50564,-0.873061,1.148817,-0.124677,0.090762,-0.058862,0.453275,-0.858641,1.287323,0.41946,0.04732,0.160777,-0.063967,-0.659292,-0.050282,-0.013771,-0.090713,-0.087344,-0.017458,0.284942,0.253801,-0.213674,0.034505,-0.22102,-0.13776,-0.140874,0.455634,-0.283231,0.072696
0.086771995,-1.52217,0.97660196,-0.05698,-0.012485999,0.716081,-0.69557506,-0.160411,-0.129899,-2.516734,-0.892195,1.137459,-0.136423,0.104033,-0.059218,0.450782,-0.846915,1.302755,0.430356,0.048511,0.162688,-0.064386,-0.653198,-0.052832,-0.017209,-0.090702,-0.085792,-0.019364,0.285081,0.249388,-0.211551,0.035512,-0.219947,-0.139104,-0.143123,0.45331,-0.28188,0.0734
0.08708798,-1.522459,0.97678006,-0.059064876,-0.012316011,0.7155471,-0.6959541,-0.15994503,-0.13346177,-2.5254252,-0.9134638,1.1296295,-0.1448655,0.11969904,-0.058588035,0.45601267,-0.8358576,1.3178481,0.43930542,0.049044967,0.1594802,-0.06741081,-0.6480753,-0.05516886,-0.020570796,-0.090430014,-0.08482506,-0.020755917,0.28488502,0.24605319,-0.2099081,0.03621996,-0.21886207,-0.14027792,-0.14594682,0.4509701,-0.28052706,0.07433894
0.087482974,-1.5227919,0.976947,-0.061175875,-0.012106012,0.71513104,-0.69620293,-0.159897,-0.13679981,-2.5341284,-0.93362975,1.1195036,-0.15417442,0.12977238,-0.057850044,0.45559004,-0.8229638,1.3323661,0.45505103,0.055491608,0.16215484,-0.071516745,-0.64466727,-0.057211876,-0.024213778,-0.08967804,-0.084536016,-0.021884931,0.28438503,0.24364415,-0.20877507,0.036633972,-0.21813205,-0.14136294,-0.14879984,0.44915912,-0.28011504,0.07601889
0.08782899,-1.523135,0.977127,-0.063110866,-0.011934008,0.7149329,-0.696237,-0.15880108,-0.13944484,-2.5412016,-0.95307183,1.1086056,-0.1642644,0.13921544,-0.05683106,0.4522092,-0.8129197,1.3481951,0.47021508,0.057276893,0.16368791,-0.07120102,-0.6426141,-0.058909897,-0.027558794,-0.088491075,-0.08428102,-0.022830943,0.284077,0.24097617,-0.20744808,0.037337955,-0.21719204,-0.14203796,-0.15154682,0.44629517,-0.27850312,0.076964945
0.08819798,-1.523478,0.977266,-0.065097876,-0.011847004,0.71505797,-0.69592595,-0.15667212,-0.14194085,-2.5462627,-0.9718789,1.0979167,-0.17563032,0.1505483,-0.054423146,0.45302194,-0.8039745,1.365176,0.48450315,0.057511985,0.16301903,-0.06931711,-0.64008516,-0.061075866,-0.030772805,-0.08707109,-0.08426,-0.023542957,0.284377,0.23987606,-0.20715003,0.037596986,-0.21643704,-0.14261597,-0.15321389,0.4441451,-0.27711007,0.07742897
0.08867,-1.523786,0.977498,-0.067131,-0.011783,0.715408,-0.695374,-0.153703,-0.144398,-2.549154,-0.988325,1.088698,-0.192425,0.165495,-0.049006,0.453587,-0.797461,1.382004,0.501078,0.056741,0.165637,-0.07175,-0.6341,-0.063969,-0.034704,-0.084184,-0.083087,-0.023621,0.284398,0.237818,-0.206288,0.037755,-0.21357,-0.142534,-0.156586,0.43987,-0.275033,0.078398
0.08907397,-1.524115,0.977679,-0.0689289,-0.011998986,0.7161489,-0.6944321,-0.14987023,-0.14658786,-2.550812,-1.003689,1.0825523,-0.21140684,0.17920516,-0.044498276,0.4522991,-0.78935456,1.3988651,0.52120477,0.059947807,0.16533302,-0.07238996,-0.62639046,-0.06634985,-0.037571825,-0.080711216,-0.083069,-0.023588002,0.28461996,0.23693706,-0.20600502,0.03728603,-0.21217409,-0.14240201,-0.15876986,0.43684518,-0.27330908,0.07873898
0.089556,-1.524366,0.977907,-0.07078299,-0.012148,0.71685797,-0.69351006,-0.145728,-0.148721,-2.550532,-1.021096,1.072922,-0.226657,0.18964,-0.037649,0.451004,-0.782458,1.41597,0.538254,0.060464,0.158569,-0.070431,-0.621225,-0.069053,-0.040839,-0.077239,-0.08223,-0.023589,0.285056,0.234865,-0.205039,0.037101,-0.209983,-0.142076,-0.161357,0.432717,-0.270901,0.079366
0.089986,-1.524622,0.97810596,-0.072556004,-0.012453001,0.717835,-0.69231,-0.14116,-0.15056,-2.548059,-1.03756,1.06158,-0.243292,0.198204,-0.031478,0.450849,-0.774553,1.433395,0.553637,0.065639,0.156828,-0.071305,-0.616366,-0.071947,-0.043383,-0.0735,-0.081673,-0.023767,0.285531,0.233538,-0.204472,0.037287,-0.20876,-0.142137,-0.162793,0.430694,-0.270321,0.080407
0.090489,-1.524814,0.978263,-0.073896,-0.012583,0.7189549,-0.6910021,-0.135927,-0.151896,-2.541626,-1.053784,1.053198,-0.262743,0.207723,-0.0227,0.454993,-0.76867,1.45135,0.57839,0.068134,0.160891,-0.071142,-0.606931,-0.073869,-0.045425,-0.069656,-0.080976,-0.024249,0.286151,0.231602,-0.2036,0.037713,-0.20778,-0.142299,-0.163919,0.428444,-0.269059,0.081211
0.09088701,-1.524946,0.97843206,-0.07548401,-0.013112,0.71991706,-0.6898189,-0.132275,-0.153778,-2.533299,-1.067675,1.044305,-0.289956,0.216793,-0.009862,0.456378,-0.761558,1.468594,0.600687,0.072389,0.160876,-0.070845,-0.600557,-0.077107,-0.046976,-0.066956,-0.08006,-0.024812,0.287438,0.230089,-0.202974,0.038039,-0.207362,-0.14247,-0.163688,0.427419,-0.26824,0.081614
0.09143099,-1.52511,0.9786001,-0.07665199,-0.013506,0.72101694,-0.68853307,-0.128172,-0.154837,-2.52315,-1.085579,1.034858,-0.311991,0.225943,0.001219,0.459767,-0.754718,1.485164,0.623833,0.077367,0.159642,-0.071994,-0.588418,-0.079307,-0.048508,-0.063994,-0.079349,-0.024974,0.288563,0.228679,-0.20248,0.038274,-0.206343,-0.14229,-0.164065,0.42492,-0.266738,0.082311
0.091902,-1.525279,0.978791,-0.078123,-0.014116001,0.722295,-0.68701303,-0.122845,-0.15684,-2.512807,-1.103658,1.024475,-0.332763,0.235271,0.010435,0.460114,-0.747272,1.50122,0.651507,0.086943,0.16405,-0.071548,-0.578363,-0.082255,-0.049971,-0.06065,-0.078842,-0.025149,0.289679,0.22757,-0.202076,0.038594,-0.205799,-0.142122,-0.163905,0.423048,-0.265476,0.082834
0.092517965,-1.525335,0.97898,-0.079327926,-0.014826956,0.723466,-0.6856261,-0.11662138,-0.15880989,-2.5006557,-1.1261525,1.0164206,-0.34968796,0.24393748,0.021386331,0.4650287,-0.7361327,1.5117754,0.68264407,0.10916364,0.16374502,-0.07357387,-0.5664087,-0.08500284,-0.05096494,-0.057597186,-0.07861002,-0.025435984,0.29061595,0.22677304,-0.20172903,0.03915097,-0.20518905,-0.142079,-0.163858,0.42081612,-0.26379412,0.08342697
0.093147,-1.525469,0.9791921,-0.080551006,-0.015738,0.724603,-0.684262,-0.110189,-0.160508,-2.486317,-1.148301,1.007662,-0.368297,0.251449,0.028823,0.465331,-0.722914,1.516477,0.711186,0.14114,0.161678,-0.080243,-0.552463,-0.087906,-0.051805,-0.05478,-0.078703,-0.025497,0.291473,0.226429,-0.201646,0.039777,-0.204787,-0.14189,-0.163725,0.418808,-0.262754,0.084458
0.09389201,-1.525486,0.97937196,-0.081586,-0.016404998,0.725772,-0.68288296,-0.101392,-0.161422,-2.469268,-1.172107,1.0039,-0.386652,0.260989,0.038021,0.468578,-0.708943,1.517457,0.744416,0.179799,0.16304,-0.088813,-0.536392,-0.090861,-0.052679,-0.051434,-0.078156,-0.025934,0.291976,0.226089,-0.201608,0.04092,-0.203591,-0.1422,-0.164292,0.417012,-0.262024,0.085795
0.09476604,-1.525375,0.9795479,-0.08228206,-0.01737907,0.72725207,-0.681199,-0.0901532,-0.16183805,-2.4505157,-1.1969275,1.0030038,-0.40645438,0.27027938,0.048188724,0.47485438,-0.6954132,1.517854,0.7828339,0.22220169,0.16594307,-0.09549822,-0.520716,-0.09377021,-0.05235198,-0.048110813,-0.07733298,-0.026746077,0.29346204,0.22496098,-0.201106,0.04222607,-0.20313501,-0.14264707,-0.16362298,0.415603,-0.26085797,0.08687708
0.09559495,-1.525411,0.979691,-0.083369926,-0.01850293,0.72837394,-0.67983705,-0.077102795,-0.16276693,-2.4295712,-1.2218734,1.0009791,-0.42895263,0.2768436,0.060086276,0.48131162,-0.68186784,1.517971,0.81339717,0.2664393,0.16722693,-0.09900078,-0.503561,-0.09723178,-0.052077018,-0.045068186,-0.07706502,-0.028023921,0.29414096,0.22464702,-0.201146,0.043340933,-0.20342198,-0.14379093,-0.16300903,0.415523,-0.26024604,0.088105924
0.09652194,-1.525392,0.97988594,-0.08438394,-0.01967493,0.7302479,-0.67766523,-0.0590271,-0.16311999,-2.4063995,-1.2441777,1.001101,-0.45344448,0.27769393,0.068405494,0.48428482,-0.6695557,1.518067,0.8401474,0.3105713,0.16338724,-0.11542799,-0.48911285,-0.10075479,-0.051685024,-0.040532276,-0.07637004,-0.029074935,0.29542392,0.22347908,-0.20065603,0.044847906,-0.203456,-0.14447296,-0.16196908,0.41465706,-0.25932905,0.08936992
0.097487934,-1.525313,0.980032,-0.085378945,-0.020720936,0.7323019,-0.67528915,-0.04146207,-0.16362497,-2.3806086,-1.2635128,1.0080767,-0.48320618,0.28246173,0.0782554,0.48864573,-0.65946364,1.518117,0.8812715,0.3548393,0.1700256,-0.11839682,-0.46561843,-0.103919804,-0.051106036,-0.035855286,-0.07597003,-0.030575909,0.2970049,0.22251105,-0.20031303,0.0465079,-0.20439994,-0.14556994,-0.16005911,0.414703,-0.25844806,0.09046693
0.098516,-1.525208,0.980175,-0.08621701,-0.021704001,0.734417,-0.67285,-0.024479,-0.164127,-2.352317,-1.282127,1.018923,-0.517806,0.289222,0.092719,0.492843,-0.651809,1.518163,0.920963,0.393011,0.171824,-0.119456,-0.454264,-0.107677,-0.050541,-0.030601,-0.074323,-0.031974,0.298709,0.221252,-0.199966,0.048075,-0.203804,-0.146673,-0.159029,0.414368,-0.257773,0.091744
0.09941995,-1.525338,0.98027796,-0.08702794,-0.022749934,0.73622185,-0.67073506,-0.010115877,-0.16503794,-2.3226166,-1.2984239,1.034571,-0.5540838,0.29050392,0.100541525,0.49870965,-0.6399667,1.518194,0.937239,0.4367893,0.15762986,-0.11611621,-0.44334966,-0.11030483,-0.04968205,-0.026904225,-0.074316,-0.033278923,0.3004409,0.221166,-0.20033997,0.049510915,-0.20502493,-0.14772494,-0.15676314,0.41486296,-0.25746801,0.09283294
0.10027695,-1.525308,0.98036903,-0.087633975,-0.023529956,0.7378329,-0.66885614,0.002040258,-0.16614893,-2.2903981,-1.3148481,1.050497,-0.5908917,0.29077697,0.10908048,0.50275177,-0.6292847,1.518219,0.9583508,0.4779735,0.15859194,-0.11949479,-0.43639642,-0.11250987,-0.04901504,-0.02381519,-0.074156016,-0.03444493,0.30228788,0.22102802,-0.200548,0.051113904,-0.20583795,-0.14861694,-0.15474212,0.41495,-0.25693804,0.09379894
0.10120301,-1.525281,0.980474,-0.08818401,-0.024414998,0.739736,-0.666647,0.013398,-0.167174,-2.256521,-1.329534,1.068277,-0.631383,0.296226,0.123117,0.509194,-0.625489,1.518227,0.993078,0.509265,0.184088,-0.130109,-0.430289,-0.114748,-0.048232,-0.020173,-0.074102,-0.03532,0.304454,0.221174,-0.200946,0.052475,-0.206552,-0.149179,-0.152536,0.414615,-0.256183,0.094656
0.102001004,-1.525373,0.98056394,-0.088733,-0.025292998,0.74139005,-0.6647009,0.024406,-0.167752,-2.221872,-1.339552,1.091586,-0.6778,0.305225,0.134297,0.515594,-0.620694,1.518235,1.019977,0.543706,0.195842,-0.13322,-0.415792,-0.116894,-0.04751,-0.016779,-0.074208,-0.035984,0.306093,0.221717,-0.20159,0.053422,-0.207142,-0.149689,-0.150955,0.414567,-0.255822,0.095556
0.10287294,-1.525408,0.98063296,-0.088861,-0.025914963,0.7432608,-0.66256726,0.034761366,-0.16729704,-2.1859663,-1.3501514,1.1161926,-0.7216423,0.31617433,0.14988604,0.5252454,-0.6095907,1.518248,1.0333612,0.58679235,0.17645618,-0.11970182,-0.38790172,-0.11790794,-0.04671205,-0.013966172,-0.07429899,-0.036398977,0.30879986,0.22213297,-0.20229796,0.054532934,-0.20801294,-0.149748,-0.14837416,0.41410503,-0.25535604,0.09642795
0.10355196,-1.52554,0.98070693,-0.08932599,-0.026883943,0.74488294,-0.66064215,0.04382445,-0.16778196,-2.1502235,-1.3575826,1.1369407,-0.76505035,0.31853387,0.14909105,0.52594095,-0.60306334,1.518251,1.0521019,0.620232,0.17718595,-0.109388635,-0.37546575,-0.120057866,-0.045756057,-0.011558147,-0.07525395,-0.036354,0.31080586,0.22485784,-0.20416689,0.05531695,-0.20870996,-0.149738,-0.14584716,0.414014,-0.25472704,0.09673298
0.104266,-1.525733,0.980749,-0.08945001,-0.027525002,0.74669397,-0.65855,0.053395,-0.167983,-2.112997,-1.363645,1.158484,-0.806378,0.325184,0.148791,0.532086,-0.596276,1.518253,1.07617,0.652756,0.174573,-0.099032,-0.360529,-0.120974,-0.045019,-0.008414,-0.076437,-0.036086,0.312408,0.227707,-0.206194,0.056029,-0.209415,-0.14956,-0.143773,0.413758,-0.254485,0.097323
0.104846,-1.526053,0.9807591,-0.0898,-0.02823,0.748292,-0.65665686,0.060691,-0.16907,-2.076431,-1.370784,1.180534,-0.848144,0.337131,0.163813,0.541558,-0.591995,1.518251,1.09927,0.6836,0.174738,-0.088869,-0.346208,-0.121723,-0.044213,-0.006022,-0.078728,-0.035927,0.313803,0.231608,-0.208755,0.056786,-0.211284,-0.149672,-0.141166,0.414454,-0.254419,0.097617
0.10534997,-1.52628,0.98082906,-0.089906,-0.029102948,0.74985284,-0.65482116,0.06762358,-0.16963796,-2.0387795,-1.3758907,1.2009346,-0.8886135,0.34771734,0.17470933,0.54833865,-0.58772326,1.518251,1.1211377,0.7120033,0.17106922,-0.08312335,-0.34822187,-0.123322904,-0.04321506,-0.0034931544,-0.079531945,-0.035046056,0.3153909,0.2348018,-0.21092686,0.057192974,-0.21111,-0.14903505,-0.13956109,0.41389504,-0.25414404,0.09793699
0.10582,-1.526533,0.98085594,-0.089802995,-0.029894,0.751308,-0.65313,0.07449,-0.170221,-1.999814,-1.380332,1.223114,-0.929041,0.357202,0.181079,0.555483,-0.579118,1.518251,1.139181,0.740001,0.162537,-0.08016,-0.364538,-0.124977,-0.042005,-0.000993,-0.079584,-0.034246,0.316884,0.237943,-0.213267,0.057353,-0.210308,-0.148608,-0.138346,0.413707,-0.25422,0.098115
0.106201,-1.526838,0.98091406,-0.08974699,-0.030941997,0.75280493,-0.65136194,0.080698,-0.170487,-1.962159,-1.383253,1.245819,-0.9681,0.372085,0.188687,0.564497,-0.57469,1.518248,1.162996,0.764926,0.159006,-0.076078,-0.377701,-0.126676,-0.040534,0.001683,-0.079998,-0.033144,0.318266,0.240931,-0.215386,0.057137,-0.209755,-0.147796,-0.137166,0.413282,-0.254188,0.097956
0.106504,-1.527237,0.980926,-0.089556,-0.032103,0.753925,-0.65003604,0.085988,-0.170787,-1.924582,-1.388006,1.267412,-1.003169,0.387995,0.19479,0.57192,-0.569201,1.51824,1.182159,0.78758,0.162201,-0.072715,-0.39129,-0.127948,-0.0385,0.00334,-0.08089,-0.032336,0.319297,0.244273,-0.217749,0.05692,-0.209991,-0.147369,-0.135708,0.413845,-0.254623,0.097617
0.106674016,-1.527684,0.9809399,-0.08912597,-0.033142067,0.7547451,-0.64908993,0.089419276,-0.17031787,-1.8860646,-1.3940713,1.28691,-1.0334556,0.40055972,0.19764222,0.57979465,-0.56269264,1.518233,1.1987467,0.8082561,0.17371707,-0.071558565,-0.4026798,-0.12897108,-0.036436863,0.0046491027,-0.08085498,-0.03145695,0.32005605,0.24649814,-0.21955311,0.05667698,-0.20907892,-0.14681399,-0.13527098,0.413672,-0.25492403,0.09726198
0.10684499,-1.528147,0.980945,-0.08867504,-0.034255933,0.75562906,-0.64806414,0.09398173,-0.16839711,-1.8472143,-1.4001096,1.3049779,-1.0607723,0.4120093,0.20134677,0.59108937,-0.5564554,1.518226,1.2115613,0.82583195,0.17468594,-0.06448143,-0.39953622,-0.13029191,-0.034187138,0.006328897,-0.08055802,-0.030619051,0.32072395,0.24887787,-0.22151989,0.05637702,-0.20786607,-0.14636901,-0.13500802,0.413695,-0.25536996,0.09689102
0.106943995,-1.5286828,0.98101985,-0.08846001,-0.035526924,0.756451,-0.647067,0.09911869,-0.16648813,-1.8098272,-1.4036248,1.3240588,-1.0884874,0.4271311,0.20430683,0.6007384,-0.5502584,1.518218,1.228074,0.843211,0.17832479,-0.06007927,-0.40478468,-0.1321239,-0.032140125,0.007989898,-0.079689056,-0.029699055,0.32159695,0.24989793,-0.22271693,0.056191012,-0.2060691,-0.14561705,-0.13526298,0.41267005,-0.255443,0.09645803
0.10710101,-1.52922,0.981048,-0.087909,-0.036829,0.75748307,-0.64585894,0.104183,-0.16404,-1.772335,-1.407457,1.344292,-1.113579,0.44361,0.206924,0.608209,-0.543629,1.518208,1.247001,0.858652,0.182004,-0.058002,-0.414176,-0.133676,-0.02961,0.010104,-0.07914,-0.028481,0.322351,0.252367,-0.2248,0.055871,-0.204263,-0.144875,-0.135445,0.412221,-0.255896,0.096119
0.10717101,-1.529814,0.98105603,-0.08748801,-0.037717,0.758413,-0.64477396,0.107549,-0.160082,-1.734908,-1.412251,1.365143,-1.13353,0.456804,0.211366,0.614215,-0.536654,1.5182,1.265396,0.870924,0.184571,-0.056278,-0.425592,-0.134697,-0.02778,0.012394,-0.078446,-0.027572,0.322805,0.254116,-0.22651,0.055787,-0.202551,-0.144395,-0.136019,0.41195,-0.256636,0.095853
0.10719,-1.5304899,0.981055,-0.08711003,-0.03902892,0.75919294,-0.6438281,0.11055681,-0.15652022,-1.6997331,-1.4163837,1.3883495,-1.1524009,0.46758935,0.2081402,0.6166349,-0.5292235,1.518191,1.2793891,0.8821024,0.18331608,-0.05123431,-0.42813885,-0.1361649,-0.02530715,0.014179891,-0.078459,-0.026467066,0.32310796,0.25706783,-0.22884187,0.055387028,-0.20141807,-0.14398502,-0.13638197,0.41251996,-0.25774893,0.09556302
0.107145995,-1.531231,0.981059,-0.08673402,-0.04010493,0.7599661,-0.6429001,0.11400879,-0.15197827,-1.6641161,-1.4200828,1.4122605,-1.169851,0.48354006,0.2065781,0.6221157,-0.52149445,1.518184,1.2922932,0.89287436,0.1817081,-0.045860328,-0.42742607,-0.13726693,-0.023321122,0.016407864,-0.07839901,-0.025230074,0.32289004,0.25979382,-0.23104687,0.055118013,-0.19992709,-0.14336304,-0.13735494,0.412731,-0.25900093,0.09527002
0.106963,-1.531939,0.981046,-0.086181,-0.040896002,0.760898,-0.641821,0.116068,-0.146694,-1.62704,-1.422049,1.435074,-1.186678,0.501877,0.208018,0.631497,-0.512221,1.518169,1.310315,0.903924,0.188021,-0.044261,-0.446546,-0.1375,-0.02149,0.0195,-0.078287,-0.023922,0.322338,0.261822,-0.232759,0.054632,-0.198373,-0.142619,-0.138741,0.412681,-0.260159,0.094671
0.106939,-1.532718,0.981021,-0.08595101,-0.041723,0.7619101,-0.64059705,0.118824,-0.14199,-1.588815,-1.422631,1.455416,-1.202673,0.516605,0.209307,0.637767,-0.506148,1.51816,1.324857,0.9136,0.191343,-0.039288,-0.450546,-0.138364,-0.019798,0.022492,-0.07787,-0.023287,0.322283,0.26362,-0.2346,0.054527,-0.197398,-0.14239,-0.13912,0.413495,-0.261674,0.094428
0.106739014,-1.533466,0.9810019,-0.08568001,-0.042436954,0.76269287,-0.639654,0.12119085,-0.13809024,-1.5503793,-1.42223,1.4754398,-1.2174572,0.5305592,0.20975196,0.64345366,-0.49911046,1.518151,1.3356183,0.9211756,0.19206296,-0.03424031,-0.450763,-0.13895197,-0.01800811,0.024212895,-0.07650108,-0.022982018,0.32319695,0.263468,-0.23547095,0.054513,-0.19673204,-0.14219202,-0.13876703,0.41447595,-0.2631869,0.09413602
0.106415,-1.534232,0.980917,-0.085208,-0.043180004,0.76322293,-0.639035,0.123126,-0.134295,-1.512199,-1.421653,1.496845,-1.231024,0.54417,0.20532,0.644574,-0.490074,1.518133,1.346777,0.929901,0.192639,-0.030763,-0.464838,-0.139166,-0.015739,0.023349,-0.075521,-0.022436,0.325707,0.264519,-0.237204,0.054224,-0.197256,-0.141783,-0.136048,0.416738,-0.265085,0.093426
0.106037,-1.535062,0.980877,-0.08508801,-0.043923996,0.763775,-0.638341,0.12451,-0.131368,-1.474743,-1.419113,1.520186,-1.244393,0.562349,0.201965,0.649346,-0.482566,1.518102,1.358294,0.939491,0.194185,-0.028295,-0.474827,-0.140116,-0.013803,0.022623,-0.073448,-0.022254,0.32859,0.263807,-0.238077,0.05408,-0.197335,-0.141459,-0.133349,0.418647,-0.266925,0.092712
0.105672,-1.535918,0.9808369,-0.084943995,-0.044605006,0.764733,-0.637164,0.128508,-0.128715,-1.436418,-1.413532,1.542262,-1.255345,0.581451,0.201187,0.655277,-0.475631,1.518065,1.368583,0.948918,0.199008,-0.025763,-0.478657,-0.140678,-0.012245,0.022676,-0.07234,-0.021239,0.331469,0.264658,-0.239744,0.053508,-0.197468,-0.140397,-0.130416,0.419943,-0.26843,0.091774
0.105287015,-1.5367659,0.980785,-0.08468302,-0.04482899,0.76527697,-0.6365301,0.13121784,-0.1253042,-1.3965144,-1.4082993,1.5626469,-1.2612016,0.59699905,0.19895913,0.65920776,-0.47115427,1.518,1.3806893,0.9561426,0.2056136,-0.02198423,-0.4750542,-0.14049001,-0.011555042,0.022882987,-0.071036085,-0.020278059,0.3330489,0.26497397,-0.24108593,0.052884042,-0.19670804,-0.13939306,-0.12926407,0.42046297,-0.2699679,0.09120104
0.104834996,-1.537598,0.980706,-0.084474,-0.044987008,0.765993,-0.6356851,0.132688,-0.122543,-1.354854,-1.401567,1.581276,-1.262848,0.611981,0.196794,0.664222,-0.467379,1.517949,1.391994,0.960599,0.211988,-0.016242,-0.474942,-0.140424,-0.010892,0.023134,-0.069923,-0.01911,0.334949,0.266133,-0.242877,0.052118,-0.196128,-0.138361,-0.127506,0.421515,-0.271683,0.090356
0.104332,-1.53844,0.980679,-0.084362,-0.045370005,0.766527,-0.6350289,0.134734,-0.120139,-1.31321,-1.394153,1.599597,-1.259815,0.630579,0.19545,0.669452,-0.463023,1.51784,1.402612,0.963885,0.214291,-0.010027,-0.481118,-0.140928,-0.010201,0.022484,-0.068306,-0.017701,0.33739,0.266598,-0.244313,0.051228,-0.195063,-0.13688,-0.125659,0.42174,-0.272975,0.089466
0.10378897,-1.5392652,0.98063195,-0.084178984,-0.045646023,0.76724803,-0.63416094,0.1380772,-0.117834866,-1.2692372,-1.3854123,1.6158569,-1.2522423,0.64690894,0.19152579,0.67660666,-0.45883483,1.517573,1.416528,0.9656582,0.22230145,-0.0017510734,-0.4946363,-0.14128603,-0.0093139345,0.022925077,-0.06638986,-0.016637921,0.33947116,0.26656604,-0.2454261,0.05054995,-0.1939549,-0.13578792,-0.12420291,0.42252207,-0.2746841,0.088543944
0.10329303,-1.540165,0.98056203,-0.08385102,-0.04592998,0.76830196,-0.63290703,0.14144081,-0.11559613,-1.2225769,-1.3738687,1.6295362,-1.2410557,0.66163003,0.18808621,0.68784535,-0.45608518,1.516944,1.4307721,0.9688038,0.22984156,-0.0029539266,-0.4993467,-0.14175397,-0.008247065,0.024165923,-0.064074144,-0.015362077,0.34180886,0.26697198,-0.2469839,0.049751047,-0.1922521,-0.13455407,-0.12267409,0.42325294,-0.2765569,0.08757706
0.10269003,-1.541054,0.980502,-0.08349003,-0.046288982,0.769286,-0.63173306,0.1444868,-0.11426408,-1.174001,-1.3595139,1.6387984,-1.2273529,0.6742763,0.18509819,0.6976434,-0.45216125,1.516791,1.4410344,0.968692,0.2362286,0.00071477605,-0.5016498,-0.14264795,-0.007136068,0.025432924,-0.06133717,-0.0137311,0.34402686,0.26748797,-0.24858591,0.048706062,-0.18912718,-0.1328711,-0.12191904,0.42214605,-0.276445,0.08544613
0.10216903,-1.54196,0.98043495,-0.08308002,-0.046543986,0.770558,-0.6302161,0.14819878,-0.1127091,-1.1229041,-1.343022,1.6438197,-1.2103989,0.68463033,0.18011929,0.7071704,-0.45153603,1.5133322,1.4546952,0.9681821,0.23687397,0.009162484,-0.501536,-0.14294398,-0.0061210617,0.027424878,-0.058798157,-0.012175095,0.34645087,0.267597,-0.2499839,0.047538072,-0.18697913,-0.13123208,-0.12053109,0.422273,-0.2780339,0.08427207
0.101549,-1.542888,0.98037297,-0.08236001,-0.047072,0.771478,-0.62914497,0.150242,-0.111672,-1.070974,-1.325692,1.645818,-1.189019,0.694947,0.177985,0.717991,-0.445408,1.504512,1.457774,0.974963,0.237546,0.013041,-0.496534,-0.143716,-0.004454,0.027534,-0.055374,-0.010192,0.349677,0.267704,-0.251537,0.046264,-0.183996,-0.129067,-0.11854,0.422115,-0.279724,0.082905
0.10107404,-1.543864,0.9802849,-0.08187202,-0.04737598,0.772573,-0.62784,0.15355979,-0.111667,-1.0164694,-1.3083601,1.6435432,-1.1608077,0.69842184,0.17460121,0.734539,-0.43923336,1.4910859,1.4590849,0.9858603,0.24108079,0.01580983,-0.49194926,-0.14412399,-0.0033840653,0.028788924,-0.052883152,-0.0085441,0.35206386,0.26855493,-0.2534969,0.045226064,-0.18209712,-0.1275781,-0.11666311,0.42365387,-0.28348675,0.082861
0.10057602,-1.5449339,0.9802,-0.08098805,-0.04759799,0.77345586,-0.62685114,0.15633084,-0.11072506,-0.95979345,-1.2910141,1.6375854,-1.1251152,0.6938253,0.16872936,0.7533839,-0.4317065,1.4785497,1.4552282,1.0001562,0.24313587,0.00027094848,-0.48043072,-0.14368302,-0.0021460755,0.029005988,-0.049812187,-0.0069081,0.35478482,0.26815102,-0.25491792,0.044235058,-0.17908418,-0.12567312,-0.11520609,0.42260408,-0.28479293,0.082064055
0.100189,-1.546187,0.980001,-0.08022801,-0.047641996,0.774573,-0.625563,0.15796,-0.110953,-0.90308,-1.277757,1.633387,-1.082342,0.697724,0.163094,0.756975,-0.420802,1.46588,1.445949,1.014092,0.247585,-0.026389,-0.48222,-0.141749,-0.001004,0.030459,-0.048753,-0.005928,0.356562,0.268917,-0.257076,0.042729,-0.178567,-0.124854,-0.113196,0.42361,-0.286855,0.082047
0.099962,-1.547547,0.97991395,-0.07959301,-0.047789004,0.775324,-0.624703,0.159143,-0.111299,-0.843695,-1.264051,1.618945,-1.027951,0.686699,0.158298,0.787434,-0.409628,1.440714,1.440572,1.021534,0.250119,-0.010167,-0.501667,-0.141635,-0.000327,0.031793,-0.044845,-0.00513,0.358074,0.267262,-0.258261,0.042013,-0.174191,-0.123903,-0.113202,0.42133,-0.287867,0.082417
0.09991399,-1.549079,0.979763,-0.079110004,-0.047862,0.7765611,-0.62322104,0.161635,-0.11151,-0.781963,-1.259724,1.607357,-0.954805,0.684182,0.184799,0.852158,-0.393873,1.416153,1.421646,1.030516,0.252828,0.006934,-0.493589,-0.140268,0.000159,0.034249,-0.042842,-0.004566,0.359245,0.266694,-0.260123,0.040813,-0.172136,-0.123384,-0.11215,0.420324,-0.289044,0.083794
0.100212984,-1.5507979,0.979704,-0.07877802,-0.047836,0.77835786,-0.6210191,0.16623472,-0.111511,-0.7137192,-1.2635177,1.5780588,-0.86702335,0.6981122,0.23840572,0.9105925,-0.3760371,1.3943523,1.3942406,1.0450622,0.27545264,0.026743792,-0.4540584,-0.13890909,-0.0002459753,0.0391587,-0.04007917,-0.0039090402,0.36018395,0.26441813,-0.26124895,0.03997305,-0.16855422,-0.12251005,-0.11329493,0.41648325,-0.289085,0.085612886
0.10084101,-1.552789,0.979527,-0.078508,-0.047238998,0.780687,-0.618168,0.170444,-0.109902,-0.646116,-1.256565,1.529679,-0.798572,0.687441,0.238756,0.919704,-0.354793,1.370031,1.363597,1.056041,0.298478,0.042109,-0.422308,-0.136309,-0.00153,0.046137,-0.038037,-0.003844,0.360463,0.262898,-0.263212,0.038723,-0.165632,-0.122509,-0.114651,0.413283,-0.289668,0.08767
0.101645,-1.554794,0.97935396,-0.07777901,-0.046837006,0.783548,-0.614661,0.176329,-0.108582,-0.580942,-1.248634,1.473023,-0.730054,0.670109,0.227966,0.921691,-0.325054,1.344981,1.318143,1.054813,0.288258,0.024034,-0.462363,-0.132906,-0.002066,0.053993,-0.035816,-0.003666,0.361786,0.260564,-0.264857,0.037531,-0.162948,-0.121934,-0.115222,0.40925,-0.289643,0.089191
0.10268601,-1.55687,0.97914,-0.077447,-0.046240002,0.7866161,-0.61081797,0.182913,-0.107791,-0.519467,-1.244442,1.412805,-0.653981,0.653309,0.214748,0.922524,-0.299782,1.319096,1.286084,1.061518,0.287571,0.019546,-0.494775,-0.130099,-0.002819,0.063989,-0.033095,-0.0049,0.362366,0.257571,-0.266336,0.037434,-0.160545,-0.122853,-0.116603,0.406823,-0.290551,0.091257
0.10436499,-1.559106,0.97899806,-0.07715601,-0.044830002,0.7898471,-0.6067771,0.189534,-0.106998,-0.458797,-1.247357,1.336147,-0.569917,0.615834,0.18163,0.922539,-0.269112,1.294013,1.242342,1.064616,0.286798,0.02516,-0.508053,-0.125845,-0.00706,0.074035,-0.032872,-0.003756,0.362132,0.258511,-0.270055,0.037434,-0.154761,-0.1215,-0.119895,0.396397,-0.287069,0.093599
0.106305,-1.561184,0.978894,-0.076385,-0.043766,0.793514,-0.602151,0.197201,-0.106484,-0.402026,-1.250735,1.247792,-0.48403,0.56639,0.136714,0.922311,-0.233538,1.272963,1.190063,1.064864,0.279532,0.034102,-0.518369,-0.122999,-0.01074,0.085847,-0.031337,-0.001571,0.361952,0.260365,-0.274235,0.037113,-0.14545,-0.119084,-0.12487,0.382799,-0.282048,0.095527
0.10908983,-1.5634239,0.978454,-0.07588004,-0.042000107,0.79823464,-0.5960704,0.20932627,-0.107151955,-0.34926322,-1.2579075,1.165889,-0.39754927,0.5266594,0.09620647,0.921597,-0.1975982,1.2530042,1.1330354,1.0619211,0.27477127,0.0471942,-0.53003526,-0.1198102,-0.012618885,0.10313594,-0.027130257,-0.0060447273,0.361774,0.25720417,-0.27671286,0.038870893,-0.14080529,-0.123036765,-0.12769182,0.37965718,-0.28251398,0.09853082
0.11210119,-1.5658231,0.97804,-0.075779915,-0.040535882,0.8025713,-0.59033364,0.21904257,-0.105921745,-0.30422547,-1.2661626,1.0947655,-0.31109276,0.49043706,0.053971212,0.9197255,-0.15999848,1.2346421,1.0687476,1.0600686,0.27510014,0.05782876,-0.5436869,-0.12040781,-0.013437909,0.122811206,-0.017566716,-0.013028474,0.36007574,0.24915002,-0.2770463,0.042145107,-0.13290091,-0.12863556,-0.1328163,0.37820864,-0.28468752,0.102435276
0.115151815,-1.5678809,0.97709614,-0.07433409,-0.038659107,0.8065956,-0.5851344,0.22829144,-0.10184425,-0.26293054,-1.2760614,1.0224854,-0.22505425,0.44202796,0.008329785,0.9114555,-0.11876052,1.2207959,0.99706334,1.0546813,0.27725786,0.07025924,-0.55972105,-0.11734719,-0.011949091,0.1425588,-0.012941282,-0.020799525,0.35542026,0.24970397,-0.2818917,0.04393789,-0.13142209,-0.13771945,-0.13775471,0.38848138,-0.2928985,0.10687372
0.11914875,-1.5707148,0.97611606,-0.07350205,-0.036828108,0.8120708,-0.57773846,0.24204516,-0.0969703,-0.21560389,-1.2817756,0.91964024,-0.16019796,0.38168567,-0.027171833,0.8981948,-0.0794274,1.2085867,0.9234475,1.0519271,0.2726933,0.08654801,-0.5690644,-0.11429219,-0.010748073,0.16971634,-0.010064175,-0.030270422,0.34765348,0.2516209,-0.28777963,0.048777707,-0.13221994,-0.14829136,-0.14234872,0.40104824,-0.30214444,0.11358759
0.123692,-1.573754,0.97477806,-0.072630994,-0.035028,0.81890494,-0.568236,0.259793,-0.089083,-0.158264,-1.278965,0.791918,-0.130299,0.330002,-0.046221,0.88317,-0.043929,1.200459,0.850001,1.046972,0.263137,0.103257,-0.575523,-0.111883,-0.008798,0.200664,-0.011131,-0.039278,0.338456,0.264666,-0.300003,0.053653,-0.136084,-0.158767,-0.142593,0.421145,-0.315634,0.118966
0.129214,-1.576841,0.973316,-0.072471,-0.033514004,0.827328,-0.5560161,0.285239,-0.078778,-0.091438,-1.273438,0.653874,-0.127855,0.296835,-0.038665,0.870532,-0.019593,1.193051,0.787253,1.03966,0.254024,0.118384,-0.577757,-0.109041,-0.005107,0.237402,-0.011005,-0.053856,0.331477,0.271284,-0.309102,0.061818,-0.149124,-0.173133,-0.135689,0.450365,-0.331088,0.126891
0.1357806,-1.5797118,0.97232604,-0.073208965,-0.032122087,0.8378353,-0.540038,0.31867096,-0.0690176,-0.021352276,-1.2754769,0.50574505,-0.12856795,0.26609987,-0.031367444,0.85671484,-0.010291568,1.1860964,0.7408488,1.0256858,0.2391179,0.13136221,-0.57656914,-0.10684613,-0.004804018,0.28073034,-0.014477788,-0.065929264,0.32415944,0.27898955,-0.3171955,0.072994314,-0.19149843,-0.1862032,-0.10152709,0.52320355,-0.3406684,0.14264704
0.14300255,-1.5819429,0.97199607,-0.07435593,-0.032128997,0.84930116,-0.5216571,0.35765964,-0.062408406,0.046503857,-1.2846174,0.35623613,-0.12604916,0.22881828,-0.034815792,0.8438008,-0.016417626,1.1819892,0.70940995,1.0059692,0.22188404,0.14535415,-0.5779089,-0.10728997,-0.005746943,0.32746613,-0.02168156,-0.073469535,0.31737342,0.28914836,-0.3243096,0.08643018,-0.25378418,-0.19240163,-0.042276613,0.62093407,-0.32867473,0.15505224
0.150905,-1.583271,0.97158307,-0.075665,-0.032100003,0.86159897,-0.50089,0.402811,-0.056779,0.110866,-1.301641,0.200767,-0.11924,0.18962,-0.047663,0.823689,-0.037689,1.179032,0.692,0.977745,0.198088,0.155033,-0.573629,-0.106577,-0.00746,0.372492,-0.035259,-0.08078,0.314682,0.30497,-0.333128,0.100757,-0.338477,-0.187759,0.044271,0.740409,-0.288576,0.165603
0.158417,-1.583511,0.970734,-0.076327994,-0.033174,0.87403303,-0.47868502,0.450795,-0.053239,0.171113,-1.321917,0.048553,-0.109951,0.15591,-0.056701,0.809432,-0.071105,1.184623,0.683969,0.943837,0.17394,0.162066,-0.571242,-0.105695,-0.004362,0.418864,-0.052115,-0.089376,0.312367,0.326153,-0.343305,0.112818,-0.433242,-0.165427,0.156514,0.870988,-0.217143,0.173213
0.16487661,-1.5827461,0.9696761,-0.07671797,-0.03446092,0.88596237,-0.4560684,0.50083697,-0.04934524,0.22807053,-1.3446797,-0.094389275,-0.099168666,0.12153609,-0.06390655,0.7900222,-0.111786515,1.1993072,0.68072915,0.9042104,0.1492285,0.16184402,-0.57201797,-0.10519203,-0.00035024487,0.46427524,-0.07150882,-0.095384635,0.31008816,0.35291737,-0.35484228,0.122207426,-0.51164824,-0.12355755,0.2661133,0.9728498,-0.14474441,0.19054495
0.170335,-1.581346,0.9683481,-0.075657,-0.035372995,0.89615095,-0.43582,0.543884,-0.04659,0.28072,-1.368418,-0.220791,-0.087481,0.089001,-0.064964,0.766365,-0.152532,1.219824,0.67815,0.862822,0.13514,0.162673,-0.563551,-0.101399,0.001499,0.497095,-0.096796,-0.095541,0.311626,0.388195,-0.370346,0.129431,-0.59246,-0.065154,0.364037,1.094369,-0.146084,0.204686
0.174793,-1.579204,0.96722907,-0.07407599,-0.036108002,0.9046859,-0.418034,0.581151,-0.045138,0.328175,-1.392763,-0.331403,-0.078285,0.058281,-0.064482,0.738146,-0.194,1.245342,0.675242,0.819936,0.130477,0.157584,-0.55857,-0.097396,0.004411,0.522428,-0.116781,-0.095464,0.317045,0.414502,-0.380726,0.135122,-0.66565,-0.001733,0.444143,1.213325,-0.151157,0.213814
0.178651,-1.576257,0.965988,-0.07286099,-0.036803998,0.91096294,-0.404331,0.606543,-0.046931,0.365903,-1.415417,-0.407797,-0.067811,0.034476,-0.05659,0.719221,-0.234087,1.272848,0.668698,0.777471,0.119749,0.150572,-0.551039,-0.09838,0.006808,0.539169,-0.135935,-0.090955,0.320485,0.447682,-0.394242,0.140277,-0.724339,0.060148,0.498988,1.3164,-0.162143,0.21213
0.18191361,-1.5733035,0.96479315,-0.071142204,-0.037208952,0.91507345,-0.39521503,0.6249917,-0.050263595,0.39813608,-1.4363734,-0.46021658,-0.06074786,0.020439714,-0.04747811,0.7046308,-0.27066252,1.2987257,0.6611309,0.73697996,0.11304082,0.13672869,-0.5463226,-0.09788106,0.0076498976,0.54824185,-0.15492868,-0.08516971,0.32080898,0.4787132,-0.40636653,0.14491443,-0.77518076,0.1166541,0.53545356,1.4023296,-0.17479745,0.20340908
0.18452902,-1.5699849,0.963009,-0.068815,-0.036845,0.917607,-0.38974896,0.635597,-0.049334,0.4251,-1.453956,-0.506114,-0.053337,0.007156,-0.042672,0.688119,-0.308395,1.322477,0.658933,0.693065,0.115259,0.126517,-0.545147,-0.095775,0.010379,0.551847,-0.171308,-0.082437,0.320573,0.509442,-0.418859,0.149727,-0.81815,0.164314,0.562995,1.473843,-0.187318,0.194392
0.1863249,-1.5668032,0.96113014,-0.06548421,-0.035743073,0.91843295,-0.3884771,0.6383168,-0.04410932,0.44917053,-1.468711,-0.5513442,-0.051409118,-0.007896081,-0.036855355,0.6790156,-0.3441958,1.3447466,0.6559862,0.64323807,0.12525839,0.11523069,-0.5502107,-0.09042033,0.014159769,0.551534,-0.18311228,-0.08318096,0.31778017,0.53281856,-0.42808744,0.15237683,-0.85087204,0.19921087,0.58066195,1.5254549,-0.2020461,0.18679546
0.18707895,-1.5636202,0.9592362,-0.061598238,-0.034421083,0.917171,-0.3921968,0.6315744,-0.03770839,0.46783286,-1.4768986,-0.5963033,-0.049110137,-0.018429358,-0.034852125,0.6713934,-0.3755791,1.3637469,0.6488235,0.59201217,0.13768823,0.105012625,-0.5622282,-0.08297145,0.018214753,0.5450874,-0.19323838,-0.08555185,0.3117174,0.5525688,-0.43536857,0.15387592,-0.87526554,0.2269583,0.5947702,1.5609529,-0.21445826,0.18273026
0.18698294,-1.5605398,0.9575149,-0.057514727,-0.03256987,0.9140396,-0.40020373,0.6167666,-0.030113554,0.48068142,-1.4778885,-0.6315605,-0.047186896,-0.01772046,-0.033566948,0.66402775,-0.40357137,1.3793707,0.63713294,0.53676945,0.15169077,0.09326622,-0.57170945,-0.07569861,0.022063231,0.5349301,-0.19920406,-0.08929624,0.30198216,0.5677806,-0.44066516,0.15501504,-0.88779306,0.2438243,0.60463727,1.5781959,-0.22376046,0.18045996
0.18598206,-1.5576441,0.9562681,-0.05301327,-0.030456128,0.9086952,-0.41295922,0.59379745,-0.022789447,0.4873626,-1.4711965,-0.6566535,-0.045493104,-0.008905537,-0.032737054,0.66040224,-0.42608163,1.3905973,0.61951107,0.47831854,0.16407324,0.08041478,-0.5793905,-0.0692414,0.025834769,0.5209409,-0.20017794,-0.09322076,0.28786984,0.5771034,-0.44294685,0.15557498,-0.8882939,0.2488697,0.6082008,1.5769731,-0.23140354,0.17957504
0.18397212,-1.5548413,0.9553391,-0.047899317,-0.02819714,0.90055156,-0.43118185,0.5593381,-0.014212524,0.48613206,-1.455604,-0.6735289,-0.04417208,9.945037e-05,-0.034006923,0.660074,-0.44130906,1.3968277,0.59387654,0.4163018,0.16983265,0.06696482,-0.58490664,-0.060921505,0.028083865,0.49865237,-0.20107694,-0.09611883,0.27045307,0.58317363,-0.44323498,0.15401809,-0.8807615,0.24635215,0.6092069,1.5577421,-0.2398285,0.17957
0.181183,-1.552384,0.954803,-0.042252,-0.024802,0.88892007,-0.455435,0.510727,-0.003342,0.47452,-1.433026,-0.685056,-0.04328,0.003617,-0.03872,0.651866,-0.448325,1.39293,0.566577,0.351135,0.172117,0.051862,-0.587765,-0.054416,0.030387,0.47068,-0.193044,-0.100965,0.247472,0.581742,-0.440655,0.152518,-0.859578,0.225662,0.601553,1.52039,-0.249806,0.173073
0.177272,-1.549955,0.9544749,-0.036458,-0.021266002,0.871895,-0.48787004,0.441093,0.008611,0.44684,-1.401407,-0.692275,-0.042716,0.009636,-0.041683,0.642735,-0.441909,1.376836,0.533058,0.288486,0.165792,0.0352,-0.591652,-0.048287,0.030914,0.423308,-0.184681,-0.103389,0.225009,0.579326,-0.438071,0.150023,-0.830436,0.200935,0.591783,1.466327,-0.261989,0.169923
0.17165035,-1.5472462,0.9544289,-0.029991398,-0.017909206,0.84732354,-0.5299274,0.34671876,0.022262165,0.39687303,-1.3584256,-0.67913586,-0.039700188,0.028163869,-0.039917108,0.6350325,-0.41526163,1.3503467,0.48178113,0.22854966,0.13831767,0.019515958,-0.5970517,-0.042801335,0.03281788,0.35508817,-0.1730577,-0.10586285,0.20110045,0.5721684,-0.4329003,0.14647222,-0.7910604,0.16932793,0.5805667,1.3946394,-0.27513424,0.16265544
0.164276,-1.544772,0.95462394,-0.022895003,-0.013928,0.8135301,-0.580905,0.232321,0.04745,0.322451,-1.309503,-0.638076,-0.039307,0.062551,-0.035111,0.642953,-0.364606,1.314986,0.413412,0.170999,0.092061,0.00922,-0.605127,-0.036014,0.033437,0.265027,-0.160953,-0.107521,0.1744,0.561705,-0.425688,0.142162,-0.743634,0.131791,0.564776,1.305998,-0.291697,0.156882
0.15492302,-1.543437,0.9549459,-0.014854,-0.009764999,0.76792896,-0.640288,0.095532,0.086931,0.218602,-1.260754,-0.555806,-0.039311,0.113576,-0.031167,0.658601,-0.281214,1.274077,0.334929,0.125777,0.04881,-0.002875,-0.608754,-0.029045,0.033658,0.149225,-0.147018,-0.106691,0.146305,0.549041,-0.417827,0.134465,-0.6854,0.091254,0.544433,1.200939,-0.309108,0.147951
0.143868,-1.543551,0.954924,-0.0061489996,-0.006121,0.710969,-0.70316905,-0.066943,0.131591,0.086619,-1.228789,-0.440579,-0.039356,0.156805,-0.039194,0.675188,-0.16935,1.240719,0.258568,0.090809,0.017597,-0.013368,-0.600029,-0.022832,0.034898,0.017176,-0.136573,-0.103013,0.113591,0.544743,-0.414222,0.127473,-0.618078,0.051249,0.521705,1.084051,-0.323287,0.14721
0.13143176,-1.5452799,0.954639,0.0024254762,-0.0012542973,0.6459471,-0.7633774,-0.2503038,0.18210992,-0.05853014,-1.2264801,-0.3028504,-0.03965298,0.17780972,-0.05263018,0.6843654,-0.041660797,1.2261178,0.19754973,0.064033635,0.0035438577,-0.02513528,-0.5948093,-0.016637377,0.03459302,-0.11640684,-0.12630862,-0.10030717,0.073134474,0.54379904,-0.41183516,0.12114639,-0.5386648,0.010867465,0.49416566,0.9549619,-0.32547185,0.15046081
0.11900799,-1.548773,0.953786,-0.010469,-0.0015219997,-0.5789179,0.815317,-0.432646,0.225116,-0.201721,-1.253298,-0.168951,-0.038658,0.184435,-0.058557,0.691447,0.083424,1.239067,0.152942,0.046585,-0.011487,-0.044912,-0.599584,-0.01126,0.038556,-0.229206,-0.129156,-0.100669,0.015562,0.558957,-0.414343,0.116807,-0.460456,-0.027739,0.459605,0.829232,-0.310424,0.159653
0.108031005,-1.55315,0.95255,-0.017918,-0.0037099991,-0.518554,0.854849,-0.588003,0.259718,-0.31914,-1.300113,-0.050909,-0.038151,0.171418,-0.059158,0.687938,0.189505,1.271274,0.129333,0.038635,-0.042649,-0.073856,-0.619265,-0.003191,0.044804,-0.302891,-0.145945,-0.104551,-0.059759,0.587545,-0.419346,0.113413,-0.38713,-0.061385,0.414623,0.712702,-0.282344,0.177918
0.099208,-1.557744,0.95127404,-0.024925,-0.005348,-0.46714398,0.883814,-0.710369,0.285999,-0.409552,-1.354508,0.069071,-0.037749,0.138899,-0.050229,0.686801,0.276832,1.313094,0.104292,0.037334,-0.100129,-0.107715,-0.637135,0.007398,0.054003,-0.337429,-0.172814,-0.113045,-0.137173,0.622045,-0.423787,0.117523,-0.332196,-0.096414,0.32808,0.64255,-0.320404,0.144629
0.093166,-1.561034,0.95011,-0.030876001,-0.0047960007,-0.42886496,0.902828,-0.792309,0.30051,-0.4769,-1.404221,0.187321,-0.037368,0.083398,-0.036698,0.687099,0.33527,1.354631,0.070595,0.037259,-0.151819,-0.128674,-0.645632,0.015251,0.062621,-0.333927,-0.203656,-0.120763,-0.203749,0.656719,-0.426004,0.110865,-0.300405,-0.123945,0.226677,0.626408,-0.348245,0.142328
0.08939023,-1.5634729,0.9496271,-0.034312785,-0.003405085,-0.40176764,0.91509223,-0.85063744,0.30259386,-0.525357,-1.4452925,0.2968563,-0.037302002,0.011403395,-0.023861784,0.69982225,0.3717608,1.3863151,0.037311032,0.037459984,-0.17362568,-0.13925035,-0.64313614,0.021680608,0.061153088,-0.30496475,-0.23553905,-0.12265188,-0.2656472,0.6927308,-0.4288048,0.10777619,-0.27516952,-0.13607727,0.13134581,0.6216282,-0.36032325,0.13990915
0.08740412,-1.5647029,0.94992095,-0.03554692,-0.003140016,-0.38711485,0.9213405,-0.8801872,0.29933822,-0.5529993,-1.4751972,0.38269475,-0.037349995,-0.07724859,-0.018234344,0.7096854,0.38845396,1.4018121,0.008128781,0.037528995,-0.16635145,-0.14361873,-0.6316737,0.028308595,0.05248553,-0.2592058,-0.2663911,-0.11694135,-0.2868047,0.73084867,-0.4237883,0.1045262,-0.24180304,-0.14542742,0.034212932,0.5978545,-0.3587131,0.14590962
0.08700604,-1.565056,0.950763,-0.034286857,-0.0035209998,-0.3836843,0.92282087,-0.8828671,0.287187,-0.56550616,-1.4892368,0.4660611,-0.037333988,-0.15935582,-0.016158398,0.7108711,0.3889434,1.4016734,-0.022645876,0.037720047,-0.1526469,-0.13798264,-0.6270904,0.031472787,0.03689612,-0.20348786,-0.28653306,-0.10093949,-0.26654348,0.7566162,-0.41657907,0.09807709,-0.20389986,-0.14788388,-0.051850677,0.56361514,-0.34873244,0.15019709
0.08780996,-1.565342,0.9516469,-0.032006137,-0.003543998,-0.3881807,0.92102015,-0.8682999,0.27092397,-0.56868184,-1.4871211,0.5491359,-0.037195012,-0.22191618,-0.0062856027,0.7132419,0.37939858,1.3927426,-0.069764115,0.03853495,-0.1345531,-0.11567035,-0.63380957,0.02801021,0.02249788,-0.15192714,-0.28766295,-0.07613751,-0.20904952,0.7597878,-0.41761893,0.09947191,-0.16872914,-0.14591011,-0.112041324,0.5327268,-0.33938056,0.15167391
0.08917592,-1.5659438,0.9522479,-0.02990113,-0.004326952,-0.3991484,0.91638833,-0.83789086,0.25594792,-0.55917555,-1.4700719,0.6336738,-0.037247997,-0.28955087,0.008073123,0.7038865,0.36234105,1.3794838,-0.12790646,0.039622933,-0.10147502,-0.08467389,-0.63582987,0.024458218,0.013164569,-0.10558083,-0.270852,-0.053107403,-0.13590646,0.7405872,-0.42821735,0.11361013,-0.14522342,-0.14342616,-0.14698687,0.5137022,-0.3345083,0.15087104
0.09117688,-1.566812,0.95271295,-0.02835809,-0.0059389016,-0.41485706,0.9094254,-0.7977014,0.2444137,-0.5376433,-1.4416188,0.71316516,-0.03744299,-0.3651684,0.025420941,0.7015492,0.33971837,1.3645788,-0.19141912,0.042302836,-0.056701735,-0.056206737,-0.6305653,0.022348128,0.008591279,-0.06322759,-0.2411388,-0.03635302,-0.06414238,0.7036772,-0.44030127,0.1249923,-0.13033591,-0.14273103,-0.16305101,0.5025567,-0.3324131,0.1494501
0.09344602,-1.567485,0.95300007,-0.026311,-0.008746999,-0.433978,0.90049696,-0.744627,0.235352,-0.502641,-1.40674,0.771397,-0.038597,-0.45265,0.034272,0.701938,0.312671,1.349222,-0.251736,0.049283,-0.011975,-0.031176,-0.622653,0.023106,0.006529,-0.02352,-0.211688,-0.033112,-0.018076,0.667025,-0.446374,0.134432,-0.125546,-0.146462,-0.162119,0.50006,-0.333018,0.148509
0.09634584,-1.567829,0.95328194,-0.024819087,-0.011524831,-0.4581935,0.8884307,-0.6792349,0.22838943,-0.45601884,-1.3648255,0.80133915,-0.040260896,-0.5319412,0.041568555,0.7103445,0.27798012,1.3347969,-0.29553434,0.06199222,0.025001744,-0.013721066,-0.62044716,0.027544728,0.007874918,0.02331114,-0.19234218,-0.038635664,-0.00049107336,0.6428905,-0.4430472,0.13146819,-0.12925377,-0.15319958,-0.15235859,0.5021859,-0.3344259,0.14768805
0.10000178,-1.567546,0.95280993,-0.022452144,-0.014525819,-0.4878032,0.872544,-0.59957486,0.2217464,-0.39507473,-1.3198998,0.79743624,-0.0435498,-0.6021787,0.040851045,0.72091836,0.2322358,1.319094,-0.31274197,0.07794702,0.05529915,-0.002763669,-0.6166582,0.031200778,0.008971933,0.080593504,-0.17791888,-0.04796943,0.012183227,0.626114,-0.44097313,0.12726125,-0.14343213,-0.16237246,-0.13125528,0.5217958,-0.34395543,0.14514615
0.104710996,-1.566871,0.952349,-0.020495,-0.015410002,-0.520401,0.8535371,-0.507454,0.213902,-0.323342,-1.274472,0.752859,-0.048138,-0.65391,0.030575,0.734085,0.174827,1.306683,-0.304037,0.093192,0.083273,0.000913,-0.616648,0.033957,0.012624,0.141006,-0.169277,-0.057883,0.029579,0.612989,-0.439058,0.127976,-0.17479,-0.17008,-0.091197,0.563133,-0.353266,0.14147
0.110174,-1.565321,0.95186293,-0.018486,-0.015916998,-0.55586195,0.83091706,-0.404201,0.2057,-0.238032,-1.233925,0.66736,-0.055651,-0.687382,0.013719,0.744117,0.103786,1.29636,-0.270178,0.102136,0.108884,-0.002255,-0.609879,0.035316,0.017074,0.205497,-0.159452,-0.069495,0.051208,0.599322,-0.436547,0.132382,-0.236588,-0.176158,-0.025659,0.656471,-0.346918,0.158415
0.116203,-1.563547,0.9511201,-0.01784,-0.015508,-0.5922269,0.805424,-0.297291,0.198224,-0.143946,-1.199793,0.56311,-0.061304,-0.688537,0.000882,0.748841,0.025523,1.29477,-0.21814,0.10864,0.120465,-0.003619,-0.603657,0.038773,0.025209,0.270677,-0.151063,-0.082385,0.078713,0.586028,-0.434474,0.137787,-0.311747,-0.172383,0.070205,0.75613,-0.323384,0.165497
0.122058,-1.562046,0.95025,-0.016946001,-0.013555001,-0.627868,0.778017,-0.192133,0.175608,-0.046191,-1.174346,0.45301,-0.063327,-0.66326,-0.008157,0.75268,-0.05702,1.304775,-0.168431,0.115301,0.131052,-0.006951,-0.603877,0.039842,0.033012,0.334048,-0.146494,-0.091492,0.106335,0.57972,-0.435508,0.139533,-0.387935,-0.1545,0.171167,0.857715,-0.281677,0.173542
0.127623,-1.56126,0.94898206,-0.015513001,-0.011532001,-0.6623889,0.7489111,-0.090823,0.155835,0.055103,-1.161634,0.331929,-0.062976,-0.636357,-0.02277,0.753374,-0.141569,1.32375,-0.118145,0.117824,0.157094,-0.010573,-0.606953,0.041081,0.040365,0.396582,-0.143637,-0.100455,0.135544,0.578212,-0.439577,0.141533,-0.456408,-0.125635,0.269729,0.949355,-0.23019,0.180418
0.131858,-1.561348,0.947553,-0.015321,-0.008884001,-0.6908239,0.722806,-0.002949,0.150294,0.148391,-1.159213,0.209233,-0.060752,-0.613573,-0.040464,0.751913,-0.218251,1.350842,-0.065072,0.114015,0.18579,-0.009477,-0.604211,0.039776,0.047442,0.44439,-0.144037,-0.100942,0.1623,0.588085,-0.449247,0.141644,-0.502877,-0.080299,0.358233,1.015119,-0.201165,0.196715
0.13416803,-1.561996,0.946387,-0.016338056,-0.0072519486,-0.7100295,0.7039445,0.057763617,0.15012912,0.22437103,-1.1644514,0.09825107,-0.05838591,-0.58954674,-0.05156118,0.7465116,-0.27462748,1.3763319,-0.016924493,0.11226166,0.1960676,-0.0126824,-0.5968361,0.042855963,0.05197708,0.47764078,-0.14837416,-0.097747564,0.18155462,0.5986846,-0.45760342,0.1397498,-0.5421163,-0.034260605,0.42652968,1.0759643,-0.21059352,0.21366215
0.13475397,-1.562441,0.94579303,-0.01719695,-0.0064080516,-0.7186045,0.6951765,0.08423238,0.15212888,0.27391,-1.1700526,0.01749693,-0.056890093,-0.55243224,-0.054495823,0.7392324,-0.31507853,1.3935461,0.024140492,0.106664345,0.18944441,-0.0192246,-0.59859586,0.042215038,0.05328292,0.49007422,-0.15089086,-0.09074343,0.19164638,0.60862243,-0.4641156,0.13626221,-0.5633147,0.004983604,0.4706563,1.1144296,-0.23554848,0.21597885
0.13394804,-1.563115,0.945475,0.017197002,0.006407999,0.718605,-0.69517595,0.08230812,0.1555208,0.3004394,-1.1736437,-0.043533273,-0.056155045,-0.51062757,-0.05536395,0.73310035,-0.34052846,1.3990827,0.0634766,0.098849475,0.17189607,-0.020811902,-0.59461427,0.039077193,0.054979894,0.48304644,-0.14719522,-0.0857713,0.19583474,0.6138207,-0.46864974,0.13593501,-0.56943965,0.028176585,0.49271765,1.1304411,-0.2659251,0.21328916
0.13202712,-1.5634888,0.945693,0.018144993,0.0068559805,0.7093966,-0.7045425,0.05537465,0.15827483,0.3036598,-1.1721162,-0.086565375,-0.055798024,-0.46771163,-0.055700976,0.73383,-0.35622802,1.3931943,0.099987775,0.08355294,0.15744089,-0.029208487,-0.59216917,0.032297414,0.055015,0.45546067,-0.14085239,-0.080227345,0.1974399,0.6149929,-0.4703139,0.13465308,-0.5636284,0.03986229,0.5012415,1.1243933,-0.29330033,0.19800594
0.128799,-1.56424,0.94610804,-0.018704,-0.007662,-0.692697,0.720945,0.004096,0.164822,0.28611,-1.163333,-0.114137,-0.056013,-0.42516,-0.054732,0.731049,-0.357298,1.377472,0.125392,0.068699,0.14222,-0.043586,-0.59077,0.027434,0.05661,0.408653,-0.1306,-0.078606,0.199931,0.608182,-0.468679,0.134823,-0.550135,0.038034,0.500751,1.099134,-0.320421,0.178652
0.124744244,-1.5655658,0.94689286,-0.018654004,-0.010208844,-0.6666456,0.74507153,-0.06867255,0.17123662,0.24516651,-1.1526537,-0.11895171,-0.05699694,-0.37729493,-0.055651944,0.73848957,-0.33704525,1.3482558,0.1304477,0.057994656,0.12697993,-0.051206533,-0.5857783,0.025128141,0.049782414,0.34300402,-0.12486535,-0.07296334,0.19611225,0.60225433,-0.46660513,0.1332651,-0.53018516,0.028255597,0.4877598,1.0543628,-0.34350657,0.15652935
0.119195335,-1.567687,0.94743407,-0.020013915,-0.013022831,-0.6296613,0.7765032,-0.16796793,0.18186234,0.17760913,-1.1403778,-0.10445288,-0.05797194,-0.3302599,-0.05089429,0.7449376,-0.2897879,1.3111602,0.12148755,0.051495396,0.108034156,-0.06284028,-0.5794484,0.023359109,0.046957176,0.25668824,-0.11489361,-0.07074714,0.18861644,0.5934975,-0.4635602,0.13205807,-0.49638307,0.010186103,0.46927413,0.9920978,-0.36412776,0.14035098
0.112979,-1.571427,0.94807595,-0.020473,-0.01569,-0.584253,0.811161,-0.284761,0.193568,0.089097,-1.135519,-0.070969,-0.059796,-0.284325,-0.057062,0.746197,-0.220634,1.271303,0.103749,0.047035,0.081953,-0.074276,-0.565848,0.023346,0.040751,0.16016,-0.110286,-0.06787,0.172629,0.587932,-0.461315,0.131458,-0.458325,-0.012784,0.441673,0.917227,-0.374091,0.128609
0.105807014,-1.5766611,0.94831795,-0.021687,-0.018266998,-0.52852505,0.8484439,-0.425139,0.208309,-0.024402,-1.14427,-0.018821,-0.057161,-0.226258,-0.064777,0.745696,-0.124852,1.236723,0.070127,0.044701,0.048414,-0.086225,-0.542859,0.025098,0.036402,0.050041,-0.108643,-0.065632,0.149546,0.587149,-0.460921,0.12944,-0.411361,-0.041239,0.402368,0.827632,-0.362292,0.130195
0.09805247,-1.5830605,0.94819593,-0.023494894,-0.021232823,-0.46478593,0.884857,-0.5791266,0.22084823,-0.14831643,-1.1753271,0.049714815,-0.054979134,-0.1654967,-0.07088463,0.7530036,-0.010030008,1.2157964,0.01740422,0.0430401,0.01549601,-0.09983616,-0.5343605,0.027333863,0.033048205,-0.065523945,-0.10891798,-0.06378012,0.1183569,0.59244865,-0.46265388,0.12883703,-0.35503444,-0.07389201,0.3451275,0.7273271,-0.3192796,0.13920245
0.090713456,-1.5904026,0.94784707,-0.025209902,-0.0229539,-0.40202597,0.9149934,-0.72631,0.23043042,-0.26285404,-1.223673,0.119481735,-0.051094238,-0.11766192,-0.070499025,0.7606715,0.102345146,1.2164578,-0.043311294,0.040280167,-0.010916388,-0.1145521,-0.5533098,0.03336763,0.033736955,-0.16237408,-0.12350011,-0.06482993,0.07216282,0.6078191,-0.46499687,0.12917699,-0.30504805,-0.10698198,0.26610583,0.6435781,-0.33687192,0.14701852
0.084672004,-1.59803,0.94763297,-0.027657999,-0.023673,-0.34841502,0.936633,-0.842721,0.240779,-0.351283,-1.276924,0.177845,-0.047674,-0.093823,-0.074377,0.762489,0.196691,1.235661,-0.109481,0.038432,-0.036951,-0.136067,-0.574574,0.045413,0.035306,-0.222803,-0.154197,-0.063461,0.00451,0.634952,-0.46829,0.127025,-0.281356,-0.120052,0.200245,0.61809,-0.352414,0.144095
0.080346,-1.603819,0.948045,-0.029944,-0.022665996,-0.309564,0.950137,-0.925819,0.241507,-0.413945,-1.321022,0.217487,-0.045747,-0.085959,-0.074286,0.758165,0.259992,1.259927,-0.157373,0.037544,-0.062266,-0.159993,-0.587186,0.052608,0.038914,-0.24251,-0.183085,-0.065762,-0.064388,0.657281,-0.466517,0.128206,-0.265666,-0.130775,0.131471,0.609441,-0.358608,0.142283
0.078575104,-1.6072527,0.94930196,-0.03049597,-0.02086511,-0.28716335,0.95716864,-0.9684474,0.23541938,-0.44716898,-1.35255,0.25037497,-0.047139917,-0.101817034,-0.08039863,0.75201136,0.2938469,1.27636,-0.17479295,0.03740401,-0.06832163,-0.17893183,-0.59547347,0.054364894,0.031142475,-0.22748491,-0.20368075,-0.05394572,-0.09416318,0.674295,-0.46552205,0.13130881,-0.23320998,-0.13369782,0.050622936,0.5813397,-0.3537323,0.14036112
0.078448996,-1.608899,0.9510899,-0.029697,-0.018923,-0.280803,0.9591191,-0.974071,0.224197,-0.45799,-1.36549,0.27936,-0.047184,-0.126642,-0.077602,0.743526,0.301382,1.281827,-0.184551,0.037797,-0.060923,-0.173335,-0.591108,0.051472,0.021597,-0.186161,-0.210683,-0.034877,-0.072743,0.677774,-0.459052,0.122428,-0.193888,-0.136759,-0.026224,0.542001,-0.341329,0.143156
0.079484016,-1.610209,0.95301205,-0.028096,-0.016213998,-0.282479,0.958725,-0.962486,0.215123,-0.45599,-1.357116,0.340807,-0.046725,-0.141052,-0.072059,0.697818,0.295826,1.279962,-0.199238,0.038724,-0.041654,-0.153216,-0.591557,0.043418,0.013663,-0.140201,-0.206269,-0.01491,-0.017124,0.674604,-0.452865,0.119324,-0.154133,-0.138167,-0.089802,0.50185,-0.327948,0.145582
0.08182901,-1.610806,0.95451003,-0.027113998,-0.013237001,-0.29470003,0.955113,-0.928476,0.204114,-0.438966,-1.341037,0.379754,-0.049674,-0.210586,-0.05965,0.713954,0.275313,1.271158,-0.224536,0.04171,-0.007142,-0.123928,-0.593176,0.035407,0.01159,-0.082895,-0.191857,-0.00148,0.047529,0.655955,-0.450288,0.120842,-0.125148,-0.139866,-0.13554,0.473543,-0.319844,0.14586
0.08484581,-1.611203,0.95531297,-0.02603107,-0.011657098,-0.31292287,0.94935036,-0.8804159,0.19484557,-0.41028777,-1.3161815,0.42784008,-0.053836748,-0.30324233,-0.046469804,0.7480369,0.2492256,1.2590138,-0.2588059,0.051750384,0.033696506,-0.0846074,-0.59514487,0.030036328,0.011333016,-0.021494748,-0.16980934,0.0026257494,0.09434314,0.62574583,-0.4519179,0.1256977,-0.10567319,-0.14308381,-0.16782403,0.45813295,-0.31758714,0.14640096
0.08849576,-1.611214,0.9557489,-0.02490507,-0.010944043,-0.3351106,0.9417864,-0.8232625,0.18729946,-0.3693615,-1.2799332,0.477047,-0.061400536,-0.385142,-0.038543485,0.75714344,0.22207366,1.2475747,-0.2979676,0.07830338,0.079880185,-0.055067804,-0.5969139,0.027455157,0.012402935,0.040043246,-0.15252106,-0.0014547509,0.10676824,0.6033264,-0.45247498,0.13320954,-0.09479966,-0.14768672,-0.18614589,0.45171538,-0.3189099,0.14584905
0.09264574,-1.61065,0.955719,-0.024024054,-0.010740015,-0.36129138,0.93208164,-0.75539714,0.18340623,-0.31593424,-1.2394954,0.49943262,-0.072297335,-0.4525129,-0.03510521,0.7632056,0.18960099,1.2376776,-0.3271842,0.11471477,0.11829265,-0.034790237,-0.5918283,0.027334008,0.014275885,0.10420608,-0.13988477,-0.0080095995,0.10594605,0.5891849,-0.45171705,0.13040417,-0.09269913,-0.15352964,-0.19315557,0.45536476,-0.32426366,0.14518403
0.096994,-1.609352,0.955211,-0.023573998,-0.010042001,-0.38964,0.9206111,-0.680845,0.18284,-0.253205,-1.199178,0.48551,-0.085582,-0.506544,-0.034881,0.77236,0.148803,1.230197,-0.332855,0.150586,0.146607,-0.022069,-0.585494,0.026461,0.017549,0.169495,-0.130989,-0.01485,0.100714,0.581798,-0.453127,0.125103,-0.09753,-0.160391,-0.190727,0.469453,-0.333967,0.145283
0.10211499,-1.607364,0.954445,-0.023053,-0.007649,-0.42144606,0.906528,-0.596797,0.181479,-0.178462,-1.161267,0.436731,-0.094264,-0.53835,-0.032622,0.787263,0.09471,1.224496,-0.309785,0.18029,0.163381,-0.013635,-0.581623,0.023623,0.024731,0.235168,-0.126081,-0.025693,0.10436,0.578464,-0.455059,0.125971,-0.119823,-0.170612,-0.166308,0.506985,-0.349751,0.142789
0.10737768,-1.6045581,0.9535851,-0.023948947,-0.006800052,-0.454019,0.890644,-0.50840837,0.18564175,-0.093484186,-1.131509,0.35903674,-0.10854313,-0.5606166,-0.04920399,0.77910745,0.029896954,1.2219481,-0.26775956,0.19435914,0.17124653,-0.0076783635,-0.58281994,0.027396768,0.033149485,0.29880112,-0.12394614,-0.03927817,0.11015165,0.57414526,-0.455224,0.13405551,-0.16340734,-0.18057339,-0.1186709,0.57476985,-0.35844445,0.14660378
0.113278635,-1.6013132,0.953412,-0.023715016,-0.0026842512,-0.48922488,0.8718311,-0.41095194,0.18112127,-0.006040337,-1.1136801,0.2683685,-0.10504521,-0.55264246,-0.05985835,0.78075093,-0.05006012,1.2250259,-0.20527482,0.1977118,0.17349985,-0.0073860176,-0.57690334,0.026221072,0.043319378,0.36501595,-0.120746195,-0.053979106,0.12528208,0.5642736,-0.4518482,0.14371641,-0.23648153,-0.18688163,-0.03605104,0.6784807,-0.34416085,0.16489889
0.11943498,-1.597511,0.953016,-0.022659,0.0014280007,-0.523661,0.8516241,-0.317111,0.173298,0.079239,-1.110761,0.15894,-0.093197,-0.528305,-0.074428,0.786342,-0.135013,1.233762,-0.134255,0.193136,0.175891,-0.009079,-0.567316,0.028118,0.047437,0.424882,-0.126869,-0.06491,0.143293,0.562459,-0.452257,0.154372,-0.31943,-0.180084,0.058735,0.781422,-0.312028,0.176124
0.124796,-1.593891,0.952393,-0.020939,0.005874,-0.55566597,0.8311211,-0.229939,0.165416,0.158867,-1.118925,0.030558,-0.078295,-0.503478,-0.093529,0.790214,-0.220306,1.250335,-0.056402,0.182618,0.175751,-0.013146,-0.561893,0.028521,0.050825,0.477805,-0.134351,-0.075471,0.162636,0.563753,-0.454095,0.16358,-0.407273,-0.157266,0.169566,0.886363,-0.25588,0.181113
0.12892975,-1.5909681,0.9510301,-0.018464155,0.009806761,-0.58395845,0.8115144,-0.15046085,0.1571875,0.22915371,-1.1327052,-0.11019941,-0.063547894,-0.46449938,-0.10454233,0.7915479,-0.30671173,1.2726386,0.02272917,0.15694557,0.17499304,-0.016896771,-0.56321585,0.024328258,0.051381968,0.5192024,-0.1457593,-0.07836082,0.18272978,0.5814669,-0.46491334,0.17093556,-0.48031554,-0.11364266,0.2793703,0.97774947,-0.19399877,0.18411082
0.131415,-1.588942,0.94959104,-0.01696,0.01365,-0.60397506,0.79670596,-0.090473,0.150302,0.284172,-1.145523,-0.244601,-0.053811,-0.398088,-0.116133,0.787104,-0.377065,1.29737,0.08637,0.129713,0.176095,-0.022519,-0.5634,0.019491,0.054174,0.544175,-0.155913,-0.07871,0.201113,0.599687,-0.475713,0.172977,-0.529498,-0.06826,0.362077,1.036432,-0.166593,0.196136
0.13246301,-1.587886,0.948559,-0.015684,0.016097002,-0.613698,0.789221,-0.060736,0.146572,0.319336,-1.155189,-0.359218,-0.047955,-0.307973,-0.113315,0.785865,-0.424034,1.314122,0.128738,0.107827,0.17358,-0.026165,-0.560811,0.016437,0.052626,0.549741,-0.167672,-0.074533,0.213443,0.61711,-0.485289,0.173525,-0.572788,-0.02538,0.418238,1.094731,-0.183824,0.210207
0.132093,-1.587637,0.94828796,-0.014652,0.016885,-0.61484814,0.788329,-0.0529,0.143115,0.335317,-1.160253,-0.454595,-0.04625,-0.223827,-0.115875,0.781031,-0.450225,1.321505,0.156194,0.091261,0.170609,-0.03326,-0.561881,0.012213,0.049085,0.543083,-0.173038,-0.067469,0.21916,0.62778,-0.490888,0.172112,-0.598714,0.005227,0.444727,1.131946,-0.213862,0.207993
0.13070618,-1.587459,0.9487599,-0.013637124,0.018050859,-0.6075508,0.7939592,-0.07036887,0.14157517,0.33047956,-1.1611959,-0.528263,-0.04674894,-0.15713015,-0.1232311,0.7704593,-0.45877796,1.3169094,0.1782923,0.08024334,0.16324691,-0.04139501,-0.5624349,0.0078285355,0.048452076,0.5200138,-0.17294602,-0.06602217,0.22342248,0.6264022,-0.48971316,0.17301589,-0.61400616,0.018875334,0.4538929,1.1465582,-0.24753788,0.19845515
0.12876402,-1.587802,0.949655,-0.012787,0.016843002,-0.59267604,0.805163,-0.105709,0.141133,0.309499,-1.159583,-0.569707,-0.04856,-0.108124,-0.134021,0.757899,-0.450051,1.300013,0.188384,0.070116,0.157613,-0.047697,-0.563782,0.005056,0.047438,0.484565,-0.163857,-0.067972,0.22505,0.614375,-0.483982,0.174586,-0.611677,0.020465,0.450586,1.138914,-0.276311,0.180032
0.126162,-1.588604,0.950784,-0.012449002,0.014431,-0.570373,0.821165,-0.160058,0.141591,0.272688,-1.155498,-0.5792,-0.050792,-0.069548,-0.140204,0.753991,-0.423293,1.272684,0.187332,0.062184,0.149939,-0.05585,-0.563816,0.004276,0.042374,0.432547,-0.155645,-0.065555,0.225375,0.602106,-0.478223,0.174321,-0.600997,0.013583,0.432016,1.110518,-0.302643,0.154991
0.1236218,-1.5904212,0.952691,-0.011187948,0.012363779,-0.54121566,0.84071857,-0.23063062,0.14190248,0.21895419,-1.153262,-0.5635909,-0.053850695,-0.034451418,-0.14562127,0.74894583,-0.3759035,1.2366354,0.17433736,0.060153034,0.13571708,-0.062309425,-0.56027174,0.0012819804,0.033523414,0.3696663,-0.1436961,-0.06083278,0.22348651,0.5833999,-0.4696985,0.17286989,-0.57505757,-0.00057635456,0.40053633,1.0567526,-0.32739004,0.13428918
0.120315194,-1.5934398,0.95429885,-0.010359053,0.008741222,-0.5022403,0.8646215,-0.32284036,0.14956452,0.14021681,-1.151865,-0.52957207,-0.048854306,0.007868417,-0.15001273,0.74609315,-0.3021055,1.1946425,0.14736764,0.060711965,0.12064892,-0.06928857,-0.55631524,0.00096101954,0.023948586,0.29292968,-0.1291309,-0.05727322,0.21534449,0.56399316,-0.46135852,0.1710931,-0.53482044,-0.022766646,0.3564877,0.9842204,-0.34436095,0.12077083
0.11642524,-1.5979998,0.9554669,-0.00906108,0.0048062406,-0.45441702,0.89073056,-0.4324533,0.15991637,0.04776764,-1.1588507,-0.47118258,-0.048842,0.05028341,-0.15415575,0.74219424,-0.20333701,1.1528926,0.09903395,0.06294486,0.10727281,-0.0759336,-0.5434228,0.00076801184,0.012322709,0.20534936,-0.11636678,-0.05215831,0.19948797,0.5514508,-0.4565863,0.16866615,-0.48101828,-0.04719751,0.30271327,0.8949835,-0.35132155,0.11544732
0.11189128,-1.6041976,0.95585096,-0.008400042,0.0013772098,-0.39676562,0.91788054,-0.5626151,0.1663886,-0.060609385,-1.1792847,-0.389058,-0.048905995,0.08934061,-0.15372801,0.74333894,-0.07829563,1.1250237,0.020943766,0.063041,0.084570386,-0.08205963,-0.54079914,0.001324966,0.004113501,0.1054391,-0.1064926,-0.04925118,0.17630042,0.5468933,-0.45567006,0.16622014,-0.4172099,-0.0735224,0.24278167,0.7938191,-0.33588594,0.12499442
0.10674201,-1.612294,0.955299,-0.0091470005,-0.002636,-0.334314,0.9424139,-0.700729,0.176018,-0.170238,-1.213339,-0.282543,-0.051733,0.125922,-0.156143,0.742376,0.058672,1.122671,-0.068547,0.057892,0.050215,-0.093947,-0.544584,0.001455,0.00258,0.003737,-0.094993,-0.050193,0.147904,0.547873,-0.457506,0.162854,-0.342007,-0.101904,0.173261,0.684964,-0.281823,0.136692
0.102366254,-1.6211654,0.95456207,-0.0117848385,-0.0070297313,-0.2737197,0.96171194,-0.82592034,0.1955288,-0.2668791,-1.2584022,-0.16814998,-0.05750965,0.14932758,-0.1625176,0.7415001,0.19046195,1.1487705,-0.15348881,0.052455336,0.010207442,-0.110939965,-0.55373347,0.0071016555,0.0023200158,-0.08149779,-0.09514799,-0.047785144,0.104559645,0.56036925,-0.46205074,0.16002618,-0.2696424,-0.12357568,0.08240854,0.5977023,-0.30522457,0.12483072
0.098893225,-1.6301124,0.95361114,-0.015631767,-0.009002883,-0.22001131,0.97533023,-0.92369103,0.22754805,-0.3459252,-1.3051442,-0.06685418,-0.06592349,0.14518525,-0.16473886,0.73702323,0.2987724,1.1960981,-0.23852581,0.047762282,-0.031882435,-0.123663224,-0.56259745,0.015961459,0.004628859,-0.14268827,-0.116506696,-0.043380268,0.043149747,0.5915861,-0.47127044,0.15698518,-0.22547168,-0.13246945,0.005259709,0.5570755,-0.32513377,0.12894775
0.096271,-1.63668,0.95315796,-0.019087,-0.010287,-0.18318902,0.982839,-0.995443,0.242842,-0.397071,-1.342837,0.006968,-0.076212,0.10443,-0.161959,0.733133,0.367761,1.244843,-0.305482,0.044714,-0.078433,-0.139755,-0.576947,0.022209,0.008491,-0.159933,-0.136708,-0.044635,-0.025499,0.616149,-0.474405,0.154041,-0.204454,-0.13732,-0.05536,0.555248,-0.337215,0.127807
0.094624996,-1.639566,0.9535171,-0.021086,-0.010390001,-0.16448198,0.9861,-1.033262,0.255051,-0.423722,-1.367313,0.05984,-0.087138,0.039546,-0.160746,0.72855,0.400021,1.279901,-0.345734,0.044346,-0.107537,-0.15404,-0.594891,0.02355,0.002861,-0.139096,-0.154821,-0.037194,-0.089854,0.63906,-0.47617,0.144705,-0.172207,-0.135048,-0.131271,0.533391,-0.334917,0.125475
0.09416802,-1.6398399,0.95443386,-0.021210993,-0.008480117,-0.16071722,0.986736,-1.0355989,0.25899577,-0.43386337,-1.3774225,0.10277938,-0.093045644,-0.033737525,-0.15308246,0.72751105,0.40523568,1.296616,-0.36463085,0.047215823,-0.098418556,-0.14815736,-0.6028735,0.01914127,-0.004360559,-0.09344778,-0.1680072,-0.032682277,-0.14211582,0.65261716,-0.47420612,0.13795242,-0.13908401,-0.13392206,-0.20259665,0.5020179,-0.32407466,0.13079168
0.094388984,-1.6380352,0.95526093,-0.020776026,-0.0056931702,-0.17207633,0.984848,-1.0071367,0.25501725,-0.42844537,-1.3684075,0.14636834,-0.09427593,-0.11198223,-0.13620302,0.7244012,0.38798803,1.2981069,-0.37890613,0.05575848,-0.049588982,-0.12751026,-0.6044279,0.01061152,-0.009174706,-0.024017237,-0.17533855,-0.033954922,-0.1830785,0.6599965,-0.47115117,0.13525017,-0.111183695,-0.13315906,-0.26004648,0.4761476,-0.31494156,0.13651265
0.094961,-1.635712,0.956397,-0.020488001,-0.0012469997,-0.191286,0.98132,-0.96338,0.247342,-0.411685,-1.343528,0.211343,-0.098199,-0.200361,-0.11514,0.727802,0.36133,1.295285,-0.397811,0.080168,0.015757,-0.095602,-0.599569,0.000342,-0.006014,0.050371,-0.177058,-0.042185,-0.212298,0.655455,-0.463316,0.134168,-0.097981,-0.13798,-0.294441,0.463718,-0.310333,0.138197
0.095915996,-1.632407,0.9574009,-0.021382,0.0028480005,-0.21664101,0.976013,-0.909809,0.243294,-0.383022,-1.307856,0.28178,-0.104419,-0.29973,-0.09358,0.737598,0.331721,1.292802,-0.412241,0.12349,0.087442,-0.065824,-0.596107,-0.005524,0.002652,0.126305,-0.177946,-0.052982,-0.233133,0.645861,-0.453743,0.133442,-0.099705,-0.147194,-0.312263,0.464231,-0.308564,0.137146
0.09759079,-1.6281916,0.9585588,-0.0230428,0.0070424885,-0.24760224,0.968562,-0.8456958,0.24277006,-0.34069517,-1.2630185,0.35790572,-0.1100883,-0.3946824,-0.07865082,0.7449561,0.29623637,1.2914933,-0.40542585,0.17794536,0.14294522,-0.042165887,-0.5950211,-0.009324537,0.0120298555,0.20123786,-0.17831495,-0.0603611,-0.2421209,0.6329026,-0.44326627,0.13231613,-0.12292717,-0.15818366,-0.30354306,0.49516222,-0.30528942,0.1362991
0.099894986,-1.622823,0.959728,-0.024427002,0.01228,-0.28124398,0.959247,-0.774153,0.242775,-0.291027,-1.218864,0.412118,-0.11469,-0.484475,-0.068688,0.763089,0.253723,1.288589,-0.368155,0.230305,0.176335,-0.02803,-0.599984,-0.01376,0.021264,0.270135,-0.179889,-0.067216,-0.239145,0.620194,-0.432989,0.134994,-0.165782,-0.171379,-0.271085,0.551848,-0.295723,0.146357
0.102439,-1.616408,0.9603909,-0.027015,0.017994,-0.317707,0.947633,-0.693235,0.244561,-0.234197,-1.176264,0.432207,-0.111695,-0.553727,-0.066541,0.784291,0.197024,1.284085,-0.299956,0.264444,0.190517,-0.020811,-0.600958,-0.019469,0.032283,0.335006,-0.183886,-0.072885,-0.228364,0.614646,-0.426224,0.139807,-0.227323,-0.179933,-0.208308,0.63144,-0.278518,0.149791
0.104709856,-1.6093035,0.9604729,-0.029528847,0.024492605,-0.35867947,0.9326719,-0.5992907,0.2396643,-0.16667311,-1.1379553,0.39986998,-0.10278654,-0.6044239,-0.07463051,0.79816616,0.12178359,1.2795402,-0.20367488,0.27751023,0.20045139,-0.022679886,-0.5925965,-0.023045782,0.046421137,0.40224388,-0.19323143,-0.08318438,-0.21116905,0.613876,-0.42061037,0.14915544,-0.31507167,-0.18239185,-0.10930304,0.7347577,-0.24530703,0.15239485
0.10714311,-1.6014085,0.9586648,-0.033088174,0.033400357,-0.3960924,0.9170061,-0.5049502,0.20650476,-0.10573937,-1.1070275,0.3291399,-0.08629817,-0.62768996,-0.08344876,0.8117165,0.042367455,1.2805706,-0.106345266,0.27811345,0.20398729,-0.031179817,-0.5833454,-0.028146919,0.06569495,0.45453605,-0.21275719,-0.098692626,-0.18894723,0.63417226,-0.4259024,0.16135257,-0.42073193,-0.17088254,0.01768028,0.8552904,-0.19476996,0.15450408
0.108934894,-1.5946724,0.9564811,-0.03596783,0.039201647,-0.43471366,0.8989961,-0.40991977,0.18637024,-0.029912628,-1.0833775,0.22898512,-0.072604835,-0.64385104,-0.09588924,0.81943053,-0.048500452,1.2915004,-0.012282741,0.25312355,0.20882371,-0.044577185,-0.5902236,-0.026805082,0.08127204,0.5045679,-0.23229481,-0.10887437,-0.15997978,0.6539397,-0.43229163,0.17089942,-0.5179751,-0.13072346,0.15329772,0.9606646,-0.12857004,0.13942793
0.110284925,-1.5891223,0.95369816,-0.04023074,0.043232754,-0.46849698,0.881489,-0.328035,0.17857948,0.04429447,-1.0694798,0.114917964,-0.05694496,-0.6483177,-0.11754068,0.81567127,-0.1336818,1.3130507,0.063177384,0.21314144,0.21160582,-0.057257224,-0.5942278,-0.02007141,0.097784996,0.5434297,-0.25159284,-0.116485536,-0.1285689,0.67520577,-0.44107145,0.17877452,-0.59156346,-0.08100903,0.26380327,1.0368334,-0.095863,0.15131126
0.110882,-1.584912,0.95137405,-0.043725997,0.046575,-0.494519,0.866816,-0.261259,0.169645,0.110505,-1.063445,0.006927,-0.05027,-0.628574,-0.167318,0.799857,-0.206811,1.339529,0.114403,0.165323,0.204651,-0.06846,-0.602345,-0.012198,0.107654,0.569569,-0.273328,-0.118247,-0.101865,0.69495,-0.448634,0.182268,-0.660531,-0.027928,0.344718,1.120628,-0.105235,0.165601
0.110746995,-1.581735,0.949561,-0.046853997,0.04861,-0.51153094,0.85660803,-0.215375,0.16295,0.159443,-1.065077,-0.095992,-0.0422,-0.568511,-0.18185,0.800111,-0.261905,1.363904,0.146568,0.118229,0.194884,-0.078408,-0.602399,-0.006287,0.113809,0.577136,-0.290355,-0.114353,-0.076908,0.711528,-0.455836,0.183954,-0.711906,0.025611,0.402006,1.190206,-0.124476,0.155262
0.11013004,-1.5791851,0.94841003,-0.04756896,0.049503952,-0.5199375,0.85144126,-0.19132146,0.1580773,0.18703732,-1.0736744,-0.1975028,-0.039619155,-0.47742155,-0.18783064,0.7978801,-0.3024905,1.378085,0.1776281,0.076266564,0.18925834,-0.08588654,-0.5968453,-0.0021592518,0.11238408,0.5681855,-0.30610004,-0.10844436,-0.05580229,0.7244892,-0.4614297,0.18507393,-0.7508596,0.06850238,0.43374407,1.2425798,-0.1425799,0.14826143
0.10896707,-1.5775021,0.948151,-0.047569,0.049504004,-0.519938,0.85144097,-0.191412,0.15422322,0.19587247,-1.0854553,-0.29429406,-0.038378075,-0.3757482,-0.18682405,0.79575014,-0.32050094,1.3825268,0.20229149,0.053228408,0.18516725,-0.10000614,-0.58874345,-0.001931014,0.111137085,0.5446454,-0.3126496,-0.103562295,-0.037635107,0.72846574,-0.46364486,0.18720587,-0.7726427,0.09284051,0.44222945,1.275569,-0.16101886,0.1416354
0.10689901,-1.576967,0.948355,-0.045943998,0.050293006,-0.510112,0.857406,-0.218179,0.150868,0.182812,-1.096483,-0.365897,-0.03856,-0.279738,-0.189471,0.789249,-0.319434,1.3756,0.21708,0.041928,0.178406,-0.117516,-0.578002,-0.001845,0.11028,0.503576,-0.314601,-0.102493,-0.020011,0.725306,-0.462405,0.19009,-0.785034,0.101772,0.440021,1.295627,-0.177773,0.124168
0.104235,-1.576514,0.94922,-0.043254,0.051296,-0.487983,0.870271,-0.281172,0.147511,0.142365,-1.111252,-0.408892,-0.039202,-0.210648,-0.191671,0.785269,-0.295261,1.353054,0.2238,0.039512,0.158695,-0.136363,-0.560541,-0.006989,0.109152,0.435168,-0.311603,-0.104079,-0.002562,0.716158,-0.458743,0.195767,-0.788619,0.095089,0.426118,1.300495,-0.1881,0.108931
0.10161116,-1.5774019,0.95000595,-0.039953202,0.051132012,-0.45561302,0.88781,-0.36718276,0.15055081,0.083991565,-1.1313858,-0.4281538,-0.0408359,-0.15766424,-0.19603273,0.78587496,-0.24873084,1.320794,0.23086756,0.037710108,0.122188225,-0.16257441,-0.53872633,-0.008478909,0.10785607,0.34651738,-0.30751324,-0.11018363,0.015663888,0.70248485,-0.4539553,0.20292957,-0.7873141,0.069413565,0.40018657,1.2908756,-0.19159278,0.098007664
0.099362,-1.579922,0.951002,-0.036788,0.05135599,-0.41226703,0.90887,-0.478596,0.155447,0.007364,-1.156065,-0.423201,-0.04348,-0.106147,-0.209169,0.789656,-0.175664,1.285791,0.24207,0.037321,0.067264,-0.18974,-0.510727,-0.009461,0.110578,0.236704,-0.29955,-0.121507,0.035357,0.680044,-0.445981,0.211616,-0.783115,0.02365,0.357478,1.270575,-0.205451,0.072172
0.097095005,-1.58405,0.95140505,-0.033660997,0.050208993,-0.357275,0.9320409,-0.616439,0.163844,-0.075417,-1.192706,-0.363899,-0.057268,-0.05522,-0.216427,0.797423,-0.073979,1.254866,0.255854,0.037952,-0.003689,-0.219439,-0.475209,-0.016236,0.116126,0.101914,-0.282595,-0.134936,0.059404,0.657052,-0.441717,0.221557,-0.764715,-0.039917,0.296448,1.238266,-0.227515,0.043197
0.095249,-1.590049,0.951769,-0.030466,0.048577,-0.29972404,0.9523011,-0.757536,0.171973,-0.148573,-1.240074,-0.308099,-0.082605,-0.014369,-0.226637,0.819354,0.038081,1.238849,0.259858,0.038889,-0.074538,-0.254239,-0.44502,-0.029923,0.123428,-0.034238,-0.254739,-0.150762,0.0851,0.626947,-0.436001,0.230541,-0.730967,-0.114717,0.220788,1.195402,-0.247487,0.019231
0.09513802,-1.597444,0.951878,-0.02772234,0.046453264,-0.24878326,0.9670473,-0.87633646,0.17794228,-0.19712506,-1.2926806,-0.28970724,-0.12044538,0.02952264,-0.2478854,0.8400715,0.14523092,1.2420007,0.23998943,0.040872756,-0.13675041,-0.2850522,-0.44710976,-0.041188624,0.12899232,-0.15082675,-0.22800426,-0.16581817,0.10722429,0.5964907,-0.43164054,0.23831107,-0.6867804,-0.18586431,0.13946494,1.1400908,-0.25719583,0.0037048957
0.096441,-1.605004,0.95194006,-0.025058998,0.043312997,-0.21466099,0.975406,-0.951429,0.177268,-0.215092,-1.335417,-0.3118,-0.161062,0.084032,-0.274024,0.854138,0.226597,1.254545,0.209858,0.042373,-0.185321,-0.299295,-0.472697,-0.048259,0.129526,-0.220672,-0.202379,-0.175767,0.117437,0.57123,-0.428873,0.242508,-0.628258,-0.24726,0.048139,1.076383,-0.251052,-0.004748
0.098385885,-1.6116966,0.95157707,-0.023309104,0.03973922,-0.19772501,0.97917473,-0.9849169,0.1739952,-0.20986931,-1.3674341,-0.36367783,-0.20820913,0.14832507,-0.30421016,0.86273354,0.28247058,1.268846,0.18561849,0.049783546,-0.21518418,-0.29336736,-0.5113436,-0.050378874,0.12902005,-0.24588346,-0.18162227,-0.18174864,0.11606208,0.55667686,-0.4304079,0.24255998,-0.5638579,-0.296259,-0.046601214,1.0173926,-0.25047204,0.003689485
0.10120723,-1.6175834,0.95153797,-0.021452963,0.035740912,-0.1946197,0.97999305,-0.98892707,0.16516723,-0.17703299,-1.39112,-0.41153598,-0.2775411,0.20937581,-0.31325468,0.8638284,0.31740367,1.2773671,0.16325523,0.056931194,-0.20755607,-0.26368603,-0.51453763,-0.047256716,0.12536094,-0.24068807,-0.16044898,-0.18128668,0.11459295,0.54072136,-0.43011916,0.23549238,-0.49432725,-0.33352947,-0.15420268,0.9647589,-0.30128327,0.039629802
0.10510276,-1.6230587,0.95152295,-0.020773046,0.034117106,-0.20588633,0.9777604,-0.9582879,0.15248477,-0.062350005,-1.4224191,-0.42786002,-0.4922739,0.2064192,-0.2591883,0.8541126,0.3286843,1.2802409,0.13417977,0.060127806,-0.17571494,-0.23139396,-0.50848734,-0.042621285,0.12438406,-0.20931493,-0.143781,-0.17603832,0.113727055,0.52998865,-0.43266785,0.22543262,-0.41659975,-0.35723653,-0.28023332,0.89713514,-0.3551067,0.0691762
0.10930476,-1.6282107,0.951077,-0.022747884,0.035653904,-0.23594816,0.9708443,-0.8824246,0.13727894,0.089328736,-1.4416218,-0.41895053,-0.7470744,0.14389081,-0.18020383,0.854504,0.31143004,1.278413,0.10895953,0.06419575,-0.13660638,-0.20323172,-0.5177215,-0.034326505,0.13377641,-0.15162751,-0.13707142,-0.16826348,0.12303843,0.52648324,-0.44013855,0.21283476,-0.367683,-0.35835093,-0.3542055,0.848979,-0.40137815,0.076200575
0.11257178,-1.6328957,0.951427,-0.02319997,0.035480004,-0.26375932,0.9636564,-0.8202918,0.12490576,0.17385384,-1.4584749,-0.44304454,-0.88651246,0.11665366,-0.16781276,0.8730749,0.2969279,1.2754953,0.06605062,0.07307946,-0.10013123,-0.17174892,-0.550488,-0.027681407,0.13351801,-0.109865546,-0.12324984,-0.15269995,0.14525364,0.5165396,-0.44516668,0.19728795,-0.31728506,-0.34561878,-0.4146533,0.7931684,-0.43022525,0.08479347
0.11534801,-1.637258,0.9519011,-0.024087,0.034331,-0.291355,0.955695,-0.773817,0.126299,0.236972,-1.487681,-0.488796,-1.007471,0.106781,-0.184797,0.889126,0.284143,1.273618,0.001885,0.089835,-0.056604,-0.132173,-0.571277,-0.022847,0.128623,-0.082017,-0.10629,-0.129968,0.179771,0.509172,-0.452708,0.181509,-0.286905,-0.319498,-0.422219,0.76261,-0.441053,0.090635
0.11713188,-1.6416106,0.9524449,-0.025158936,0.033394065,-0.31578952,0.9479076,-0.73521835,0.13382153,0.2890068,-1.5129344,-0.5257438,-1.137977,0.10762995,-0.20137098,0.8978845,0.27922928,1.2757679,-0.07641923,0.121969044,-0.005307131,-0.07932922,-0.5704551,-0.019707192,0.12234939,-0.070229724,-0.0915509,-0.10368961,0.22592919,0.5042903,-0.45952758,0.16142823,-0.2718419,-0.286611,-0.3995514,0.74179626,-0.44294488,0.095531695
0.11808894,-1.6458578,0.95213395,-0.026963888,0.03079116,-0.33782867,0.94031745,-0.7074477,0.14684321,0.33464622,-1.5179938,-0.541663,-1.2786155,0.1125337,-0.21811698,0.9044726,0.28794146,1.2845054,-0.15728107,0.17664365,0.044649947,-0.014378965,-0.5601506,-0.015696246,0.120680094,-0.07211488,-0.084773414,-0.08157935,0.27602795,0.51741314,-0.46486968,0.13933834,-0.26785722,-0.2588887,-0.35716358,0.7325796,-0.44714972,0.09704791
0.117944,-1.650304,0.95265794,-0.029286003,0.028248003,-0.35805497,0.93281305,-0.682977,0.161073,0.372325,-1.5182,-0.552155,-1.44429,0.129835,-0.22898,0.894322,0.309077,1.303943,-0.214824,0.258352,0.074782,0.062565,-0.555258,-0.011635,0.127008,-0.081573,-0.095775,-0.06268,0.31188,0.565514,-0.44933,0.1019,-0.268899,-0.239759,-0.308439,0.724603,-0.448201,0.089948
0.11672899,-1.654141,0.953158,-0.031909004,0.025178002,-0.37670803,0.92544,-0.664204,0.17397,0.397978,-1.518262,-0.558479,-1.637166,0.150474,-0.217841,0.869365,0.34185,1.329186,-0.231287,0.363507,0.075469,0.144751,-0.56876,-0.00736,0.138126,-0.094196,-0.122291,-0.04319,0.333205,0.642104,-0.418625,0.063393,-0.272797,-0.228875,-0.258054,0.720523,-0.448481,0.085948
0.114943996,-1.656669,0.95389193,-0.033981003,0.021989997,-0.39497,0.91780204,-0.640455,0.183515,0.399092,-1.518283,-0.566109,-1.846975,0.165794,-0.186447,0.825834,0.380093,1.349333,-0.203642,0.480597,0.061007,0.223809,-0.591717,-0.001345,0.14968,-0.101604,-0.169594,-0.013872,0.336624,0.746235,-0.360466,-0.00052,-0.279623,-0.222926,-0.211057,0.716675,-0.446035,0.082604
0.112828135,-1.6577059,0.95396507,-0.033971995,0.017999247,-0.41474676,0.9091245,-0.6097079,0.18762475,0.3641731,-1.51828,-0.5786252,-2.0489116,0.18265097,-0.1555989,0.76307386,0.4195636,1.3563486,-0.15037225,0.6058144,0.048638757,0.2972315,-0.61668754,0.0046106367,0.15858245,-0.09797321,-0.24231055,0.008075661,0.2806144,0.8836196,-0.28223878,-0.07137467,-0.29072234,-0.22466789,-0.16854559,0.7221067,-0.44635496,0.08124008
0.111197,-1.65709,0.9530141,-0.031372,0.013190999,-0.434388,0.90008307,-0.573589,0.184611,0.266812,-1.518225,-0.594606,-2.102807,0.21018,-0.214731,0.709163,0.459816,1.350527,-0.092478,0.733164,0.041536,0.364,-0.635804,0.011485,0.163548,-0.086541,-0.316819,0.001907,0.173357,0.991621,-0.188822,-0.126172,-0.311668,-0.233048,-0.126046,0.739938,-0.450226,0.082667
0.109462,-1.655901,0.950534,-0.026336,0.0069060004,-0.455636,0.88975,-0.530529,0.178004,0.130252,-1.51763,-0.601558,-2.102983,0.242847,-0.309893,0.649464,0.496092,1.337333,-0.042063,0.858875,0.034793,0.419806,-0.650023,0.021205,0.161205,-0.063998,-0.369502,0.005745,0.101099,1.050249,-0.118105,-0.15392,-0.341284,-0.239429,-0.082406,0.77166,-0.461014,0.081556
0.106731735,-1.6544008,0.9473928,-0.019107483,-0.0007734838,-0.47742435,0.87846535,-0.4779727,0.17084962,-0.03449751,-1.4743441,-0.5794395,-2.103024,0.25632584,-0.3536247,0.6028706,0.52743953,1.3227564,0.002197212,0.97986394,0.022302726,0.45910648,-0.658975,0.027088145,0.14663388,-0.036095224,-0.40553096,0.04745674,0.07064862,1.0908742,-0.112211585,-0.16667084,-0.36381018,-0.23361725,-0.043523695,0.8051001,-0.47414485,0.07554832
0.10243101,-1.653201,0.944149,-0.010596,-0.008687,-0.499185,0.866387,-0.423739,0.164696,-0.223084,-1.36228,-0.522922,-2.103037,0.237287,-0.332016,0.579285,0.55279,1.313242,0.038435,1.092289,0.017815,0.48292,-0.658767,0.029487,0.128365,-0.006974,-0.43815,0.108717,0.04812,1.127694,-0.138125,-0.131394,-0.383145,-0.22125,-0.005719,0.839177,-0.488,0.064491
0.096919335,-1.652802,0.9404363,-0.002283507,-0.017605456,-0.5193067,0.8544037,-0.37362206,0.16123922,-0.43150127,-1.2368846,-0.44549075,-2.103038,0.21948108,-0.26581204,0.5688366,0.5776305,1.312646,0.06404544,1.1941928,0.028352357,0.49150348,-0.659354,0.033232775,0.11126805,0.01611159,-0.45824578,0.17501995,0.029252153,1.127856,-0.15887973,-0.083420925,-0.40385774,-0.20911974,0.031377736,0.8753648,-0.5029181,0.05373766
0.09153434,-1.65307,0.9368872,0.00641447,-0.026620457,-0.5393339,0.8416469,-0.324191,0.15587233,-0.644795,-1.1152304,-0.35501152,-2.103031,0.19842328,-0.17691742,0.56363827,0.60027355,1.3173058,0.085009724,1.2830036,0.03792942,0.4933849,-0.65503424,0.036742784,0.09674588,0.040764496,-0.46077082,0.23471336,0.013831941,1.0858805,-0.15689611,-0.035984896,-0.42236486,-0.1976657,0.0706446,0.9101409,-0.5183731,0.04194772
0.087142855,-1.653486,0.93307984,0.015956659,-0.035420526,-0.5614456,0.82660097,-0.2681001,0.14693932,-0.8487716,-1.0041809,-0.25417086,-2.103013,0.16618733,-0.08243511,0.5638533,0.61512554,1.321139,0.10977853,1.3572661,0.0376203,0.5029229,-0.6448999,0.040704332,0.08269821,0.070426136,-0.44664326,0.28526062,0.005011564,1.0052933,-0.13007005,-0.008250219,-0.44273445,-0.18673766,0.1130768,0.9464892,-0.53462195,0.031554654
0.08482415,-1.653786,0.9293182,0.026693348,-0.043951485,-0.5858215,0.80880725,-0.20474187,0.13593668,-1.0375875,-0.9042421,-0.15389512,-2.102977,0.13892166,0.014128106,0.56808573,0.6240185,1.320913,0.13474448,1.424753,0.042471703,0.5013001,-0.64302313,0.04614367,0.06964279,0.10551386,-0.41848573,0.3114804,-0.018518563,0.8941907,-0.081883945,0.0045522186,-0.46692953,-0.18124434,0.1588922,0.9825408,-0.55007607,0.025859348
0.084587015,-1.653636,0.92539924,0.0397462,-0.052895457,-0.6124184,0.7877603,-0.13402732,0.12234683,-1.2039409,-0.8124656,-0.059787743,-2.102889,0.116131395,0.102952585,0.5710268,0.623664,1.3118335,0.15633869,1.4857252,0.06267277,0.5024049,-0.63515246,0.053954523,0.052720033,0.14544256,-0.38214222,0.31037906,-0.08351503,0.7649539,-0.0102793705,0.0022151428,-0.49782008,-0.17863615,0.20894295,1.0190147,-0.5642601,0.025611015
0.086034,-1.652393,0.921005,0.053692997,-0.061455995,-0.63764495,0.76599604,-0.063875,0.108773,-1.352927,-0.741784,0.03809,-2.101185,0.08909,0.178302,0.577975,0.618279,1.300738,0.169703,1.540885,0.085294,0.509677,-0.626211,0.061682,0.033432,0.179308,-0.343619,0.298327,-0.183495,0.637655,0.086404,-0.03837,-0.536195,-0.173992,0.2661,1.057327,-0.576717,0.029676
0.08860401,-1.650066,0.915765,0.068534,-0.069306,-0.6619711,0.74316496,0.006872,0.096067,-1.513106,-0.688131,0.150138,-2.015756,0.056257,0.19111,0.595618,0.608283,1.291488,0.180858,1.593691,0.08785,0.51437,-0.614282,0.068843,0.013779,0.20938,-0.312626,0.277399,-0.320883,0.534422,0.203411,-0.089684,-0.583533,-0.167059,0.331448,1.100572,-0.588864,0.035377
0.091301836,-1.6467192,0.91024435,0.08357009,-0.076882534,-0.6832667,0.72128445,0.07265298,0.082938805,-1.677425,-0.6699501,0.26085424,-1.8544838,0.038401093,0.16017589,0.60768926,0.5971427,1.2891771,0.19183333,1.642979,0.07490479,0.5115422,-0.6207616,0.075141616,-0.0048028654,0.23183963,-0.29755694,0.24225014,-0.49797717,0.4805413,0.29923216,-0.12943357,-0.6349859,-0.15924248,0.39936486,1.1425744,-0.59769547,0.044958416
0.09388384,-1.6432742,0.90438336,0.0983811,-0.083867565,-0.70282775,0.6995144,0.1332193,0.07021377,-1.8187984,-0.6654343,0.3522134,-1.690354,0.03574516,0.10218754,0.6121607,0.5839898,1.2957627,0.2100639,1.6893362,0.060375888,0.49269617,-0.66532433,0.08148761,-0.020708028,0.2502289,-0.297347,0.19696076,-0.6678966,0.48357183,0.34448823,-0.15797426,-0.6904076,-0.15210544,0.46656388,1.1842974,-0.60455257,0.054852396
0.096176006,-1.640112,0.897972,-0.11244499,0.089854,0.71974796,-0.679151,0.190707,0.057107,-1.944158,-0.676455,0.422158,-1.518112,0.020751,0.034503,0.605205,0.573721,1.304285,0.226659,1.735463,0.061531,0.46881,-0.702301,0.083529,-0.039223,0.260219,-0.306865,0.173571,-0.706259,0.521575,0.313421,-0.201857,-0.740204,-0.129991,0.530708,1.227029,-0.610959,0.064101
0.09854501,-1.637502,0.891169,-0.126014,0.094004996,0.734135,-0.66055197,0.241729,0.042926,-2.060244,-0.698804,0.470632,-1.340645,0.01107,-0.029366,0.597278,0.564035,1.30981,0.237606,1.777963,0.070118,0.447593,-0.719759,0.078996,-0.057804,0.260397,-0.306127,0.177996,-0.644695,0.548446,0.263087,-0.252848,-0.782139,-0.093465,0.594255,1.271331,-0.618007,0.07114
0.100443885,-1.6356721,0.88459444,-0.13853826,0.09777777,0.7458383,-0.64418304,0.28495234,0.030340768,-2.1638746,-0.7265133,0.5013152,-1.1634407,0.017092632,-0.09538398,0.5876146,0.5613202,1.3280549,0.2426567,1.8148327,0.08511908,0.43185598,-0.7347821,0.07111548,-0.07350605,0.25620824,-0.29222485,0.19418302,-0.54917186,0.5571205,0.20540254,-0.2826182,-0.8139601,-0.056931227,0.6500546,1.3124394,-0.6261015,0.07760861
0.10155101,-1.634358,0.878877,-0.149492,0.100085,0.75479305,-0.6308119,0.318686,0.018493,-2.26447,-0.762086,0.520722,-0.974357,0.033334,-0.15807,0.568531,0.562973,1.355338,0.247662,1.840696,0.101848,0.41611,-0.756096,0.061345,-0.083679,0.249253,-0.27627,0.206682,-0.462223,0.564227,0.155878,-0.288107,-0.84378,-0.032103,0.690469,1.346657,-0.630817,0.084725
0.101935,-1.633407,0.87402105,-0.15848298,0.101379,0.762136,-0.6194789,0.348127,0.008953,-2.363446,-0.802717,0.533851,-0.767198,0.05048,-0.225989,0.54415,0.565177,1.38772,0.253621,1.856668,0.117598,0.408246,-0.765242,0.052073,-0.091259,0.24342,-0.265282,0.214467,-0.392062,0.576983,0.107326,-0.27336,-0.865054,-0.004471,0.724488,1.37624,-0.635838,0.08604
0.101834,-1.6326051,0.870034,-0.165691,0.10230901,0.76741505,-0.6108629,0.372069,0.004121,-2.453302,-0.842358,0.544537,-0.554974,0.054833,-0.293072,0.522968,0.566814,1.414699,0.257458,1.867661,0.141067,0.403283,-0.762061,0.043303,-0.099615,0.24108,-0.269064,0.219362,-0.340007,0.60929,0.068104,-0.242595,-0.879193,0.019836,0.74662,1.399939,-0.639337,0.088349
0.10139005,-1.6316621,0.8662585,-0.17183624,0.103427865,0.7711906,-0.60418487,0.38931587,0.001515318,-2.5205517,-0.8629745,0.5732465,-0.37889248,0.038812954,-0.34251496,0.5037493,0.56542116,1.4331298,0.2616615,1.8797444,0.16930556,0.39980942,-0.7465359,0.03520199,-0.11199549,0.24391566,-0.29508182,0.22320953,-0.30101377,0.6735512,0.034076158,-0.2040667,-0.88940877,0.041904308,0.7561978,1.4209675,-0.6434035,0.08899893
0.100280076,-1.630492,0.86264324,-0.17669971,0.104967915,0.77243096,-0.60092425,0.3974405,-0.00014089893,-2.551512,-0.86247605,0.6140275,-0.27146256,-0.00042560502,-0.36644053,0.49011183,0.56111324,1.4517859,0.26544577,1.8954331,0.19781426,0.39125153,-0.7430512,0.027430473,-0.128346,0.24588089,-0.33962926,0.23026757,-0.26567715,0.7641095,0.0029878973,-0.13947695,-0.89542663,0.064050645,0.75476205,1.4396039,-0.64763176,0.087232105
0.098824084,-1.6288401,0.8586922,-0.17934586,0.10523999,0.7715581,-0.601213,0.39780098,-0.0029368293,-2.5483923,-0.84879786,0.6419643,-0.23527321,-0.044231325,-0.37404653,0.473845,0.5494727,1.4621003,0.27220562,1.9152176,0.21665585,0.38079363,-0.7341365,0.018833525,-0.14447802,0.2441891,-0.39475566,0.24957682,-0.2099604,0.86605877,-0.044814084,-0.048636544,-0.89880085,0.09054738,0.7453636,1.4594868,-0.6522227,0.08055141
0.09700611,-1.6264321,0.85447127,-0.17917703,0.104343064,0.7684542,-0.6053809,0.3860337,-0.0077167084,-2.5148308,-0.82809323,0.625815,-0.25681168,-0.062543884,-0.37811276,0.4556561,0.5267974,1.4803119,0.27959952,1.9371997,0.21748294,0.3662499,-0.7366679,0.011566443,-0.15625729,0.23545153,-0.45546326,0.27334353,-0.15866514,0.97815216,-0.116731614,0.012075294,-0.90128684,0.11961823,0.7333557,1.4796576,-0.65553784,0.07321045
0.095925,-1.62322,0.850558,-0.17638,0.102762,0.76356196,-0.612619,0.366309,-0.01014,-2.449871,-0.804567,0.564289,-0.328477,-0.056011,-0.385384,0.435173,0.484386,1.490537,0.291028,1.964689,0.211284,0.351474,-0.745503,0.006354,-0.16157,0.221632,-0.517806,0.279925,-0.139101,1.10184,-0.218157,0.03082,-0.903323,0.14231,0.72107,1.496424,-0.657621,0.068304
0.09646297,-1.6191373,0.84746516,-0.17129833,0.10077812,0.7572365,-0.6221685,0.34059656,-0.007226178,-2.3461063,-0.77957857,0.48070914,-0.45369837,-0.055322044,-0.39133266,0.4036929,0.41630414,1.4892541,0.29814455,1.997704,0.21560474,0.3318932,-0.7402083,0.0037571585,-0.15762024,0.20481902,-0.57382256,0.24849093,-0.1506153,1.217629,-0.30069298,0.03607368,-0.9058418,0.14999054,0.7118235,1.5074043,-0.65862197,0.06986791
0.09884085,-1.6145753,0.84549814,-0.16412346,0.098326154,0.75008446,-0.6330625,0.31256172,-0.00015643152,-2.2039518,-0.75213164,0.4045616,-0.6325201,-0.07057107,-0.38383144,0.37869552,0.3283484,1.4735359,0.2933433,2.0429811,0.19840105,0.31579998,-0.7045012,0.0017791208,-0.14819959,0.18541619,-0.6146715,0.19185145,-0.16594507,1.3129112,-0.36893484,0.0046279193,-0.90574604,0.14754514,0.70310056,1.5116827,-0.658014,0.07512468
0.10342,-1.610075,0.845657,-0.15468201,0.09373699,0.74281,-0.644608,0.281666,0.005583,-2.030862,-0.727245,0.343991,-0.856036,-0.096981,-0.35865,0.374203,0.261255,1.356962,0.281036,2.098873,0.158324,0.329811,-0.571002,0.000171,-0.130908,0.164695,-0.640221,0.117554,-0.169993,1.377794,-0.406631,-0.056006,-0.902753,0.134723,0.695924,1.505142,-0.6539,0.084384
0.11063,-1.605551,0.847628,-0.14699198,0.08925401,0.736134,-0.654624,0.250991,0.010383,-1.838975,-0.704469,0.278883,-1.088997,-0.121607,-0.325086,0.385948,0.117138,1.333983,0.242671,2.102245,0.132944,0.347237,-0.529266,-0.000345,-0.117833,0.14269,-0.659436,0.035582,-0.1607,1.41713,-0.421763,-0.120167,-0.902201,0.117337,0.6926,1.487063,-0.643536,0.099528
0.119970426,-1.6008762,0.8503078,-0.13716961,0.08406831,0.73210716,-0.6619185,0.22347169,0.019141465,-1.6402512,-0.70307404,0.20253766,-1.3054188,-0.13830598,-0.29366595,0.38887483,-0.05290662,1.3048708,0.20042957,2.102502,0.106396616,0.35623842,-0.4882355,-0.00017201056,-0.10382086,0.12885484,-0.66970235,-0.041173313,-0.13986626,1.4313152,-0.43122843,-0.17841244,-0.8982362,0.096447274,0.6853734,1.4640203,-0.63122475,0.115478024
0.130273,-1.595949,0.853752,-0.125951,0.076072,0.72902304,-0.6684871,0.198079,0.024833,-1.444322,-0.724628,0.127774,-1.507503,-0.143274,-0.267123,0.38584,-0.24152,1.274098,0.156696,2.102573,0.086019,0.349487,-0.437881,-0.002341,-0.086716,0.116117,-0.675728,-0.104299,-0.111796,1.436222,-0.462467,-0.221048,-0.892311,0.07737,0.674991,1.435832,-0.615441,0.132194
0.13975,-1.591196,0.856919,-0.11299001,0.06598601,0.7272649,-0.673769,0.171882,0.030362,-1.251831,-0.763508,0.060361,-1.691979,-0.128548,-0.234327,0.399755,-0.42952,1.260113,0.114922,2.10249,0.065657,0.325957,-0.462855,-0.005889,-0.069567,0.107561,-0.680889,-0.143914,-0.081353,1.442758,-0.503462,-0.233849,-0.884396,0.065608,0.655934,1.409883,-0.597424,0.146669
0.14600301,-1.586979,0.859208,-0.097635,0.053698,0.724447,-0.68026495,0.141795,0.037407,-1.070587,-0.816634,0.010576,-1.845409,-0.118123,-0.21198,0.408761,-0.620005,1.241035,0.083021,2.102109,0.060313,0.290168,-0.465484,-0.010525,-0.058521,0.093968,-0.681924,-0.143098,-0.054365,1.43948,-0.528893,-0.157685,-0.873504,0.073433,0.618649,1.38839,-0.57821,0.150786
0.14808288,-1.5842302,0.8613719,-0.081508994,0.039197885,0.71836543,-0.68976146,0.098037675,0.043201648,-0.8983715,-0.8789012,-0.022722965,-1.9703264,-0.103991866,-0.20088667,0.41262677,-0.799416,1.2186083,0.04924406,2.0993521,0.062179886,0.2458727,-0.45783246,-0.017172594,-0.05113845,0.07219934,-0.6711007,-0.08621547,-0.012900531,1.421197,-0.5564053,-0.030333772,-0.8684183,0.081566505,0.5565038,1.3744088,-0.54935473,0.14895512
0.146778,-1.582418,0.863774,-0.065519005,0.022895997,0.708406,-0.702384,0.047179,0.045128,-0.735954,-0.949818,-0.045945,-2.059733,-0.091103,-0.201374,0.409124,-0.978189,1.180146,0.028693,2.070461,0.053476,0.202929,-0.45463,-0.02285,-0.038193,0.045149,-0.65531,-0.045728,-0.019686,1.399872,-0.60549,0.001638,-0.876606,0.088276,0.496856,1.377282,-0.503349,0.168074
0.143086,-1.581148,0.865713,0.047551997,-0.005987001,-0.6976641,0.71482,4e-06,0.053361,-0.582595,-1.013808,-0.061995,-2.096721,-0.094991,-0.229692,0.402529,-1.155353,1.140719,0.026949,2.001101,0.053384,0.174916,-0.457052,-0.022001,-0.024353,0.022213,-0.646827,-0.00125,-0.050876,1.376321,-0.658087,-0.003743,-0.892667,0.099465,0.445979,1.384599,-0.457067,0.25615
0.138131,-1.580202,0.866619,0.029789003,0.011463,-0.687517,0.7254671,-0.038459,0.063701,-0.434331,-1.064159,-0.078256,-2.101746,-0.120592,-0.265973,0.393047,-1.340605,1.100145,0.048101,1.894889,0.095839,0.153641,-0.465884,-0.018878,-0.014697,0.006477,-0.65221,0.052909,-0.099411,1.358203,-0.700457,-0.034274,-0.907695,0.099749,0.360697,1.385176,-0.425088,0.314125
0.13541517,-1.5790111,0.866024,0.011022146,0.029541899,-0.67402583,0.7380343,-0.07875654,0.07345141,-0.303375,-1.114968,-0.08283172,-2.102309,-0.13902888,-0.28427088,0.38232565,-1.5240648,1.0448064,0.080465026,1.7523497,0.12320733,0.14394958,-0.4576855,-0.011130474,0.011775384,-0.008979057,-0.6702849,0.08317615,-0.13605577,1.3488184,-0.72627836,-0.049779054,-0.9387361,0.041846532,0.26568982,1.40032,-0.3806787,0.314141
0.13682294,-1.577655,0.8641921,-0.0069959,0.046659958,-0.65986687,0.7498993,-0.118265584,0.08349939,-0.18170844,-1.1684427,-0.08645479,-2.102563,-0.12775968,-0.28943467,0.3759254,-1.7074808,0.99136525,0.12707515,1.571566,0.10760695,0.14972666,-0.43725225,-0.006505282,0.06315886,-0.011184866,-0.6875329,0.06122334,-0.1540869,1.3524829,-0.7338306,-0.031877097,-0.9741179,-0.07710074,0.24718413,1.4228956,-0.34018248,0.314123
0.14088675,-1.5763971,0.8617042,-0.022733036,0.063038,-0.643954,0.76212436,-0.15870452,0.08948463,-0.072104685,-1.2274624,-0.08428214,-2.102708,-0.113187894,-0.28642318,0.3726392,-1.8952526,0.9435569,0.1893512,1.3547603,0.06727247,0.18261498,-0.4071328,-0.006985971,0.107331306,-0.008820144,-0.7134664,0.029534934,-0.18102635,1.3721987,-0.7285853,-0.018091843,-0.99856544,-0.1932639,0.2686337,1.4464515,-0.35874885,0.314052
0.145252,-1.575349,0.858615,-0.036258,0.077793,-0.624673,0.776155,-0.21193,0.096261,0.021035,-1.287306,-0.068968,-2.102778,-0.101016,-0.284372,0.367452,-2.089166,0.911025,0.26879,1.103426,0.019911,0.231079,-0.360343,-0.00664,0.13678,-0.010655,-0.748989,0.000259,-0.222992,1.400956,-0.720597,-0.014163,-1.007934,-0.270353,0.327732,1.463524,-0.365906,0.285167
0.14881477,-1.5742031,0.8557772,-0.047092337,0.091661155,-0.6007515,0.7927659,-0.27782497,0.10319358,0.08994579,-1.3458654,-0.043699544,-2.102819,-0.07668149,-0.2794003,0.3544128,-2.2908058,0.89583695,0.36479312,0.824011,-0.008771249,0.27885008,-0.2902223,-0.008449889,0.15362597,-0.02033741,-0.78709066,-0.02446649,-0.27166504,1.4294312,-0.71674424,-0.004788572,-0.99426085,-0.3242497,0.3848955,1.462006,-0.32421854,0.24866922
0.15105186,-1.5732322,0.8535561,-0.055279497,0.10593913,-0.5741286,0.8099979,-0.35032558,0.10909764,0.13773508,-1.393851,-0.013707831,-2.102849,-0.0308358,-0.28280678,0.34925932,-2.4835632,0.8961759,0.4858446,0.55218965,-0.022850139,0.29784283,-0.23878515,-0.014811612,0.1649993,-0.036774993,-0.82037795,-0.04382782,-0.3172492,1.4483888,-0.71996385,0.00072366354,-0.95221955,-0.3522343,0.44448435,1.4343578,-0.24203402,0.24264038
0.15259093,-1.5726161,0.8522801,-0.0635445,0.11995715,-0.5497545,0.82422215,-0.41737288,0.11835943,0.17639562,-1.4301509,0.014526277,-2.102872,0.008660588,-0.28865165,0.35094488,-2.6320488,0.90049076,0.64433634,0.3421938,-0.048809413,0.27308252,-0.23763208,-0.01986169,0.17342749,-0.047392357,-0.84780234,-0.056536224,-0.3631262,1.4561886,-0.7292574,0.0046477607,-0.88591206,-0.36418724,0.48784435,1.3833721,-0.17086734,0.23524944
0.153644,-1.572403,0.85196,-0.071626,0.133376,-0.529134,0.8349239,-0.473759,0.129324,0.206109,-1.458363,0.038015,-2.10289,0.030037,-0.296043,0.355937,-2.734519,0.902854,0.856161,0.204186,-0.090267,0.229668,-0.256239,-0.024827,0.178804,-0.050255,-0.873201,-0.065729,-0.410746,1.462321,-0.730754,0.002624,-0.794152,-0.360819,0.515783,1.30476,-0.102534,0.25183
0.15393399,-1.5725532,0.85214996,-0.07855959,0.14378536,-0.5112491,0.84366953,-0.52315795,0.14291818,0.22462086,-1.4803377,0.053058084,-2.102897,0.043506175,-0.30536944,0.35966575,-2.7983413,0.90875965,1.0867759,0.116955325,-0.1460956,0.18365082,-0.27523884,-0.027276851,0.17639813,-0.04876509,-0.8976795,-0.07454046,-0.46521267,1.4688176,-0.72363144,-0.009346269,-0.6859606,-0.3380364,0.54067045,1.2050881,-0.026658632,0.29877013
0.153862,-1.57312,0.852642,-0.08465464,0.15240447,-0.49720287,0.84993863,-0.5627136,0.15672815,0.2343564,-1.495718,0.05941961,-2.102902,0.049139656,-0.3148424,0.36047998,-2.829488,0.91069186,1.2106714,0.07520055,-0.27345923,0.14533934,-0.27825382,-0.02595608,0.17054136,-0.043893296,-0.92234254,-0.07673287,-0.514788,1.4712929,-0.71530956,-0.02375012,-0.5848261,-0.2982234,0.5721531,1.1013503,0.048851393,0.3140441
0.154537,-1.573264,0.852781,-0.090752,0.15857,-0.49036103,0.852153,-0.587852,0.16959,0.237486,-1.504393,0.058783,-2.102906,0.042743,-0.325096,0.363687,-2.831941,0.890467,1.25797,0.08616,-0.441807,0.143559,-0.269045,-0.022216,0.175311,-0.031142,-0.938709,-0.086826,-0.543343,1.471484,-0.707052,-0.029586,-0.521494,-0.297576,0.574862,1.019521,0.008271,0.314118
0.15583998,-1.573129,0.85238796,-0.09512299,0.16402902,-0.486103,0.853083,-0.602325,0.17621,0.227914,-1.508063,0.06442,-2.102908,0.033562,-0.329839,0.371081,-2.824047,0.859537,1.269042,0.118889,-0.537641,0.180491,-0.274056,-0.021985,0.178887,-0.024073,-0.950756,-0.092099,-0.561882,1.474708,-0.70333,-0.033269,-0.473906,-0.287731,0.592988,0.967231,-0.035725,0.314128
0.15752701,-1.572395,0.851033,-0.09712799,0.16673899,-0.48518696,0.8528519,-0.606964,0.177828,0.2074,-1.505553,0.073676,-2.102904,0.035787,-0.332372,0.378371,-2.803422,0.826098,1.216824,0.166921,-0.543136,0.236759,-0.283287,-0.018938,0.182385,-0.023055,-0.961993,-0.096579,-0.565863,1.481714,-0.703557,-0.032182,-0.456159,-0.287019,0.61145,0.938413,-0.06478,0.314124
0.16029,-1.570384,0.84914,-0.096663,0.16746901,-0.49022296,0.8498769,-0.594933,0.164985,0.17337,-1.501304,0.0839,-2.1029,0.04047,-0.328698,0.37771,-2.764089,0.793,1.114311,0.22805,-0.497498,0.311588,-0.299987,-0.014787,0.184151,-0.021061,-0.97264,-0.099099,-0.556419,1.490845,-0.70595,-0.026254,-0.473521,-0.300152,0.596588,0.937157,-0.068798,0.314117
0.16345498,-1.566932,0.84696394,-0.093428,0.166145,-0.500202,0.84466904,-0.571423,0.145602,0.122915,-1.495267,0.092935,-2.102893,0.046458,-0.321227,0.380931,-2.701304,0.768218,0.964214,0.29932,-0.438782,0.414092,-0.306388,-0.011051,0.182047,-0.021162,-0.981887,-0.097567,-0.536397,1.501575,-0.710353,-0.014958,-0.5174,-0.31153,0.580011,0.964226,-0.054597,0.314098
0.167393,-1.5622,0.8450989,-0.088598,0.163361,-0.51594305,0.8362209,-0.533334,0.121644,0.0554,-1.483147,0.099248,-2.10289,0.04763,-0.310513,0.390447,-2.589044,0.730036,0.775258,0.436371,-0.409401,0.512529,-0.296251,-0.011671,0.175269,-0.01888,-0.984231,-0.089302,-0.510151,1.511867,-0.716247,-0.001881,-0.574317,-0.312202,0.574562,1.013522,-0.024606,0.31375
0.171232,-1.557368,0.84413993,-0.086631,0.15967299,-0.536679,0.82399994,-0.492899,0.109098,-0.028048,-1.457181,0.095495,-2.102899,0.04567,-0.303817,0.403761,-2.378055,0.65564,0.569839,0.703324,-0.429275,0.538815,-0.326362,-0.010845,0.174957,-0.008274,-0.978284,-0.075571,-0.478093,1.514799,-0.720766,0.009514,-0.637953,-0.307917,0.562,1.078666,-0.027633,0.284901
0.174014,-1.553008,0.844475,-0.08508301,0.15584601,-0.562994,0.807162,-0.437786,0.097733,-0.130042,-1.407911,0.074564,-2.102921,0.028629,-0.297296,0.428594,-2.103339,0.613499,0.381917,1.01093,-0.437368,0.503236,-0.427078,-0.012789,0.182781,0.015026,-0.961302,-0.062127,-0.437059,1.507622,-0.7214,0.017985,-0.702964,-0.298866,0.552014,1.161491,-0.084442,0.275655
0.17542,-1.549848,0.845463,-0.08233799,0.14888202,-0.590406,0.78897107,-0.375551,0.08799,-0.243835,-1.336767,0.049426,-2.102938,0.025671,-0.300358,0.447416,-1.848792,0.625705,0.238013,1.261903,-0.426506,0.487813,-0.514716,-0.009324,0.186267,0.045415,-0.941165,-0.05283,-0.399948,1.495881,-0.720318,0.024223,-0.762366,-0.279287,0.538591,1.247779,-0.144962,0.282626
0.17517498,-1.547535,0.847355,-0.075843,0.139707,-0.614264,0.772923,-0.317615,0.078652,-0.381202,-1.257643,0.02759,-2.102943,0.001115,-0.283778,0.466211,-1.627188,0.660089,0.139034,1.47491,-0.419062,0.485384,-0.572896,-0.006981,0.180216,0.069139,-0.920791,-0.037638,-0.361695,1.480523,-0.717674,0.025915,-0.809904,-0.246529,0.521319,1.329039,-0.198215,0.294123
0.172842,-1.545749,0.850239,-0.066379,0.127172,-0.6336,0.760245,-0.269808,0.071597,-0.537719,-1.189284,0.008449,-2.10293,-0.020233,-0.253462,0.49106,-1.430505,0.716002,0.078043,1.661582,-0.387955,0.467099,-0.655062,-0.005767,0.164809,0.082427,-0.895883,-0.020131,-0.325052,1.461307,-0.714263,0.024784,-0.839934,-0.205772,0.494225,1.395516,-0.239988,0.310865
0.168946,-1.544522,0.853945,-0.054511003,0.112724006,-0.650153,0.74941504,-0.225228,0.062643,-0.70595,-1.13172,-0.003812,-2.102897,-0.044821,-0.211348,0.516836,-1.250888,0.779877,0.04711,1.82574,-0.316748,0.435944,-0.728118,-0.00583,0.143497,0.089229,-0.868277,-0.000281,-0.287483,1.438119,-0.709414,0.021674,-0.857163,-0.159015,0.459364,1.445622,-0.270057,0.31388
0.16365601,-1.544171,0.858621,-0.041344,0.09735698,-0.66365105,0.740527,-0.183324,0.052338,-0.878951,-1.084551,-0.005293,-2.102822,-0.066758,-0.158082,0.550407,-1.078864,0.843076,0.032666,1.964753,-0.204341,0.40349,-0.763021,-0.007144,0.119152,0.08804,-0.836379,0.022217,-0.248375,1.40955,-0.703114,0.01627,-0.86126,-0.108989,0.417551,1.474568,-0.299139,0.314028
0.158426,-1.544796,0.863984,-0.025891002,0.081552,-0.67881805,0.72930396,-0.139561,0.039881,-1.047456,-1.033913,-0.004471,-2.102666,-0.092257,-0.100258,0.577921,-0.917264,0.91608,0.037833,2.069482,-0.088597,0.377583,-0.775557,-0.007166,0.094914,0.090227,-0.802519,0.03012,-0.209617,1.376095,-0.693954,0.017069,-0.860521,-0.065585,0.377595,1.478766,-0.326355,0.314068
0.155319,-1.546648,0.869959,-0.010237999,0.065092,-0.6968831,0.71415097,-0.082459,0.033684,-1.208607,-0.976958,0.004858,-2.102118,-0.113205,-0.033842,0.586639,-0.763575,0.995787,0.065418,2.101909,-0.008581,0.386656,-0.763848,-0.002752,0.073988,0.101604,-0.767042,0.026299,-0.170782,1.333697,-0.678922,0.008647,-0.857698,-0.040761,0.341493,1.46632,-0.349128,0.314082
0.15473205,-1.5493058,0.8767731,0.008169753,0.047880106,-0.7177606,0.69459444,-0.017700905,0.019654714,-1.364034,-0.9040639,0.027973179,-2.086547,-0.1255175,0.025511755,0.5878208,-0.6150381,1.0753573,0.10807379,2.10245,0.024740933,0.40466082,-0.7297741,-0.0005212723,0.060858604,0.12140059,-0.72494113,0.023182381,-0.10107451,1.2869897,-0.64542204,-0.01961155,-0.85501933,-0.050322834,0.32391813,1.4507169,-0.39536536,0.3133181
0.1581846,-1.5522765,0.8834462,-0.02652176,-0.03063511,0.7378376,-0.67376053,0.039761987,0.011084046,-1.5335103,-0.8417356,0.0909693,-2.0173523,-0.133627,0.049829032,0.59508413,-0.46129978,1.1373783,0.13776937,2.102489,0.003187632,0.41531467,-0.68227583,0.0019077035,0.056036588,0.14408225,-0.68731457,0.0036843806,-0.029356755,1.2538891,-0.5930104,-0.0450209,-0.8490477,-0.12001749,0.27760366,1.4056516,-0.42650318,0.1954334
0.164745,-1.555521,0.889703,-0.044402003,-0.013709,0.752438,-0.657022,0.08417,0.004697,-1.710325,-0.826167,0.182467,-1.897628,-0.148882,0.032902,0.581364,-0.30269,1.173415,0.141407,2.102297,-0.080151,0.378889,-0.671799,0.002425,0.054806,0.158018,-0.665158,-0.033121,0.013019,1.248867,-0.524223,-0.113855,-0.835277,-0.220834,0.229959,1.350917,-0.464125,0.142191
0.17321,-1.559077,0.893983,-0.061067,0.002815,0.763553,-0.6428449,0.119182,-0.001562,-1.892792,-0.849478,0.285666,-1.72896,-0.139766,0.019533,0.555884,-0.146719,1.181865,0.118867,2.101427,-0.130937,0.380718,-0.652452,0.005086,0.054625,0.16388,-0.6511,-0.082649,0.013066,1.25325,-0.469017,-0.271652,-0.827073,-0.312209,0.213288,1.301469,-0.506271,0.12622
0.18001716,-1.5627215,0.89610374,-0.07656311,0.01878405,0.771675,-0.6311124,0.14644666,-0.008917103,-2.0698674,-0.90104073,0.36975372,-1.5075779,-0.119774446,-0.01306902,0.49825004,0.003974602,1.181613,0.06659739,2.0984714,-0.12882027,0.37597957,-0.61079407,0.008508583,0.05822056,0.16216423,-0.62592006,-0.12894136,0.02010914,1.2310256,-0.42589027,-0.3141238,-0.83169544,-0.38720584,0.23357253,1.2534509,-0.5383101,0.12844273
0.18176802,-1.566312,0.895462,-0.09060001,0.033064,0.7792181,-0.61928797,0.177108,-0.012192,-2.241892,-0.960735,0.424756,-1.231682,-0.095625,-0.093034,0.445801,0.134553,1.218436,0.03155,2.099273,-0.155679,0.370225,-0.607746,0.008467,0.033712,0.152797,-0.616046,-0.070734,0.027124,1.241793,-0.369575,-0.314106,-0.833576,-0.387593,0.267507,1.231141,-0.566312,0.122764
0.179679,-1.56974,0.89318407,-0.103879996,0.044719,0.78824,-0.604886,0.215443,-0.012007,-2.417157,-1.020974,0.46307,-0.910361,-0.067552,-0.204317,0.402317,0.248205,1.261993,0.011552,2.100892,-0.175888,0.377782,-0.589507,0.003595,0.000959,0.147428,-0.594367,0.038081,0.037437,1.226346,-0.314338,-0.313413,-0.837411,-0.35347,0.307012,1.234919,-0.588872,0.122924
0.175799,-1.573235,0.890446,-0.118324,0.054388,0.800298,-0.58529,0.26728,-0.01049,-2.591919,-1.067469,0.51301,-0.578991,-0.056405,-0.290959,0.353155,0.331824,1.312515,0.010934,2.10107,-0.176083,0.390379,-0.577233,2.5e-05,-0.023626,0.158133,-0.574879,0.108274,0.000343,1.196525,-0.320331,-0.206737,-0.861861,-0.32489,0.352258,1.257468,-0.600413,0.11506
0.171079,-1.576227,0.888204,-0.13445002,0.064492,0.812376,-0.5637451,0.323419,-0.008166,-2.723722,-1.07835,0.618518,-0.336567,-0.103616,-0.326652,0.30619,0.392053,1.358127,0.016969,2.101951,-0.141206,0.407284,-0.57188,-0.004846,-0.046532,0.171219,-0.535193,0.142519,-0.066804,1.113812,-0.291797,-0.142097,-0.89344,-0.301315,0.396665,1.28285,-0.604089,0.099417
0.165721,-1.578257,0.886143,-0.149944,0.074082,0.8231909,-0.54257303,0.378596,-0.008862,-2.803358,-1.061388,0.784231,-0.210593,-0.16657,-0.315564,0.28671,0.433346,1.402637,0.019767,2.102254,-0.078891,0.42631,-0.55198,-0.013513,-0.066986,0.178522,-0.467141,0.164449,-0.140892,0.978425,-0.198992,-0.138734,-0.916845,-0.274589,0.440861,1.301653,-0.610681,0.090093
0.160511,-1.579207,0.883396,-0.16212602,0.08214701,0.831749,-0.524557,0.428165,-0.006816,-2.845292,-1.034527,0.940936,-0.159596,-0.209165,-0.300445,0.29018,0.461113,1.445584,0.025683,2.102368,-0.037095,0.443427,-0.533456,-0.019877,-0.08069,0.173988,-0.394272,0.173891,-0.244178,0.846499,-0.144882,-0.17232,-0.937586,-0.243049,0.486599,1.316518,-0.621046,0.09363
0.15662,-1.580343,0.87934893,-0.170987,0.089125,0.838697,-0.509321,0.468078,0.000396,-2.859239,-1.006121,1.013221,-0.149574,-0.269707,-0.295285,0.278139,0.477425,1.477641,0.03624,2.102431,-0.022686,0.458156,-0.511913,-0.023869,-0.085636,0.165103,-0.312392,0.15424,-0.393348,0.717435,-0.149103,-0.300816,-0.959925,-0.217731,0.534436,1.336644,-0.633291,0.100876
0.153786,-1.581253,0.8747519,-0.177688,0.094216,0.844156,-0.496942,0.500806,0.013898,-2.855642,-0.973838,1.017304,-0.16519,-0.31699,-0.28898,0.259385,0.475883,1.499623,0.052623,2.102539,-0.013696,0.471233,-0.50826,-0.025577,-0.087249,0.156461,-0.2613,0.141013,-0.490915,0.654361,-0.172681,-0.314016,-0.985122,-0.194497,0.576466,1.36127,-0.642164,0.107745
0.151386,-1.581914,0.87035406,-0.182555,0.09741,0.84824693,-0.48750502,0.521571,0.02647,-2.841148,-0.937522,0.99292,-0.195775,-0.329357,-0.283953,0.245455,0.457008,1.509251,0.073199,2.102554,0.006645,0.477078,-0.519664,-0.02696,-0.088591,0.150646,-0.232642,0.136948,-0.546589,0.621867,-0.193708,-0.314049,-1.006694,-0.173482,0.60517,1.386622,-0.649527,0.110465
0.1488773,-1.581837,0.86716336,-0.1851057,0.09811591,0.85058373,-0.48230267,0.5313948,0.02983459,-2.8146143,-0.9001675,0.96219873,-0.23634605,-0.32500353,-0.28420296,0.23455635,0.42064443,1.5114176,0.09577324,2.1025012,0.026714548,0.48522303,-0.5262592,-0.027508933,-0.08420753,0.14705543,-0.22561187,0.12777212,-0.58355045,0.6178125,-0.20425172,-0.314063,-1.0212932,-0.15747795,0.62611943,1.4066206,-0.6561242,0.1088442
0.146309,-1.580923,0.865065,-0.18529801,0.09703801,0.85083497,-0.48200503,0.526914,0.027554,-2.769962,-0.859454,0.918475,-0.291716,-0.31124,-0.290602,0.226702,0.366804,1.51153,0.117066,2.102379,0.032558,0.483314,-0.548258,-0.027137,-0.076468,0.144774,-0.237126,0.119042,-0.592239,0.637767,-0.199157,-0.314066,-1.030327,-0.152118,0.634147,1.419784,-0.661831,0.106678
0.143715,-1.579106,0.863839,-0.18352401,0.095389,0.848972,-0.48627797,0.514252,0.022892,-2.700859,-0.813767,0.845114,-0.369587,-0.292163,-0.303249,0.213025,0.298075,1.505894,0.131546,2.102011,0.030294,0.479949,-0.562367,-0.024748,-0.066972,0.144951,-0.26747,0.10057,-0.606552,0.684032,-0.181607,-0.314021,-1.035389,-0.157493,0.632437,1.427399,-0.666597,0.103566
0.1413253,-1.5765713,0.86331207,-0.1803084,0.09357022,0.84343076,-0.4973507,0.49085182,0.018723508,-2.6001973,-0.7682426,0.7442113,-0.47515413,-0.2752421,-0.31937903,0.19183758,0.2145092,1.4954354,0.13747029,2.102167,0.014375944,0.47947806,-0.58599514,-0.021206433,-0.05775113,0.14096847,-0.3208035,0.06968077,-0.6267725,0.7673209,-0.14226581,-0.29048085,-1.0376556,-0.1721822,0.62118435,1.4297408,-0.6692876,0.10051737
0.139158,-1.573137,0.862641,-0.175842,0.09180601,0.834649,-0.513821,0.458185,0.016507,-2.464006,-0.724059,0.629409,-0.615294,-0.265998,-0.335627,0.178064,0.11675,1.467029,0.132481,2.102496,-0.005169,0.481925,-0.604329,-0.019523,-0.050812,0.129898,-0.396091,0.029394,-0.619146,0.8918,-0.096585,-0.244443,-1.03517,-0.188087,0.602071,1.431744,-0.672147,0.09695
0.137522,-1.568979,0.861542,-0.170028,0.090163,0.823067,-0.534343,0.418936,0.018164,-2.287955,-0.682744,0.511108,-0.795569,-0.270245,-0.341194,0.18748,0.003652,1.423395,0.115681,2.102699,-0.025023,0.482619,-0.624697,-0.017592,-0.053079,0.109363,-0.481486,0.012975,-0.57832,1.022765,-0.071584,-0.174987,-1.027927,-0.192456,0.571869,1.435448,-0.674402,0.090219
0.136573,-1.565177,0.86035,-0.16309102,0.087128006,0.810985,-0.55508006,0.379545,0.020034,-2.088574,-0.652513,0.398314,-0.99849,-0.28198,-0.330289,0.227998,-0.120897,1.359449,0.092216,2.102794,-0.044317,0.484641,-0.634471,-0.017799,-0.05802,0.08504,-0.560982,0.012023,-0.531401,1.140292,-0.09719,-0.140598,-1.015027,-0.18932,0.536137,1.4397,-0.677539,0.081902
0.13708895,-1.5619835,0.8594151,-0.15429206,0.081665665,0.8000843,-0.5739246,0.34423533,0.022625683,-1.8856767,-0.64198625,0.2950446,-1.2006673,-0.29453948,-0.30942556,0.28156447,-0.25734434,1.284736,0.064775355,2.102829,-0.064860485,0.4805865,-0.64349484,-0.01869689,-0.056597173,0.06364061,-0.6290207,-0.0070116757,-0.5023275,1.2517004,-0.14376031,-0.1291344,-1.0007007,-0.18878905,0.5019992,1.4420817,-0.6802017,0.0770166
0.13899,-1.559868,0.85885,-0.14402002,0.074019,0.790942,-0.590076,0.31509,0.025495,-1.686624,-0.647778,0.204495,-1.398336,-0.286785,-0.283091,0.334705,-0.40313,1.208911,0.034064,2.102826,-0.086557,0.462007,-0.661261,-0.020801,-0.04707,0.04911,-0.678344,-0.043836,-0.478822,1.340162,-0.196411,-0.139465,-0.984985,-0.19734,0.469714,1.441542,-0.683272,0.080231
0.142143,-1.558376,0.85854506,-0.13113399,0.064834,0.782596,-0.605098,0.286253,0.029184,-1.494041,-0.679212,0.121431,-1.586563,-0.248542,-0.259555,0.371501,-0.550679,1.139055,0.001707,2.102778,-0.121859,0.43792,-0.680769,-0.019989,-0.028271,0.037166,-0.71459,-0.093916,-0.448145,1.40349,-0.247813,-0.161604,-0.971553,-0.213276,0.440518,1.439222,-0.685615,0.084985
0.145475,-1.557463,0.858423,-0.116228,0.054014005,0.77388906,-0.620218,0.253958,0.03162,-1.311877,-0.734636,0.051898,-1.762731,-0.188708,-0.225801,0.403324,-0.694569,1.075032,-0.036379,2.102639,-0.16177,0.406159,-0.682982,-0.018033,-0.006878,0.024656,-0.742317,-0.139711,-0.408919,1.444038,-0.293586,-0.192747,-0.954891,-0.227781,0.406821,1.435459,-0.689251,0.088476
0.148654,-1.557128,0.859233,-0.09999,0.041737,0.763965,-0.636096,0.215893,0.032757,-1.14353,-0.810299,0.010727,-1.920936,-0.144411,-0.198361,0.422905,-0.830448,1.00957,-0.070635,2.102083,-0.19445,0.36556,-0.67422,-0.015642,0.015549,0.010965,-0.761533,-0.179391,-0.365929,1.461594,-0.32447,-0.223024,-0.932878,-0.242137,0.365311,1.426361,-0.691633,0.092986
0.151104,-1.557612,0.860954,-0.082875,0.027534002,0.75162697,-0.65378094,0.168275,0.031902,-0.991269,-0.899227,0.001441,-2.053682,-0.099555,-0.188367,0.421233,-0.959936,0.936445,-0.099932,2.093875,-0.217463,0.321682,-0.676132,-0.014864,0.040976,-0.008661,-0.77229,-0.212721,-0.322547,1.46145,-0.348408,-0.237457,-0.906633,-0.255111,0.319012,1.413281,-0.692842,0.094752
0.153247,-1.558231,0.863502,-0.064391,0.012749,0.73903304,-0.670464,0.123835,0.03339,-0.858714,-0.994389,0.008066,-2.102304,-0.021748,-0.224815,0.40821,-1.095035,0.863673,-0.106535,2.041135,-0.245955,0.292349,-0.661464,-0.011198,0.066575,-0.026709,-0.782086,-0.237873,-0.282832,1.459146,-0.375086,-0.240046,-0.877181,-0.262765,0.268006,1.395586,-0.691327,0.095226
0.154813,-1.558901,0.867109,-0.045901995,-0.0036709995,0.72675997,-0.685346,0.084088,0.035583,-0.732177,-1.084489,0.015522,-2.102826,0.053092,-0.288167,0.395919,-1.23524,0.795791,-0.084319,1.965465,-0.278944,0.275295,-0.646103,-0.008627,0.091065,-0.039634,-0.787967,-0.25287,-0.250707,1.453379,-0.404434,-0.238784,-0.842909,-0.263925,0.210965,1.372939,-0.686727,0.092325
0.155452,-1.559283,0.871007,-0.027173,-0.020617,0.7144659,-0.698839,0.049506,0.038089,-0.600536,-1.168509,0.02251,-2.10291,0.086057,-0.354019,0.376505,-1.395717,0.738248,-0.00434,1.877694,-0.199545,0.117144,-0.807499,-0.00562,0.114756,-0.046893,-0.789353,-0.262087,-0.232483,1.44207,-0.419517,-0.228221,-0.80955,-0.263817,0.149302,1.351119,-0.673311,0.096183
0.15400617,-1.559585,0.87546146,-0.009362175,-0.03841583,0.70237744,-0.71070576,0.018033842,0.04086966,-0.4702709,-1.2391244,0.010371482,-2.10294,0.10591458,-0.3964298,0.3888825,-1.5509881,0.6945314,0.082862355,1.7790331,-0.17476302,0.02883378,-0.8970301,-0.003562251,0.13388766,-0.047546923,-0.78783125,-0.2531491,-0.22489394,1.4226214,-0.4185121,-0.14414327,-0.7802766,-0.25585,0.08796549,1.3355429,-0.6427218,0.11314393
0.14965498,-1.559587,0.879655,-0.008218,0.055256,-0.690746,0.720937,-0.014135,0.046669,-0.348583,-1.286121,-0.021898,-2.102952,0.103627,-0.429361,0.379563,-1.698831,0.672488,0.157212,1.654625,-0.184675,0.052644,-0.850699,0.002378,0.144028,-0.046193,-0.786744,-0.202324,-0.214485,1.393808,-0.423407,-0.014015,-0.759838,-0.23326,0.031653,1.3333,-0.605965,0.150127
0.141695,-1.558351,0.882932,-0.025462,0.069489,-0.6776599,0.7316421,-0.046757,0.061495,-0.249391,-1.312378,-0.065571,-2.102947,0.067053,-0.44086,0.36414,-1.849254,0.675782,0.235674,1.501305,-0.18185,0.107143,-0.749858,0.008219,0.146725,-0.051618,-0.780731,-0.142867,-0.236252,1.369521,-0.459323,0.014344,-0.755763,-0.180376,0.028468,1.354974,-0.543735,0.236018
0.13208018,-1.5575061,0.88486975,-0.040950105,0.08282439,-0.6670033,0.7393032,-0.07513454,0.07402847,-0.16976772,-1.3184623,-0.10860774,-2.102941,-0.01109146,-0.44549343,0.34749505,-2.0054848,0.71192956,0.30674633,1.3153486,-0.1925617,0.18057305,-0.6032949,0.013944301,0.13917892,-0.053046826,-0.780599,-0.07328349,-0.28273833,1.352093,-0.5134524,0.008874668,-0.7482529,-0.10540215,0.04267427,1.3649787,-0.48910168,0.31406748
0.12504186,-1.5568281,0.88544893,-0.05462834,0.094589576,-0.65510744,0.7475981,-0.107008114,0.08582756,-0.11624654,-1.3318053,-0.13335699,-2.102889,-0.06732514,-0.4480137,0.32965016,-2.162585,0.7604181,0.36287814,1.0922993,-0.23760548,0.26053926,-0.423203,0.018244475,0.13666129,-0.05861832,-0.77963614,-0.02616975,-0.33820024,1.3303148,-0.5605693,-0.0055392403,-0.7383792,-0.0767995,0.036097802,1.3610544,-0.4365654,0.31413698
0.122944005,-1.557188,0.883563,-0.067007,0.10522,-0.641229,0.75714195,-0.142239,0.100106,-0.084435,-1.343294,-0.128643,-2.102945,-0.072489,-0.453207,0.321893,-2.319247,0.805123,0.413574,0.8461,-0.26704,0.330377,-0.280969,0.011881,0.164585,-0.062387,-0.764003,-0.035348,-0.364035,1.317908,-0.596019,0.000665,-0.729121,-0.162425,0.037469,1.362671,-0.369442,0.314114
0.12449401,-1.558229,0.880142,-0.07752201,0.115890004,-0.62732595,0.766174,-0.176424,0.111817,-0.065346,-1.357821,-0.106042,-2.102959,-0.051854,-0.463081,0.320436,-2.461846,0.841292,0.470683,0.619221,-0.258678,0.36361,-0.219419,0.001658,0.196518,-0.063624,-0.756908,-0.061675,-0.375506,1.325632,-0.621249,0.025247,-0.717164,-0.274231,0.052272,1.355741,-0.368969,0.297441
0.127748,-1.559253,0.8761119,-0.08593701,0.127437,-0.61238,0.77547705,-0.211602,0.11815,-0.061581,-1.375477,-0.069297,-2.10297,-0.030614,-0.469928,0.317249,-2.578473,0.857827,0.555156,0.45062,-0.249826,0.361138,-0.216264,-0.005849,0.216033,-0.066193,-0.771346,-0.077028,-0.389911,1.348252,-0.637758,0.042578,-0.708552,-0.359652,0.066298,1.347277,-0.399086,0.193085
0.131432,-1.559478,0.871858,-0.09354399,0.13816302,-0.5988,0.78332496,-0.244414,0.123196,-0.065224,-1.393146,-0.036168,-2.102976,-0.000906,-0.47156,0.319082,-2.659324,0.863724,0.657888,0.34281,-0.250955,0.349171,-0.235832,-0.01064,0.228539,-0.061389,-0.793684,-0.09409,-0.41776,1.375081,-0.647348,0.049264,-0.684347,-0.418916,0.085694,1.307166,-0.36488,0.163118
0.134525,-1.559225,0.867832,-0.100194,0.14805597,-0.5858,0.79049295,-0.27389,0.124899,-0.073112,-1.411374,-0.009239,-2.102978,0.023262,-0.472123,0.324924,-2.714579,0.862733,0.763243,0.283276,-0.248291,0.337681,-0.254147,-0.011915,0.233349,-0.051882,-0.819927,-0.111815,-0.45975,1.399837,-0.654975,0.045249,-0.649448,-0.444426,0.114337,1.249535,-0.294253,0.159793
0.136798,-1.558354,0.8634529,-0.106172994,0.155468,-0.575331,0.795959,-0.296314,0.127459,-0.081353,-1.427414,0.012736,-2.102977,0.031173,-0.467753,0.331562,-2.743168,0.864616,0.826969,0.256145,-0.252622,0.33107,-0.260981,-0.009695,0.231801,-0.037125,-0.845403,-0.1252,-0.501087,1.421607,-0.667601,0.040174,-0.607089,-0.445259,0.150081,1.186746,-0.215038,0.169009
0.13811702,-1.5573561,0.85967207,-0.111519,0.16171803,-0.56642294,0.80035996,-0.3162,0.132531,-0.089837,-1.439299,0.031187,-2.102974,0.029839,-0.459845,0.333287,-2.751887,0.867748,0.828612,0.248808,-0.276456,0.321841,-0.252793,-0.007573,0.22751,-0.022655,-0.868542,-0.133705,-0.539225,1.440001,-0.677971,0.033525,-0.560339,-0.433305,0.181924,1.122311,-0.133634,0.18562
0.137938,-1.556732,0.856157,-0.11541801,0.166843,-0.557878,0.804745,-0.336221,0.138298,-0.097762,-1.440222,0.047146,-2.102969,0.037816,-0.457595,0.327497,-2.755395,0.872668,0.812752,0.246772,-0.290338,0.314513,-0.245507,-0.007237,0.218392,-0.015635,-0.889852,-0.13563,-0.580393,1.458933,-0.685914,0.017044,-0.514178,-0.399939,0.225455,1.063264,-0.049893,0.223233
0.136953,-1.556329,0.853182,-0.11901099,0.17119001,-0.550676,0.808262,-0.35206,0.14368,-0.110057,-1.438484,0.05772,-2.102964,0.040397,-0.448769,0.326066,-2.755882,0.877176,0.800356,0.242447,-0.291412,0.31372,-0.246639,-0.00743,0.208197,-0.01108,-0.910269,-0.130547,-0.614586,1.47586,-0.690798,0.002312,-0.472083,-0.355285,0.276842,1.0157,0.009424,0.282338
0.135517,-1.556335,0.85049,-0.1215,0.17510702,-0.544261,0.811391,-0.362102,0.143255,-0.120359,-1.431772,0.066816,-2.10296,0.036168,-0.441399,0.327372,-2.75547,0.88031,0.79267,0.236835,-0.301892,0.314175,-0.248953,-0.010846,0.20139,-0.011699,-0.924559,-0.126422,-0.640599,1.490823,-0.696034,-0.008629,-0.443188,-0.339093,0.274125,0.990959,-0.012546,0.314071
0.13415101,-1.556237,0.84789705,-0.123668,0.17833,-0.54015195,0.8131049,-0.363122,0.139916,-0.126315,-1.423113,0.070913,-2.10296,0.026788,-0.438677,0.331894,-2.751196,0.881322,0.791132,0.233173,-0.319714,0.315616,-0.249091,-0.014185,0.192935,-0.009466,-0.937546,-0.121042,-0.665459,1.505063,-0.700764,-0.018954,-0.421276,-0.315173,0.277847,0.980468,-0.041532,0.314113
0.13322312,-1.556244,0.84515625,-0.12518883,0.1808927,-0.5375563,0.8140269,-0.36842734,0.14069289,-0.12703991,-1.4164199,0.07225484,-2.102962,0.0134146325,-0.43324867,0.3343807,-2.7431242,0.8799832,0.7844888,0.23612164,-0.32907188,0.315732,-0.25189266,-0.01778556,0.18765065,-0.009027054,-0.9474598,-0.118313335,-0.6824909,1.5198772,-0.70590234,-0.026339099,-0.4057539,-0.29511645,0.2965867,0.97188306,-0.06844272,0.314114
0.13286504,-1.5561471,0.84234536,-0.12744674,0.18173692,-0.53768104,0.8134051,-0.36952084,0.14577739,-0.12268153,-1.4102588,0.06784554,-2.102963,0.00579593,-0.43060133,0.3337811,-2.7251632,0.87345576,0.77565205,0.2491624,-0.32952195,0.3162949,-0.25322285,-0.017657017,0.18601519,-0.0040836036,-0.9543142,-0.11881793,-0.6931647,1.5331403,-0.71160334,-0.03075746,-0.39471534,-0.28640306,0.30190134,0.96461684,-0.08846755,0.314116
0.132932,-1.556063,0.839626,-0.12920801,0.181314,-0.53859,0.8126199,-0.36839,0.152704,-0.118875,-1.405098,0.062166,-2.102964,-0.000131,-0.423782,0.334661,-2.703871,0.863732,0.7661,0.269127,-0.327116,0.316463,-0.251254,-0.016296,0.185295,-7.2e-05,-0.95867,-0.121534,-0.698649,1.546439,-0.717126,-0.031928,-0.387345,-0.283058,0.304475,0.96178,-0.106144,0.314115
0.133343,-1.555816,0.837082,-0.13055,0.17909002,-0.5403339,0.811741,-0.372795,0.162026,-0.113244,-1.404544,0.057516,-2.102962,-0.003752,-0.415084,0.334496,-2.680724,0.853963,0.755185,0.289403,-0.328926,0.320139,-0.252759,-0.014473,0.184493,0.00356,-0.958285,-0.12565,-0.699089,1.55908,-0.723505,-0.029617,-0.379223,-0.284753,0.306334,0.95962,-0.12225,0.31411
0.13437986,-1.555791,0.8353662,-0.12999406,0.17595237,-0.5416609,0.81163096,-0.3734559,0.16450168,-0.109283485,-1.4079605,0.055935193,-2.10296,-0.0019642182,-0.41473603,0.33409706,-2.6606436,0.8423044,0.7422406,0.3113943,-0.31355587,0.32202277,-0.24614783,-0.012411252,0.1804635,0.0027371002,-0.95671827,-0.1273468,-0.6947715,1.5687798,-0.7297053,-0.025778469,-0.37219286,-0.29090223,0.30255947,0.95494854,-0.13220477,0.314109
0.135979,-1.555481,0.834247,-0.129014,0.17182398,-0.544565,0.810729,-0.373176,0.16495,-0.10717,-1.415274,0.053313,-2.102958,0.001149,-0.408901,0.329308,-2.6338,0.828427,0.70772,0.339599,-0.301281,0.329457,-0.235108,-0.008954,0.176059,0.002509,-0.952776,-0.128656,-0.686682,1.574852,-0.735105,-0.019377,-0.367737,-0.299068,0.300373,0.948295,-0.133923,0.314107
0.138188,-1.554748,0.834213,-0.127002,0.166013,-0.550036,0.80855995,-0.369296,0.164442,-0.106147,-1.42362,0.046175,-2.102956,-0.001426,-0.400394,0.320009,-2.591663,0.814858,0.645664,0.38739,-0.314453,0.358648,-0.221481,-0.004167,0.170406,0.001968,-0.945309,-0.126628,-0.670917,1.575489,-0.738659,-0.010696,-0.371527,-0.306431,0.309643,0.945922,-0.119818,0.314105
0.14119,-1.55341,0.834666,-0.124099,0.158121,-0.55922604,0.8042781,-0.359036,0.16148,-0.095451,-1.424648,0.041934,-2.102956,-0.008861,-0.400145,0.320117,-2.526644,0.804262,0.55686,0.458862,-0.331094,0.379812,-0.188766,0.00133,0.159477,0.00483,-0.935041,-0.119604,-0.651762,1.573577,-0.742228,-0.000587,-0.385814,-0.308837,0.328603,0.954862,-0.088233,0.314102
0.1445476,-1.5516262,0.8361038,-0.12096537,0.1488951,-0.5715285,0.7978428,-0.33977735,0.15702555,-0.09186844,-1.4228582,0.038687393,-2.102953,-0.017193982,-0.3969524,0.33356136,-2.4408276,0.79969853,0.45916593,0.55106074,-0.3438844,0.39779282,-0.15434021,0.007819207,0.14918526,0.01064829,-0.9208387,-0.11005117,-0.6257902,1.565421,-0.7436418,0.010422656,-0.41387656,-0.30924994,0.35759246,0.9769263,-0.03676828,0.314089
0.147747,-1.549593,0.837778,-0.117646,0.139186,-0.587056,0.7887661,-0.313568,0.152221,-0.095191,-1.413343,0.027408,-2.102949,-0.021538,-0.393271,0.331752,-2.332021,0.799019,0.366004,0.672507,-0.361047,0.412584,-0.131609,0.012554,0.141109,0.018689,-0.902222,-0.098436,-0.593317,1.554473,-0.745135,0.022125,-0.456818,-0.305193,0.394816,1.018436,0.031903,0.314059
0.15067,-1.547294,0.840039,-0.113335,0.12966499,-0.604831,0.77751,-0.277995,0.142262,-0.104688,-1.394671,0.010762,-2.102944,-0.037236,-0.382229,0.325139,-2.209222,0.806633,0.282201,0.811616,-0.37706,0.42145,-0.128954,0.013927,0.135481,0.027334,-0.879191,-0.086589,-0.554287,1.539773,-0.745004,0.03497,-0.511605,-0.288952,0.451326,1.078667,0.116826,0.310989
0.152706,-1.544942,0.842997,-0.10810601,0.119819,-0.6247051,0.76400304,-0.239263,0.131535,-0.113964,-1.365061,-0.010267,-2.102939,-0.068212,-0.370922,0.32152,-2.081937,0.83403,0.202935,0.951986,-0.382519,0.421138,-0.146094,0.012638,0.130294,0.037554,-0.852179,-0.070809,-0.510014,1.520378,-0.743427,0.047302,-0.571061,-0.26644,0.491564,1.149837,0.162978,0.254843
0.15320398,-1.542956,0.84674793,-0.10233,0.110042,-0.64514303,0.7491391,-0.195479,0.121137,-0.120174,-1.325202,-0.034771,-2.102933,-0.105834,-0.362184,0.321694,-1.958023,0.880605,0.133917,1.084336,-0.37848,0.415604,-0.172633,0.010393,0.125378,0.048525,-0.823872,-0.048507,-0.462219,1.495536,-0.739898,0.055188,-0.626144,-0.22684,0.531932,1.234205,0.122452,0.251381
0.151893,-1.541548,0.8505839,-0.095848,0.09943501,-0.66357505,0.73525107,-0.158424,0.116829,-0.126189,-1.280099,-0.058716,-2.102921,-0.149426,-0.351996,0.320005,-1.843787,0.939275,0.081402,1.202551,-0.357445,0.41195,-0.20279,0.005864,0.117285,0.051057,-0.791187,-0.018035,-0.412502,1.469373,-0.738012,0.05632,-0.670295,-0.174337,0.556401,1.319453,0.048778,0.282956
0.14982899,-1.540319,0.854755,-0.088744,0.088227,-0.68027097,0.7221991,-0.122833,0.117028,-0.131084,-1.240329,-0.083596,-2.102904,-0.188949,-0.343398,0.321368,-1.7352,1.002644,0.047286,1.310532,-0.32742,0.405437,-0.23165,-0.000502,0.112167,0.049417,-0.751469,0.009356,-0.355072,1.439551,-0.73511,0.057445,-0.708391,-0.131241,0.558281,1.39542,-0.022213,0.310836
0.146987,-1.539308,0.859055,-0.082205,0.075918,-0.693341,0.711868,-0.094843,0.122875,-0.137466,-1.211359,-0.10534,-2.102871,-0.224538,-0.331344,0.318424,-1.627851,1.060456,0.031213,1.409404,-0.299764,0.395703,-0.254529,-0.0058,0.103411,0.037349,-0.708028,0.040366,-0.297089,1.407965,-0.732277,0.05476,-0.737423,-0.089924,0.537628,1.458365,-0.089852,0.313911
0.144369,-1.539321,0.8639461,0.073947005,-0.064295,0.707989,-0.699392,-0.061784,0.125622,-0.133082,-1.187814,-0.13589,-2.102845,-0.26198,-0.324434,0.313163,-1.528144,1.122534,0.031441,1.499655,-0.270373,0.3844,-0.27939,-0.011653,0.094173,0.032597,-0.663726,0.064109,-0.239246,1.372962,-0.727103,0.053072,-0.758101,-0.055095,0.506877,1.500669,-0.131035,0.314057
0.14169432,-1.539427,0.86903536,0.06676589,-0.051730543,0.71944463,-0.68939525,-0.03617813,0.1371166,-0.12958841,-1.1760144,-0.15734538,-2.102794,-0.29335415,-0.31450322,0.30706075,-1.4266194,1.1836054,0.035639487,1.5779605,-0.2393208,0.37640098,-0.30240917,-0.013305798,0.08152554,0.024191026,-0.6203672,0.08462849,-0.1859935,1.3362615,-0.7198749,0.050158355,-0.7681538,-0.02553861,0.46809974,1.5235772,-0.14558221,0.314084
0.139021,-1.539954,0.874267,0.060094994,-0.040063996,0.729034,-0.68065596,-0.01275,0.148171,-0.125582,-1.169998,-0.171821,-2.102718,-0.315501,-0.308061,0.303141,-1.323174,1.238542,0.043354,1.649338,-0.215147,0.366647,-0.323333,-0.014867,0.071077,0.016397,-0.576146,0.097382,-0.13586,1.297612,-0.711222,0.048043,-0.765857,-0.007387,0.427625,1.523973,-0.151407,0.314098
0.136465,-1.540813,0.880338,0.053656,-0.029882003,0.73733306,-0.672732,0.012767,0.153267,-0.120305,-1.166178,-0.180829,-2.102604,-0.33521,-0.303526,0.301692,-1.218961,1.289476,0.051823,1.713232,-0.188017,0.362223,-0.344329,-0.017181,0.063863,0.011597,-0.530524,0.103974,-0.086965,1.252502,-0.69786,0.043817,-0.753036,-9.7e-05,0.390487,1.504618,-0.157361,0.314105
0.134042,-1.541806,0.886496,0.048054,-0.02148,0.7458109,-0.66407394,0.037749,0.151255,-0.111942,-1.162476,-0.189835,-2.102454,-0.346612,-0.3,0.304872,-1.115894,1.341604,0.059458,1.768483,-0.162909,0.360038,-0.359922,-0.020598,0.061567,0.012861,-0.48465,0.103769,-0.041831,1.204745,-0.681937,0.040761,-0.732481,-0.001945,0.355669,1.472496,-0.15305,0.314113
0.13236721,-1.5433909,0.89270425,0.043803517,-0.014815814,0.75251514,-0.65694994,0.058757436,0.15112801,-0.10562277,-1.1644068,-0.19357054,-2.102172,-0.34853175,-0.29559553,0.30523697,-1.0133365,1.3864626,0.062374644,1.8182969,-0.14230552,0.360021,-0.3730844,-0.023044702,0.06214793,0.014741771,-0.44057837,0.0996515,-0.00034506482,1.1553681,-0.66461414,0.040374048,-0.7050113,-0.0138545465,0.3236489,1.4288944,-0.1334214,0.314115
0.131768,-1.545219,0.898555,0.039463002,-0.009229,0.75814,-0.650831,0.075397,0.148711,-0.100093,-1.171287,-0.192056,-2.101597,-0.344699,-0.292315,0.305098,-0.915673,1.423662,0.058973,1.860998,-0.129248,0.367858,-0.373436,-0.025411,0.064832,0.018071,-0.400523,0.084775,0.033095,1.106483,-0.646504,0.044065,-0.682102,-0.036464,0.299822,1.397872,-0.137692,0.314111
0.13180399,-1.547388,0.904013,0.036120005,-0.0045380006,0.762176,-0.6463461,0.088787,0.148203,-0.09574,-1.185245,-0.18661,-2.100946,-0.333572,-0.290386,0.307883,-0.825142,1.450921,0.054223,1.896699,-0.120401,0.374246,-0.371335,-0.027045,0.069728,0.021474,-0.362608,0.064925,0.060756,1.057538,-0.627943,0.050328,-0.655254,-0.069375,0.276618,1.363148,-0.173765,0.314098
0.132158,-1.550057,0.908705,0.033071995,-0.0007790003,0.765541,-0.642536,0.101289,0.146326,-0.090291,-1.20211,-0.18099,-2.100383,-0.325906,-0.288899,0.307638,-0.744249,1.469512,0.049547,1.928387,-0.112354,0.37976,-0.376726,-0.02846,0.073328,0.025818,-0.329767,0.045065,0.080296,1.013257,-0.611606,0.05667,-0.622167,-0.100134,0.25637,1.319748,-0.220398,0.314072
0.132207,-1.55269,0.912762,0.030825,0.0022850006,0.767897,-0.63982695,0.111701,0.145266,-0.083559,-1.218105,-0.165179,-2.099838,-0.333154,-0.289904,0.282619,-0.674399,1.482983,0.044563,1.954545,-0.111476,0.38438,-0.380277,-0.029573,0.075114,0.031164,-0.301315,0.029895,0.093573,0.974106,-0.59708,0.060979,-0.583582,-0.117072,0.251959,1.273866,-0.26428,0.313854
0.13181,-1.555363,0.916425,0.028526999,0.0047080005,0.770051,-0.637327,0.121593,0.144375,-0.074401,-1.233395,-0.158619,-2.099503,-0.327687,-0.290653,0.270029,-0.616681,1.492371,0.041882,1.97526,-0.118203,0.388493,-0.379025,-0.029834,0.074788,0.036565,-0.278446,0.019222,0.102756,0.939195,-0.583603,0.062433,-0.546315,-0.130655,0.242578,1.225106,-0.302814,0.29454
0.130907,-1.558035,0.919702,0.026528003,0.006749,0.77156293,-0.63556397,0.129742,0.142444,-0.065277,-1.247493,-0.150377,-2.098854,-0.3187,-0.289453,0.271612,-0.568398,1.494756,0.042718,1.993211,-0.1231,0.393067,-0.387193,-0.029788,0.071923,0.041193,-0.259135,0.014004,0.108736,0.909389,-0.572484,0.063775,-0.510321,-0.142467,0.221853,1.177571,-0.335382,0.268379
0.129825,-1.560691,0.9229851,0.024506997,0.007948999,0.772697,-0.634253,0.136405,0.139689,-0.056186,-1.260882,-0.140108,-2.098353,-0.303879,-0.287969,0.279909,-0.529617,1.498152,0.040446,2.008884,-0.120266,0.394675,-0.398298,-0.02945,0.069777,0.0451,-0.242128,0.009703,0.114079,0.880035,-0.561073,0.065918,-0.482233,-0.150331,0.204254,1.138312,-0.354674,0.248814
0.1286,-1.563326,0.925801,0.022735002,0.009050002,0.77362,-0.63317704,0.139502,0.137662,-0.050233,-1.273952,-0.142115,-2.097389,-0.263339,-0.284778,0.323963,-0.498973,1.504537,0.032741,2.020582,-0.121251,0.39432,-0.395122,-0.027993,0.069653,0.048832,-0.226856,0.003131,0.118761,0.851823,-0.549961,0.067625,-0.46034,-0.158886,0.189227,1.105423,-0.369485,0.23483
0.127269,-1.565915,0.92886895,0.020591002,0.0091200005,0.77403307,-0.63274497,0.142291,0.133755,-0.042801,-1.28532,-0.132186,-2.097307,-0.239131,-0.28238,0.349143,-0.475086,1.503459,0.029951,2.030441,-0.130275,0.396542,-0.397892,-0.028619,0.066986,0.049315,-0.212454,0.002755,0.124276,0.824636,-0.539051,0.066386,-0.441287,-0.163365,0.172805,1.075623,-0.374558,0.221756
0.125399,-1.568672,0.93125296,0.019727001,0.009186,0.7738581,-0.632985,0.141554,0.131107,-0.034957,-1.29416,-0.123401,-2.097391,-0.223926,-0.279207,0.357238,-0.454786,1.501299,0.02642,2.039801,-0.132703,0.396416,-0.403281,-0.029031,0.068101,0.051967,-0.196532,-0.000672,0.126109,0.79865,-0.528965,0.063631,-0.421363,-0.169587,0.158429,1.050752,-0.382002,0.215613
0.123497,-1.571274,0.9338571,0.018233,0.008469,0.773733,-0.633193,0.140371,0.126425,-0.026994,-1.302857,-0.118371,-2.097721,-0.208535,-0.275854,0.369048,-0.437911,1.500279,0.021636,2.04808,-0.130251,0.394392,-0.405983,-0.031188,0.067138,0.052413,-0.181539,0.000653,0.130178,0.773307,-0.518857,0.059022,-0.403839,-0.172541,0.144116,1.027245,-0.384436,0.212421
0.12136126,-1.5737038,0.93603474,0.017039144,0.00806305,0.77280915,-0.6343578,0.13815726,0.12238149,-0.021583661,-1.3091862,-0.1118178,-2.097074,-0.19966307,-0.27468514,0.3724996,-0.42105904,1.4953866,0.016845586,2.0539932,-0.13143185,0.39395303,-0.4017955,-0.031861916,0.06559318,0.051107157,-0.16970144,0.0025977625,0.13253771,0.7517656,-0.5102491,0.05524146,-0.3881719,-0.17466773,0.13122357,1.0054517,-0.38743964,0.2099673
0.11893329,-1.5761586,0.9381828,0.01597013,0.0070701214,0.7711752,-0.6363837,0.13213475,0.11929737,-0.016875574,-1.3143294,-0.10584873,-2.0959942,-0.19685534,-0.27334014,0.36679173,-0.4022313,1.4911015,0.012209566,2.0602603,-0.13243988,0.39120537,-0.40521258,-0.033631783,0.06564,0.048904274,-0.15687656,0.004011827,0.13461675,0.7293087,-0.5011451,0.051491458,-0.371733,-0.17811659,0.11551391,0.9837846,-0.39072862,0.20806922
0.116446,-1.57858,0.94017,0.015345001,0.0061420016,0.769419,-0.63852996,0.128598,0.117205,-0.008595,-1.31685,-0.081559,-2.093592,-0.229933,-0.282214,0.2959,-0.381442,1.484768,0.009671,2.063781,-0.134881,0.392595,-0.407736,-0.034285,0.067611,0.045822,-0.143756,0.003349,0.136763,0.705474,-0.491294,0.048448,-0.357205,-0.182067,0.102607,0.963924,-0.393517,0.205198
0.114046,-1.5812562,0.941958,0.015182001,0.005482,0.767243,-0.6411529,0.12405,0.116444,-0.001312,-1.318308,-0.08009,-2.087444,-0.249738,-0.284577,0.263314,-0.357132,1.478496,0.005093,2.065336,-0.133221,0.390828,-0.410098,-0.035521,0.067472,0.042866,-0.129837,0.005263,0.136018,0.683932,-0.483129,0.044183,-0.338095,-0.18354,0.083445,0.942048,-0.397668,0.200073
0.111743286,-1.5838397,0.9437848,0.014822045,0.0048240805,0.76500815,-0.6438317,0.12026546,0.11598006,0.0067520156,-1.3224036,-0.07783528,-2.0785232,-0.23927028,-0.28074247,0.26844436,-0.32995033,1.4718388,0.0015244356,2.0656548,-0.13468783,0.39134395,-0.40735832,-0.03625691,0.06718403,0.039722383,-0.11704156,0.0069157984,0.13507411,0.6616548,-0.47396713,0.03984153,-0.32354978,-0.18346602,0.069381714,0.92524904,-0.39713305,0.19530158
0.10979499,-1.586383,0.94542897,0.014321,0.0041479995,0.762635,-0.64665705,0.116539,0.115315,0.014987,-1.326159,-0.075275,-2.06325,-0.224242,-0.274801,0.278652,-0.301692,1.46495,-0.003092,2.062709,-0.136245,0.391425,-0.404198,-0.035895,0.068426,0.036344,-0.105612,0.005264,0.13418,0.638821,-0.464385,0.036723,-0.312515,-0.18386,0.060266,0.910222,-0.397129,0.189247
0.107841,-1.589034,0.94734997,0.014043999,0.0035950004,0.76023114,-0.649491,0.112646,0.114021,0.026386,-1.327863,-0.067364,-2.042889,-0.211743,-0.272071,0.28139,-0.269786,1.456503,-0.003129,2.058837,-0.130057,0.390991,-0.401878,-0.036655,0.069138,0.034573,-0.090279,0.004439,0.132521,0.611815,-0.4528,0.034366,-0.295684,-0.186322,0.041871,0.890447,-0.39521,0.17991
0.10611401,-1.591561,0.949088,0.013627001,0.0029479996,0.75773704,-0.6524109,0.107076,0.111494,0.037328,-1.331364,-0.063616,-2.016621,-0.192762,-0.270948,0.290977,-0.236406,1.451473,-0.007514,2.052727,-0.123502,0.391639,-0.402412,-0.038826,0.068512,0.033379,-0.075967,0.00491,0.128072,0.588245,-0.442775,0.032544,-0.274099,-0.187453,0.020736,0.865728,-0.396938,0.174039
0.10468819,-1.5942287,0.9508779,0.013474017,0.0021111027,0.7553004,-0.65523666,0.1013277,0.11009217,0.050615374,-1.3353186,-0.05750575,-1.9884994,-0.18256724,-0.2718149,0.28943717,-0.20242615,1.4444299,-0.009261787,2.044482,-0.11707378,0.39033514,-0.39967433,-0.038500037,0.06794007,0.03289906,-0.064350426,0.0058568846,0.12265066,0.56388396,-0.43172038,0.029293397,-0.25564227,-0.18852888,-0.0017082599,0.8403231,-0.3955522,0.16549104
0.103177,-1.596924,0.95231694,0.013475999,0.0016779995,0.752812,-0.658096,0.09543,0.107584,0.065682,-1.338349,-0.050057,-1.958542,-0.175217,-0.272,0.290239,-0.167398,1.436865,-0.01333,2.032593,-0.104598,0.403564,-0.370467,-0.037751,0.0683,0.033467,-0.052021,0.005481,0.11838,0.539828,-0.4212,0.02588,-0.233695,-0.190578,-0.025087,0.811385,-0.397981,0.155511
0.101894,-1.599847,0.953687,0.013727999,0.001081,0.750511,-0.660714,0.09031,0.105211,0.083461,-1.341525,-0.045934,-1.929989,-0.167638,-0.274188,0.280294,-0.130999,1.431917,-0.015341,2.019402,-0.097227,0.415102,-0.359652,-0.034822,0.071587,0.033622,-0.038245,0.001784,0.117771,0.509725,-0.407926,0.021137,-0.219554,-0.1954,-0.041934,0.790021,-0.398401,0.153019
0.100733,-1.602502,0.954738,0.013655001,0.0003390002,0.74819195,-0.663342,0.083961,0.102721,0.099305,-1.343364,-0.039313,-1.899316,-0.160331,-0.277471,0.278234,-0.096185,1.431783,-0.019709,2.003116,-0.093888,0.405066,-0.382791,-0.033369,0.073759,0.032463,-0.027029,-0.000486,0.116048,0.485762,-0.397636,0.017507,-0.203347,-0.198162,-0.058433,0.766295,-0.40123,0.149075
0.099672005,-1.60513,0.955649,0.0138489995,-0.0004859997,0.745772,-0.66605693,0.076132,0.1008,0.114265,-1.345384,-0.033771,-1.867149,-0.150424,-0.279049,0.281898,-0.062946,1.428492,-0.023655,1.988249,-0.097811,0.388267,-0.401851,-0.031732,0.075799,0.031449,-0.016241,-0.001777,0.114404,0.463371,-0.388397,0.014233,-0.186331,-0.199959,-0.07487,0.741914,-0.404242,0.146742
0.09897199,-1.607793,0.95638406,0.013851001,-0.00072400016,0.74412006,-0.667902,0.069503,0.099492,0.131488,-1.348252,-0.03045,-1.834192,-0.141621,-0.27996,0.282661,-0.03048,1.425725,-0.02562,1.965747,-0.101873,0.379318,-0.403766,-0.029491,0.075869,0.032716,-0.00679,-0.002002,0.112113,0.443737,-0.38064,0.010211,-0.167423,-0.200547,-0.093785,0.714696,-0.40755,0.144142
0.09851,-1.610394,0.95690596,0.0138679985,-0.0012369998,0.743072,-0.669067,0.065619,0.097481,0.148418,-1.351006,-0.03041,-1.800336,-0.136276,-0.281139,0.275431,-0.001691,1.423581,-0.025182,1.940284,-0.098115,0.376361,-0.410455,-0.027861,0.077699,0.035361,0.00252,-0.004191,0.11016,0.42549,-0.373804,0.008653,-0.143556,-0.200978,-0.115709,0.678863,-0.413858,0.136463
0.098110005,-1.612971,0.95745,0.013485,-0.0017869996,0.741398,-0.67092794,0.060808,0.095089,0.164104,-1.354956,-0.028684,-1.764411,-0.129217,-0.286013,0.268731,0.027451,1.418246,-0.024207,1.916025,-0.083018,0.383449,-0.396493,-0.026761,0.078013,0.03592,0.011133,-0.005131,0.10794,0.407816,-0.367125,0.005099,-0.124294,-0.201443,-0.137165,0.650525,-0.415879,0.131396
0.097563,-1.615481,0.95780593,0.013184002,-0.0024890008,0.73974806,-0.67275,0.054067,0.092751,0.1767,-1.357981,-0.025167,-1.725528,-0.119689,-0.291169,0.277421,0.052974,1.419101,-0.024637,1.890436,-0.067184,0.391682,-0.389258,-0.024727,0.079455,0.035628,0.017671,-0.006778,0.105902,0.391438,-0.360733,0.00042,-0.109939,-0.202459,-0.154097,0.627497,-0.419119,0.131803
0.09718205,-1.6178466,0.958232,0.012702058,-0.0030429321,0.73879015,-0.6738089,0.050428446,0.089960344,0.19056831,-1.3617057,-0.025335979,-1.6883656,-0.116739355,-0.2929138,0.28271034,0.074415386,1.419071,-0.020975446,1.8626995,-0.058944006,0.39948505,-0.3926746,-0.02300921,0.08122178,0.037695747,0.025955988,-0.009423677,0.10483713,0.37236732,-0.35291895,-0.0010578197,-0.09321404,-0.20377085,-0.17307967,0.6011272,-0.42111975,0.12997822
0.09663601,-1.620077,0.95851004,0.012186001,-0.0036679995,0.7373589,-0.675381,0.043574,0.088193,0.20085,-1.36363,-0.023228,-1.649846,-0.113842,-0.296106,0.280176,0.095227,1.420093,-0.021254,1.834513,-0.05841,0.396558,-0.404068,-0.021537,0.082613,0.038237,0.031408,-0.011376,0.102156,0.358335,-0.347447,-0.002013,-0.079953,-0.204665,-0.188447,0.580053,-0.422836,0.130071
0.096364,-1.622309,0.958864,0.011173,-0.0043039992,0.736126,-0.676739,0.038213,0.085216,0.211999,-1.367238,-0.022937,-1.613023,-0.111217,-0.300343,0.2753,0.116126,1.416327,-0.019503,1.80996,-0.060925,0.389763,-0.415254,-0.020557,0.081174,0.039213,0.034532,-0.010214,0.099504,0.348341,-0.343939,-0.005159,-0.069039,-0.203032,-0.203391,0.561996,-0.421501,0.12763
0.095989995,-1.624494,0.95913494,0.010550001,-0.0046120007,0.735119,-0.67784107,0.033266,0.083295,0.222595,-1.369979,-0.023012,-1.576123,-0.105513,-0.307173,0.268196,0.134165,1.414009,-0.016477,1.7839,-0.057868,0.386428,-0.422483,-0.018338,0.080431,0.040102,0.038818,-0.010044,0.097492,0.335731,-0.339151,-0.008313,-0.054404,-0.201288,-0.219063,0.536515,-0.42096,0.128513
0.095760025,-1.6265936,0.9595089,0.009878082,-0.0050569456,0.73425514,-0.6787829,0.0316072,0.08159421,0.23268276,-1.3727206,-0.02260305,-1.5401564,-0.09973971,-0.3134992,0.26137683,0.14892219,1.4078617,-0.011926556,1.7566453,-0.05743505,0.3831134,-0.4347905,-0.016706198,0.079271145,0.040849905,0.04324846,-0.009197104,0.09619115,0.3231385,-0.3341676,-0.010145777,-0.043149374,-0.19941923,-0.2321524,0.5177263,-0.41808435,0.12902795
0.095423,-1.628627,0.959861,0.009239001,-0.00535,0.733159,-0.679974,0.028286,0.079849,0.240304,-1.374717,-0.019023,-1.502506,-0.098047,-0.317015,0.259973,0.163998,1.400444,-0.007146,1.729382,-0.054838,0.380047,-0.454475,-0.015303,0.078057,0.040207,0.04898,-0.008454,0.096268,0.308984,-0.328422,-0.01189,-0.033883,-0.198141,-0.241658,0.503647,-0.414863,0.130585
0.095291,-1.630567,0.960256,0.008456001,-0.0057509993,0.73237807,-0.6808219,0.026963,0.077076,0.247848,-1.377506,-0.017534,-1.465577,-0.095747,-0.323,0.258074,0.178151,1.391522,-0.003593,1.700921,-0.048114,0.384445,-0.457772,-0.014283,0.076497,0.040494,0.054076,-0.007564,0.096065,0.295838,-0.323009,-0.012623,-0.026634,-0.196274,-0.248457,0.491326,-0.411311,0.132715
0.095161,-1.632392,0.9606671,0.007701,-0.0062639997,0.731669,-0.68158793,0.024803,0.074405,0.25364,-1.37942,-0.016889,-1.427996,-0.089276,-0.329165,0.253719,0.190832,1.38646,-0.000485,1.672137,-0.045544,0.387416,-0.463614,-0.012296,0.074741,0.041693,0.056164,-0.005868,0.093859,0.285277,-0.318342,-0.013793,-0.021338,-0.19376,-0.254447,0.479406,-0.40751,0.134947
0.094878,-1.634106,0.960991,0.007262999,-0.0068,0.730615,-0.682717,0.021858,0.071841,0.258839,-1.380999,-0.014805,-1.391826,-0.088328,-0.332811,0.252149,0.20288,1.382764,0.000474,1.642325,-0.039641,0.395442,-0.460013,-0.010624,0.073771,0.040955,0.060189,-0.004444,0.092894,0.272567,-0.31271,-0.015871,-0.015805,-0.191678,-0.261539,0.468272,-0.403929,0.135973
0.09463101,-1.635705,0.961297,0.006907,-0.007312,0.72998905,-0.683385,0.020476,0.069244,0.265006,-1.383527,-0.013852,-1.357473,-0.083359,-0.334068,0.257217,0.215019,1.387519,0.000243,1.612329,-0.032679,0.40182,-0.474868,-0.00958,0.072721,0.040612,0.065404,-0.002699,0.093493,0.259369,-0.306863,-0.018079,-0.009427,-0.188879,-0.268306,0.456697,-0.400095,0.135969
0.09434798,-1.637266,0.96149296,0.006648001,-0.008115001,0.72935,-0.68406004,0.018726,0.066423,0.269648,-1.382914,-0.012375,-1.322792,-0.080081,-0.336907,0.25496,0.225491,1.392324,-0.002164,1.585449,-0.021157,0.403965,-0.471295,-0.008485,0.07252,0.040931,0.068958,-0.001014,0.091537,0.248355,-0.301949,-0.021782,-0.004763,-0.18653,-0.274855,0.447758,-0.397551,0.135394
0.09412,-1.638793,0.961704,0.006578,-0.008646,0.7290929,-0.6843281,0.018542,0.063667,0.275054,-1.383979,-0.011526,-1.289118,-0.077074,-0.339485,0.259032,0.234297,1.396673,-0.00745,1.555801,-0.009561,0.402233,-0.466541,-0.006422,0.07239,0.043462,0.072746,0.000501,0.090179,0.235809,-0.295891,-0.02427,-6.8e-05,-0.184473,-0.282643,0.43842,-0.394633,0.135814
0.093867,-1.640344,0.961723,0.006391,-0.009117,0.7287979,-0.684639,0.017619,0.061129,0.279903,-1.383557,-0.009595,-1.257349,-0.067254,-0.33907,0.270386,0.242311,1.397602,-0.010702,1.525931,0.001851,0.404915,-0.451688,-0.005077,0.072529,0.045333,0.076623,0.001465,0.08907,0.225694,-0.291739,-0.026897,0.003548,-0.183432,-0.288211,0.432701,-0.393883,0.136273
0.093678,-1.641869,0.961903,0.006178,-0.009377,0.728595,-0.684853,0.017584,0.058535,0.284565,-1.383973,-0.008622,-1.223886,-0.069581,-0.34248,0.269623,0.251335,1.403021,-0.013207,1.500082,0.009637,0.402508,-0.457502,-0.002115,0.071131,0.047876,0.078613,0.003834,0.086045,0.215135,-0.286759,-0.029843,0.00757,-0.180395,-0.294425,0.42238,-0.390416,0.136802
0.09337,-1.643373,0.96193707,0.005858999,-0.009628001,0.7278641,-0.68562895,0.015347,0.055143,0.287095,-1.38339,-0.007564,-1.190482,-0.069817,-0.344956,0.261664,0.260195,1.404585,-0.016942,1.474459,0.017391,0.406174,-0.453012,-4.2e-05,0.07013,0.047856,0.080898,0.005416,0.084401,0.206404,-0.283222,-0.032698,0.010893,-0.178454,-0.298312,0.414845,-0.388624,0.137369
0.093171,-1.644765,0.9620861,0.0053340006,-0.009943999,0.727421,-0.68609804,0.015501,0.05108,0.289722,-1.385258,-0.009312,-1.156919,-0.069352,-0.347712,0.255968,0.267943,1.40706,-0.019186,1.44915,0.035095,0.403921,-0.453314,0.001734,0.068475,0.049005,0.082795,0.007516,0.082929,0.197211,-0.278874,-0.03598,0.013919,-0.175765,-0.303156,0.406608,-0.385867,0.138325
0.092916034,-1.6461017,0.96208596,0.0049670446,-0.010078984,0.72755504,-0.68595695,0.0152000375,0.047824398,0.29330158,-1.3851501,-0.011650715,-1.1257439,-0.062043894,-0.34958977,0.25199047,0.27398425,1.407337,-0.016626311,1.4228622,0.053974696,0.40060738,-0.45851138,0.0036417672,0.067372136,0.051247727,0.084577784,0.009022815,0.0821751,0.19020787,-0.27613434,-0.038132735,0.016681664,-0.17392223,-0.30677655,0.40043175,-0.38458517,0.13880394
0.09277001,-1.6473479,0.9621899,0.0045860466,-0.01058294,0.727587,-0.6859181,0.015666943,0.043771494,0.2955917,-1.3859599,-0.013606762,-1.0947658,-0.058907382,-0.3488961,0.25316286,0.2789364,1.4089868,-0.0146162445,1.3928927,0.0654266,0.39711243,-0.4732162,0.0046258797,0.06683907,0.052819807,0.08808857,0.010023878,0.0830329,0.18024021,-0.27169654,-0.038590945,0.019324677,-0.17211722,-0.31071752,0.39423275,-0.3827832,0.13955191
0.092563,-1.64861,0.9622489,0.004329,-0.010976999,0.727757,-0.6857339,0.015743,0.04058,0.297495,-1.385727,-0.014267,-1.062928,-0.058105,-0.350545,0.248499,0.282758,1.407884,-0.010437,1.363264,0.076309,0.398764,-0.476648,0.005496,0.065858,0.054294,0.090804,0.011898,0.083969,0.173211,-0.268954,-0.039894,0.023321,-0.169258,-0.314991,0.386647,-0.380573,0.139638
0.092394,-1.6498699,0.962303,0.0039270003,-0.011337,0.727651,-0.685842,0.01474,0.037679,0.298306,-1.384716,-0.014973,-1.030189,-0.061677,-0.355185,0.237796,0.287032,1.408107,-0.009452,1.333297,0.083071,0.395874,-0.475263,0.005847,0.064596,0.054677,0.094084,0.013584,0.085587,0.166161,-0.266424,-0.040703,0.027778,-0.166423,-0.318943,0.378614,-0.378079,0.139649
0.092190996,-1.650974,0.962305,0.0038740004,-0.011736999,0.727781,-0.68569803,0.015351,0.035562,0.298797,-1.383557,-0.010766,-0.995449,-0.073237,-0.361243,0.238774,0.288759,1.40655,-0.007123,1.300466,0.092184,0.396723,-0.467183,0.006806,0.064348,0.055259,0.096982,0.014658,0.087421,0.15935,-0.263876,-0.040818,0.030283,-0.164428,-0.321153,0.373307,-0.37674,0.139464
0.091988,-1.652077,0.962308,0.003542,-0.012183001,0.7278339,-0.685636,0.016285,0.032913,0.297971,-1.383671,-0.007605,-0.962802,-0.069419,-0.360611,0.255871,0.290496,1.405556,-0.00239,1.267721,0.101852,0.39404,-0.473297,0.006888,0.063883,0.055599,0.099515,0.015571,0.089085,0.154158,-0.262208,-0.041034,0.033246,-0.162612,-0.323429,0.368172,-0.375572,0.139374
0.09190899,-1.653088,0.962329,0.0032709993,-0.012499001,0.728135,-0.685312,0.017275,0.030214,0.297984,-1.384467,-0.009359,-0.933299,-0.066835,-0.359412,0.25758,0.291257,1.404705,0.003575,1.23655,0.107375,0.390996,-0.483019,0.007265,0.063015,0.056075,0.102367,0.016633,0.091526,0.148407,-0.260281,-0.04091,0.036009,-0.160482,-0.324978,0.36249,-0.37381,0.139411
0.091632,-1.654128,0.962369,0.0026360003,-0.013217001,0.727988,-0.68545705,0.018308,0.026505,0.297158,-1.38396,-0.009346,-0.904664,-0.071973,-0.35887,0.255473,0.291494,1.403367,0.00691,1.2064,0.109593,0.391779,-0.477803,0.006174,0.06208,0.054068,0.105341,0.018193,0.095015,0.143984,-0.259432,-0.041074,0.039188,-0.157874,-0.32567,0.356594,-0.372164,0.138731
0.09152701,-1.655005,0.96240705,0.002213,-0.013847999,0.72796607,-0.6854689,0.018578,0.023593,0.295953,-1.382587,-0.009028,-0.87754,-0.063019,-0.350974,0.251835,0.291269,1.399556,0.013579,1.177047,0.121444,0.390933,-0.471057,0.005216,0.061466,0.053215,0.108318,0.019389,0.097612,0.139422,-0.25817,-0.04121,0.042326,-0.155693,-0.32723,0.351245,-0.370488,0.138443
0.091372,-1.655809,0.96240795,0.0018090003,-0.014402,0.72833705,-0.68506503,0.019895,0.0214,0.294677,-1.381175,-0.0106,-0.849271,-0.061879,-0.350618,0.244679,0.287594,1.395549,0.021192,1.144077,0.129553,0.394791,-0.458237,0.004179,0.060982,0.05287,0.111602,0.020403,0.100623,0.134864,-0.256923,-0.041344,0.044915,-0.153809,-0.327462,0.34727,-0.369573,0.137813
0.091299,-1.656522,0.962445,0.0016080004,-0.015158999,0.7283859,-0.684997,0.020199,0.019664,0.292555,-1.379507,-0.005164,-0.819806,-0.069672,-0.350478,0.257512,0.283687,1.391577,0.03204,1.11064,0.136914,0.396289,-0.45659,0.002942,0.060669,0.051144,0.114921,0.021811,0.104186,0.130617,-0.255834,-0.041652,0.047463,-0.151372,-0.326842,0.342702,-0.368053,0.13734
0.091104,-1.657297,0.962433,0.0015110001,-0.015876,0.728499,-0.684861,0.020565,0.018781,0.290684,-1.378745,-0.003965,-0.792381,-0.074301,-0.341083,0.288749,0.280868,1.38942,0.043702,1.079837,0.141654,0.392643,-0.464079,0.002164,0.060657,0.049889,0.117354,0.023241,0.10705,0.127566,-0.255323,-0.042399,0.049666,-0.149113,-0.326221,0.338869,-0.367181,0.136629
0.09103601,-1.6580111,0.962438,0.0013069996,-0.016533002,0.7284871,-0.6848589,0.020296,0.019121,0.28795,-1.375271,0.00924,-0.762441,-0.065351,-0.33709,0.258145,0.277613,1.387158,0.053512,1.049427,0.137844,0.386673,-0.473433,0.001458,0.060349,0.048562,0.119555,0.024506,0.10973,0.124426,-0.25467,-0.043287,0.051859,-0.147042,-0.325916,0.334536,-0.365829,0.136151
0.090914,-1.658676,0.9624639,0.0013189998,-0.017008001,0.72849107,-0.68484294,0.020374,0.020105,0.283819,-1.373437,0.015486,-0.729734,-0.057371,-0.327064,0.238804,0.274198,1.38236,0.061992,1.018773,0.133117,0.387699,-0.461553,0.001262,0.059813,0.047611,0.121679,0.026259,0.111848,0.121135,-0.253746,-0.04398,0.05525,-0.144193,-0.326703,0.328019,-0.363373,0.135824
0.090801015,-1.6592709,0.9624689,0.0013189998,-0.017008001,0.72849107,-0.68484294,0.019158147,0.020974893,0.27803472,-1.3715103,0.022847103,-0.69280946,-0.060602605,-0.32370242,0.23008105,0.26988155,1.3799434,0.07035998,0.9896465,0.13456182,0.3846364,-0.45789644,0.000615079,0.059914988,0.04692408,0.12358777,0.027263878,0.113415815,0.11808037,-0.25280413,-0.044672914,0.057700697,-0.1425252,-0.3274239,0.32382753,-0.36207816,0.13561003
0.090725,-1.659756,0.96249396,0.0012040004,-0.018279998,0.728662,-0.684629,0.019657,0.021128,0.273156,-1.369893,0.030999,-0.654948,-0.069889,-0.32536,0.237658,0.265932,1.379114,0.0788,0.962749,0.135881,0.380973,-0.466332,-0.000273,0.060182,0.047045,0.126036,0.028183,0.115152,0.114457,-0.251433,-0.044831,0.060451,-0.140865,-0.328095,0.319595,-0.360657,0.135673
0.090621,-1.660315,0.962477,0.0010319997,-0.018868001,0.72859293,-0.684686,0.018978,0.020958,0.267555,-1.368472,0.039914,-0.618625,-0.072507,-0.323582,0.235138,0.263605,1.378892,0.082422,0.941238,0.133042,0.385807,-0.463475,-0.001335,0.060199,0.046712,0.128071,0.029177,0.116325,0.112114,-0.250962,-0.045669,0.063261,-0.139358,-0.329024,0.315763,-0.359631,0.135618
0.09052402,-1.6608679,0.962493,0.0010319997,-0.018868001,0.72859293,-0.684686,0.018189097,0.020524055,0.26313055,-1.368287,0.047753043,-0.5866159,-0.07511968,-0.31987444,0.23559894,0.2612853,1.3780541,0.08699344,0.9197816,0.13534272,0.3880617,-0.46016738,-0.002620843,0.059886042,0.0459081,0.12988077,0.030217873,0.117622845,0.109853275,-0.25046706,-0.046583887,0.06559471,-0.13786319,-0.32930496,0.31218043,-0.3585821,0.13589497
0.09043801,-1.661346,0.962512,0.00065800006,-0.019476,0.7284791,-0.6847911,0.01778405,0.019837083,0.2598144,-1.3659593,0.058044743,-0.55895334,-0.07410913,-0.31296784,0.23795971,0.25841537,1.3765671,0.094343096,0.8970948,0.14050338,0.388139,-0.4608849,-0.003996832,0.059594035,0.045444056,0.13130581,0.03138486,0.11854289,0.10837818,-0.25036204,-0.047680866,0.06760476,-0.13646616,-0.329393,0.30925635,-0.3578651,0.13663091
0.090442,-1.661813,0.96250004,4.1000345e-05,-0.020611,0.728616,-0.68461204,0.017679,0.019278,0.258589,-1.365105,0.067374,-0.534991,-0.079733,-0.310475,0.224509,0.253111,1.369367,0.112141,0.865964,0.150925,0.365601,-0.472076,-0.004585,0.05951,0.04565,0.133017,0.032085,0.119455,0.105299,-0.249265,-0.048602,0.069031,-0.13553,-0.329147,0.306864,-0.357383,0.137427
0.09039201,-1.662233,0.962521,-0.00014700028,-0.021179998,0.72870094,-0.6845049,0.0163,0.019145,0.258649,-1.364258,0.070853,-0.516765,-0.064975,-0.304119,0.2396,0.251019,1.367551,0.126848,0.843457,0.153532,0.354406,-0.490389,-0.005154,0.059397,0.045817,0.13394,0.033319,0.119332,0.103231,-0.248533,-0.049949,0.070608,-0.134285,-0.329168,0.304023,-0.356691,0.139416
0.090314016,-1.6626529,0.962539,-0.00014700028,-0.021179998,0.72870094,-0.6845049,0.014443226,0.01824811,0.25905094,-1.3635762,0.068974234,-0.5011989,-0.046702232,-0.2951681,0.26802352,0.24933319,1.3661871,0.13398813,0.8230134,0.15334103,0.3497066,-0.490413,-0.0053569754,0.05915803,0.04571101,0.1347349,0.034510855,0.11980994,0.10062631,-0.24742213,-0.051486813,0.072138816,-0.13293417,-0.32923296,0.30055943,-0.3556761,0.14099881
0.09024099,-1.662994,0.96257097,-0.0005489996,-0.022074,0.7285599,-0.68462604,0.013409,0.017659,0.260197,-1.362849,0.0688,-0.485891,-0.04854,-0.291468,0.267281,0.247634,1.364753,0.139036,0.802057,0.152951,0.348236,-0.487638,-0.005718,0.058631,0.045795,0.136195,0.035835,0.120032,0.097197,-0.245806,-0.052773,0.074538,-0.1313,-0.330319,0.296115,-0.354064,0.142752
0.090127,-1.663293,0.96254003,-0.00067199994,-0.022403,0.7282019,-0.6849961,0.011246,0.017283,0.26192,-1.362084,0.07601,-0.469337,-0.065588,-0.294648,0.236619,0.247367,1.362661,0.14644,0.784102,0.153115,0.344413,-0.486369,-0.006328,0.05837,0.044876,0.137244,0.036922,0.120188,0.095924,-0.245548,-0.054608,0.076651,-0.130197,-0.330787,0.293213,-0.353317,0.143923
0.08998801,-1.663568,0.962574,-0.0007540004,-0.022458,0.7276531,-0.6855769,0.009882,0.017087,0.263625,-1.361582,0.082174,-0.455051,-0.074452,-0.296801,0.231281,0.247993,1.360891,0.155071,0.766738,0.158731,0.337778,-0.495522,-0.005985,0.057489,0.043372,0.137529,0.038306,0.119994,0.094417,-0.244889,-0.055551,0.078493,-0.128585,-0.331155,0.288892,-0.351532,0.146012
0.08981401,-1.663839,0.96256,-0.0009100008,-0.022918997,0.727324,-0.6859109,0.008152,0.01647,0.264101,-1.360684,0.085273,-0.441693,-0.070705,-0.29339,0.234475,0.247576,1.360655,0.159843,0.749203,0.162997,0.331833,-0.497118,-0.007188,0.057634,0.042561,0.138928,0.039098,0.12031,0.09311,-0.244567,-0.05658,0.080937,-0.127625,-0.331693,0.286159,-0.350914,0.146598
0.089668006,-1.664077,0.962556,-0.00095599936,-0.023154998,0.7267289,-0.686533,0.006382,0.015998,0.264498,-1.359889,0.091398,-0.42759,-0.070341,-0.29195,0.242062,0.247327,1.358888,0.166385,0.730905,0.162876,0.328419,-0.496662,-0.007515,0.057557,0.040936,0.139635,0.039781,0.12032,0.091891,-0.244142,-0.05732,0.082334,-0.126861,-0.33257,0.28425,-0.350465,0.148303
0.08944799,-1.664329,0.9625139,-0.0010740004,-0.023523,0.72645706,-0.68680805,0.004249,0.016119,0.265559,-1.359535,0.090169,-0.41595,-0.071463,-0.290427,0.23955,0.246743,1.357449,0.175588,0.71163,0.163583,0.324566,-0.50503,-0.008373,0.057781,0.040941,0.140919,0.040491,0.120061,0.090169,-0.243466,-0.058696,0.085159,-0.125968,-0.334282,0.281139,-0.349834,0.148773
0.089303,-1.664555,0.962482,-0.0010430004,-0.023583,0.72618306,-0.687096,0.002483,0.016407,0.26773,-1.357895,0.094673,-0.405637,-0.066437,-0.287594,0.245705,0.24637,1.356824,0.182623,0.694195,0.167469,0.317115,-0.51212,-0.008129,0.057782,0.041119,0.141515,0.040962,0.119282,0.088442,-0.242644,-0.059205,0.086716,-0.125478,-0.334582,0.279198,-0.349708,0.151191
0.089018,-1.664746,0.9624721,-0.0011049999,-0.023827998,0.72569597,-0.687601,0.001298,0.016349,0.268979,-1.357142,0.094494,-0.397167,-0.067853,-0.286076,0.237215,0.246083,1.35522,0.190737,0.675914,0.169336,0.313436,-0.512307,-0.00842,0.058023,0.040657,0.142021,0.041541,0.118216,0.087018,-0.241919,-0.059669,0.08793,-0.125483,-0.334623,0.27892,-0.350707,0.156633
0.08881901,-1.664871,0.962514,-0.0012499818,-0.024116963,0.72536397,-0.687942,-0.0001338252,0.015728075,0.2706298,-1.3555303,0.09908044,-0.38947195,-0.06735906,-0.28553805,0.23110175,0.24546008,1.3547521,0.1973652,0.6578552,0.17095979,0.30705076,-0.51991904,-0.009182907,0.05767504,0.040116064,0.14266491,0.042713854,0.117947035,0.086133115,-0.24149907,-0.060609885,0.089739785,-0.12444913,-0.3362078,0.2770172,-0.35034302,0.16084148
0.08856303,-1.665032,0.96255493,-0.00125,-0.024116999,0.72536397,-0.6879421,-0.0009808966,0.015371044,0.27175388,-1.3548951,0.10020586,-0.38162094,-0.06015088,-0.2808386,0.23092102,0.24575198,1.354409,0.20250237,0.64076406,0.16814736,0.30007687,-0.5255153,-0.009715936,0.057065073,0.03986503,0.14309695,0.04370088,0.11683613,0.0852401,-0.24101806,-0.06102995,0.09121482,-0.12378008,-0.3377708,0.27580816,-0.350372,0.16566242
0.088276,-1.665206,0.962535,-0.0016179993,-0.024377,0.724588,-0.6887491,-0.001913,0.014946,0.274304,-1.35403,0.102273,-0.37875,-0.055581,-0.281013,0.230004,0.246217,1.355467,0.206621,0.624875,0.16758,0.289234,-0.53588,-0.010427,0.057099,0.040114,0.143887,0.044363,0.115898,0.084393,-0.240687,-0.061605,0.093242,-0.123273,-0.339529,0.274438,-0.350548,0.168167
0.088025995,-1.665409,0.96253794,-0.0017019999,-0.024381,0.723954,-0.68941504,-0.004401,0.014612,0.276474,-1.353611,0.10642,-0.37536,-0.052077,-0.278229,0.230558,0.24762,1.35538,0.20932,0.609244,0.171322,0.279561,-0.544834,-0.011001,0.056726,0.039666,0.144488,0.045195,0.114613,0.084215,-0.240741,-0.061859,0.095998,-0.122118,-0.342127,0.271253,-0.349498,0.169429
0.087673046,-1.6656079,0.962512,-0.0018819787,-0.024517983,0.7232402,-0.69015896,-0.0072306544,0.014247045,0.27846172,-1.3526651,0.10768485,-0.37386617,-0.048443444,-0.27815604,0.2298811,0.24855089,1.35518,0.21223964,0.5938889,0.17689931,0.27245286,-0.54923946,-0.0117059145,0.056714002,0.03927605,0.14469598,0.045871917,0.1130042,0.08434098,-0.24090697,-0.062669896,0.09781677,-0.12168805,-0.34467968,0.2703551,-0.34990498,0.17165673
0.087418005,-1.665814,0.96252394,-0.0019500002,-0.024528,0.722539,-0.690892,-0.009378,0.014671,0.281626,-1.352542,0.107479,-0.374649,-0.045129,-0.276929,0.228629,0.249678,1.354302,0.217381,0.577852,0.177872,0.265517,-0.549399,-0.011901,0.056476,0.038451,0.145196,0.046421,0.111938,0.083325,-0.240406,-0.062535,0.099276,-0.12096,-0.346304,0.268652,-0.349516,0.17342
0.08702799,-1.666025,0.96246296,-0.0021019997,-0.024371,0.72160906,-0.6918691,-0.01285,0.014707,0.283828,-1.352428,0.107884,-0.375217,-0.041327,-0.275341,0.230373,0.25172,1.355313,0.216579,0.563633,0.179756,0.263075,-0.551636,-0.012368,0.056034,0.037034,0.145653,0.047062,0.110861,0.083782,-0.240939,-0.063216,0.101167,-0.120412,-0.348137,0.267774,-0.349958,0.175132
0.086775,-1.666239,0.9624671,-0.0023830002,-0.024256002,0.720993,-0.69251406,-0.013315,0.013534,0.286652,-1.35222,0.109689,-0.375832,-0.036389,-0.274514,0.232007,0.253264,1.354565,0.219586,0.550321,0.177872,0.258411,-0.554547,-0.012723,0.055275,0.036223,0.145992,0.047672,0.109962,0.083536,-0.240994,-0.063239,0.102493,-0.119691,-0.349584,0.266275,-0.349626,0.176437
0.086396046,-1.666459,0.962422,-0.0023830002,-0.024256002,0.720993,-0.69251406,-0.01454085,0.011452254,0.28815082,-1.352106,0.11109983,-0.3749191,-0.028569955,-0.27256924,0.2336578,0.25578466,1.3549999,0.21844913,0.5396663,0.17833593,0.2524757,-0.5579706,-0.013826866,0.05463208,0.034954157,0.14692087,0.04830392,0.10944807,0.083710976,-0.24147093,-0.06391992,0.10418179,-0.11909708,-0.35087186,0.2656031,-0.34996796,0.17663997
0.086183995,-1.666717,0.962398,-0.0030869998,-0.024067,0.7197701,-0.693789,-0.014645,0.009694,0.289965,-1.352196,0.113095,-0.373202,-0.024379,-0.270432,0.233193,0.257703,1.353899,0.218348,0.528927,0.180125,0.251332,-0.55623,-0.014568,0.053711,0.034086,0.147813,0.048916,0.109215,0.083644,-0.241851,-0.064289,0.105752,-0.118257,-0.351973,0.264244,-0.349736,0.177023
0.085795,-1.666984,0.962326,-0.0032880001,-0.023953998,0.719203,-0.694379,-0.015693,0.00804,0.29111,-1.352768,0.110937,-0.370486,-0.02017,-0.268374,0.233117,0.259655,1.353875,0.220095,0.519497,0.17717,0.245409,-0.555082,-0.015498,0.053213,0.033206,0.148093,0.049712,0.108511,0.085708,-0.243412,-0.065348,0.107744,-0.117385,-0.3535,0.263473,-0.350158,0.176869
0.085478,-1.667228,0.962278,-0.003466,-0.023904001,0.718881,-0.694713,-0.015374,0.006491,0.293384,-1.352312,0.113507,-0.368994,-0.018177,-0.265891,0.234789,0.260967,1.353298,0.221394,0.510406,0.177655,0.242147,-0.554581,-0.016327,0.052849,0.033151,0.148552,0.050346,0.108004,0.086822,-0.24432,-0.066061,0.109669,-0.11652,-0.355093,0.262388,-0.350319,0.1768
0.085207,-1.667485,0.962245,-0.0036109998,-0.024060002,0.7185721,-0.695026,-0.016134,0.005382,0.295058,-1.351677,0.116007,-0.366705,-0.017788,-0.262867,0.236451,0.262327,1.352487,0.22503,0.501053,0.176967,0.23523,-0.553774,-0.017288,0.053141,0.033252,0.149036,0.05045,0.107429,0.08722,-0.244661,-0.066333,0.111641,-0.116109,-0.356876,0.26123,-0.350462,0.176543
0.084937,-1.667762,0.962172,-0.0036779998,-0.024196003,0.718429,-0.69517004,-0.016121,0.004945,0.297225,-1.351371,0.115854,-0.364165,-0.015432,-0.259923,0.236672,0.262943,1.351918,0.228723,0.492271,0.175475,0.232536,-0.553596,-0.017992,0.053462,0.0334,0.149906,0.050611,0.107573,0.08709,-0.2449,-0.066833,0.113384,-0.115565,-0.358232,0.260136,-0.350648,0.174922
0.084703,-1.668013,0.962122,-0.0035889999,-0.024222,0.718165,-0.695442,-0.017649,0.00554,0.299314,-1.351211,0.114781,-0.361476,-0.012856,-0.258423,0.24012,0.263886,1.349929,0.236832,0.484165,0.172792,0.231041,-0.553042,-0.018326,0.053594,0.033447,0.15084,0.051022,0.107365,0.086539,-0.244801,-0.067152,0.116023,-0.114263,-0.360724,0.256804,-0.349466,0.172871
0.084392,-1.6682769,0.962043,-0.0036839996,-0.024459,0.717691,-0.695922,-0.020275,0.00586,0.300875,-1.350485,0.113274,-0.359523,-0.007982,-0.253806,0.243922,0.266307,1.351601,0.23237,0.478035,0.175216,0.226523,-0.555798,-0.019453,0.053997,0.032249,0.151666,0.051232,0.107682,0.087175,-0.245543,-0.068051,0.118098,-0.113676,-0.361893,0.255322,-0.349408,0.17053
0.08415303,-1.6685249,0.962051,-0.0036839996,-0.024459,0.717691,-0.695922,-0.022644712,0.0062679504,0.30305573,-1.3495471,0.11174319,-0.3580122,-0.0005369089,-0.24955952,0.25147507,0.26763585,1.351459,0.23450975,0.4714278,0.17737073,0.22404131,-0.5520984,-0.019881947,0.054269966,0.031786054,0.15172598,0.05147197,0.10740103,0.087568946,-0.24570598,-0.06800201,0.12028373,-0.11270611,-0.36322483,0.2521534,-0.34823614,0.1696521
0.08386203,-1.668831,0.961974,-0.0036829999,-0.024601001,0.71738803,-0.69623,-0.024732744,0.0070019104,0.3053027,-1.3479803,0.11046115,-0.358031,0.0062151756,-0.24592443,0.2581112,0.26816493,1.3502691,0.24204908,0.4648138,0.1732185,0.22018147,-0.5492384,-0.021055857,0.05503091,0.030856114,0.15259789,0.05155999,0.10811092,0.08816692,-0.24638192,-0.068678916,0.12227376,-0.11237104,-0.36388895,0.2512431,-0.34866095,0.16865312
0.083666004,-1.669066,0.961959,-0.0036520003,-0.024952,0.716992,-0.696625,-0.024802,0.008126,0.307655,-1.346898,0.10816,-0.357104,0.011792,-0.244763,0.25871,0.268853,1.349049,0.248049,0.459005,0.172147,0.21773,-0.547704,-0.021669,0.055168,0.030297,0.153395,0.051699,0.108596,0.088547,-0.246602,-0.068703,0.124711,-0.111561,-0.364613,0.248599,-0.347823,0.168498
0.08341,-1.669354,0.96187407,-0.00362,-0.025202,0.716761,-0.69685405,-0.025675,0.009324,0.309502,-1.345456,0.108534,-0.355663,0.015174,-0.246838,0.261188,0.269425,1.348607,0.253272,0.453026,0.169587,0.216531,-0.547433,-0.022756,0.055671,0.02875,0.154554,0.051916,0.110216,0.089206,-0.247423,-0.069417,0.126489,-0.111024,-0.364344,0.247651,-0.348043,0.166724
0.08323803,-1.6696019,0.96181506,-0.0037179883,-0.025240995,0.7164591,-0.697162,-0.025677,0.010292882,0.3110558,-1.3441502,0.109556876,-0.35451716,0.01777468,-0.24796486,0.2661854,0.27028692,1.3473212,0.25692055,0.4482916,0.16932604,0.21469723,-0.547165,-0.023611896,0.05576599,0.027034208,0.15615681,0.05166003,0.11215676,0.088456094,-0.24724203,-0.06980495,0.12842676,-0.11056905,-0.36437,0.24570523,-0.3474961,0.16434729
0.083070025,-1.669839,0.96174103,-0.0038179872,-0.025168007,0.7164179,-0.69720614,-0.026358917,0.011158894,0.3126568,-1.343469,0.10866511,-0.35310817,0.022087473,-0.24764504,0.26983154,0.27164382,1.347849,0.25423333,0.44546634,0.1717747,0.21298721,-0.5480309,-0.024439897,0.055571023,0.025954133,0.15791577,0.051640004,0.11408177,0.087984055,-0.24734399,-0.070263945,0.13077772,-0.109776095,-0.36440298,0.24319132,-0.3466931,0.1616923
0.082895,-1.670098,0.96173704,-0.0042970004,-0.025178999,0.71609896,-0.697531,-0.026574,0.011377,0.313225,-1.343314,0.10847,-0.350905,0.029061,-0.245174,0.272236,0.273201,1.347657,0.252247,0.444046,0.175934,0.211947,-0.548566,-0.025693,0.054804,0.024252,0.158941,0.051816,0.115514,0.088221,-0.247667,-0.071015,0.132282,-0.109052,-0.363813,0.2415,-0.346194,0.160397
0.08285901,-1.670364,0.96174,-0.004561,-0.025095003,0.716383,-0.69724,-0.025985,0.012254,0.314965,-1.34359,0.108558,-0.34905,0.033043,-0.244104,0.275716,0.273284,1.346774,0.251226,0.441661,0.180448,0.211594,-0.545931,-0.026381,0.054211,0.023856,0.15991,0.051895,0.116988,0.088504,-0.24791,-0.071201,0.133571,-0.108524,-0.363213,0.239828,-0.345515,0.159799
0.08276901,-1.670648,0.961674,-0.0049330005,-0.025004998,0.716867,-0.696744,-0.025184,0.012543,0.317019,-1.343978,0.109431,-0.347125,0.034036,-0.24409,0.279792,0.273096,1.345528,0.253495,0.44082,0.181246,0.21103,-0.544901,-0.027095,0.053389,0.024757,0.160805,0.052376,0.118065,0.088672,-0.248536,-0.072103,0.134845,-0.107792,-0.363403,0.238837,-0.345532,0.158808
0.082693994,-1.670925,0.961691,-0.005259999,-0.025010997,0.716897,-0.696711,-0.026415,0.013865,0.317913,-1.344326,0.109471,-0.345292,0.034467,-0.242951,0.28375,0.273801,1.343978,0.254792,0.440287,0.182264,0.210013,-0.543629,-0.027824,0.052832,0.023899,0.162477,0.052311,0.119739,0.086985,-0.247586,-0.072338,0.136246,-0.107184,-0.363182,0.236589,-0.344551,0.158167
0.082507,-1.671186,0.961603,-0.005552,-0.024943002,0.716967,-0.696639,-0.027712,0.014601,0.318707,-1.344425,0.110538,-0.34344,0.034182,-0.241755,0.287245,0.274496,1.343092,0.2536,0.440136,0.184587,0.209291,-0.542327,-0.02861,0.052328,0.023345,0.163901,0.052463,0.120926,0.086474,-0.247913,-0.072831,0.137512,-0.106836,-0.362855,0.236054,-0.344902,0.15708
0.082486995,-1.671465,0.961603,-0.0059089996,-0.024912,0.7171949,-0.696402,-0.028051,0.015389,0.31979,-1.344738,0.111689,-0.342364,0.034795,-0.241356,0.290344,0.274705,1.341353,0.253829,0.439639,0.186242,0.208578,-0.540902,-0.029068,0.051732,0.023585,0.165029,0.052399,0.122,0.085155,-0.247358,-0.072751,0.138339,-0.106572,-0.362619,0.234761,-0.344472,0.157014
0.08236201,-1.671673,0.961534,-0.0061059995,-0.024856,0.7173249,-0.6962689,-0.028752,0.016373,0.320354,-1.344844,0.112454,-0.34127,0.036888,-0.240226,0.293508,0.274329,1.339456,0.25653,0.437882,0.18682,0.207421,-0.539807,-0.029547,0.051139,0.023202,0.165624,0.052896,0.12305,0.085757,-0.248276,-0.073497,0.139041,-0.106094,-0.362078,0.234524,-0.344777,0.156641
0.082338996,-1.671884,0.961511,-0.0062189996,-0.024794,0.71754193,-0.69604605,-0.028308,0.018126,0.321344,-1.345234,0.112762,-0.340795,0.038151,-0.240136,0.295794,0.274027,1.338004,0.257424,0.436436,0.188315,0.20664,-0.538511,-0.029745,0.050847,0.02339,0.16657,0.052919,0.123859,0.085025,-0.248027,-0.073588,0.140197,-0.105749,-0.362062,0.232931,-0.344225,0.156584
0.082241,-1.672125,0.9614481,-0.0062639997,-0.024778,0.71754694,-0.6960409,-0.02839,0.01914,0.321812,-1.345222,0.113269,-0.340368,0.039691,-0.239915,0.297409,0.273565,1.336968,0.257525,0.433894,0.188988,0.206582,-0.536901,-0.029803,0.050683,0.023071,0.167399,0.05311,0.124565,0.08435,-0.247988,-0.074149,0.140891,-0.105438,-0.361986,0.23228,-0.344297,0.156289
0.08208201,-1.672295,0.9613689,-0.006258,-0.024873,0.71745706,-0.696131,-0.0288,0.01986,0.321953,-1.3449,0.113286,-0.340336,0.041923,-0.239218,0.298665,0.273558,1.335086,0.261942,0.433142,0.186725,0.205395,-0.53553,-0.030498,0.050859,0.022964,0.168432,0.053393,0.1247,0.084309,-0.248424,-0.074579,0.142035,-0.105157,-0.362428,0.232269,-0.344845,0.15582
0.08201599,-1.672487,0.96133995,-0.006325999,-0.024995998,0.717459,-0.696124,-0.029072,0.019924,0.322364,-1.344905,0.112948,-0.340882,0.04415,-0.238349,0.299841,0.273513,1.333971,0.262878,0.432359,0.187588,0.203903,-0.534096,-0.030976,0.050983,0.022784,0.169386,0.053439,0.125191,0.083563,-0.248169,-0.074802,0.143088,-0.104966,-0.362605,0.23131,-0.344712,0.155782
0.08191701,-1.672665,0.96129394,-0.006325999,-0.024995998,0.717459,-0.696124,-0.029844904,0.02082189,0.32240197,-1.344588,0.112786025,-0.3415549,0.04620275,-0.23740612,0.30035794,0.27380297,1.3332821,0.26209208,0.43211403,0.19233541,0.20155428,-0.5325612,-0.03129996,0.051310964,0.022874989,0.17008893,0.05362098,0.12490604,0.08298807,-0.24804002,-0.07519296,0.14399788,-0.10477402,-0.36286297,0.23072307,-0.344846,0.15569901
0.08186901,-1.672801,0.961313,-0.006284001,-0.025144,0.71737003,-0.6962109,-0.031324822,0.02130994,0.32227102,-1.344477,0.1119961,-0.34273985,0.04843773,-0.23622715,0.300238,0.27401996,1.332572,0.26176807,0.43177304,0.19878022,0.19816142,-0.532508,-0.03154097,0.051694952,0.022739017,0.17067392,0.053397026,0.124540046,0.082130104,-0.24708512,-0.07567794,0.14415598,-0.10519295,-0.3621601,0.23090397,-0.34512195,0.15665787
0.081815,-1.672931,0.9612651,-0.006154,-0.025359998,0.717395,-0.696178,-0.033772,0.02196,0.322616,-1.34432,0.111826,-0.343658,0.049692,-0.235516,0.299844,0.273526,1.331444,0.265173,0.430762,0.200334,0.196216,-0.53283,-0.031759,0.052299,0.023241,0.171328,0.053333,0.124018,0.081796,-0.246831,-0.076264,0.144561,-0.105578,-0.360798,0.231427,-0.345851,0.156872
0.081825,-1.672986,0.96125597,-0.006008,-0.025519002,0.717361,-0.696208,-0.035947,0.023127,0.322466,-1.343762,0.113316,-0.344373,0.050061,-0.235244,0.298951,0.273206,1.330579,0.267185,0.42971,0.200564,0.195146,-0.533131,-0.032158,0.053056,0.023303,0.171827,0.053111,0.123344,0.081767,-0.246501,-0.076604,0.145107,-0.10613,-0.35997,0.23159,-0.346153,0.157259
